,heart_rate_min,heart_rate_max,date_time_start_hourly,date_time_end_hourly,time_offset,test_subject,location,datetime,name,temp,uvindex,solarradiation,windspeed,humidity
0,72.0,76.0,2025-02-18 08:00:00,2025-02-18 09:00:00,UTC+0100,1,Eindhoven,2025-02-18 08:00:00,Eindhoven,-4.1,0,20.0,7.6,82.28
1,68.0,72.0,2025-02-18 09:00:00,2025-02-18 10:00:00,UTC+0100,1,Eindhoven,2025-02-18 09:00:00,Eindhoven,-2.4,1,128.0,14.2,75.66
2,88.0,88.0,2025-02-18 10:00:00,2025-02-18 11:00:00,UTC+0100,1,Eindhoven,2025-02-18 10:00:00,Eindhoven,-1.2,3,290.0,14.6,69.73
3,96.0,96.0,2025-02-18 11:00:00,2025-02-18 12:00:00,UTC+0100,1,Eindhoven,2025-02-18 11:00:00,Eindhoven,0.7,4,377.0,15.0,61.79
4,93.0,93.0,2025-02-18 12:00:00,2025-02-18 13:00:00,UTC+0100,1,Eindhoven,2025-02-18 12:00:00,Eindhoven,1.7,5,458.0,21.2,53.69
5,106.0,106.0,2025-02-18 13:00:00,2025-02-18 14:00:00,UTC+0100,1,Eindhoven,2025-02-18 13:00:00,Eindhoven,2.6,5,472.0,18.4,51.86
6,93.0,93.0,2025-02-19 07:00:00,2025-02-19 08:00:00,UTC+0100,1,Eindhoven,2025-02-19 07:00:00,Eindhoven,-1.0,0,0.0,14.7,60.72
7,80.0,80.0,2025-02-19 08:00:00,2025-02-19 09:00:00,UTC+0100,1,Eindhoven,2025-02-19 08:00:00,Eindhoven,-0.9,0,21.0,14.7,59.6
8,84.0,84.0,2025-02-19 09:00:00,2025-02-19 10:00:00,UTC+0100,1,Eindhoven,2025-02-19 09:00:00,Eindhoven,-0.3,1,95.0,15.1,57.95
9,87.0,87.0,2025-02-19 10:00:00,2025-02-19 11:00:00,UTC+0100,1,Eindhoven,2025-02-19 10:00:00,Eindhoven,0.6,2,191.0,17.9,53.77
10,99.0,99.0,2025-02-19 11:00:00,2025-02-19 12:00:00,UTC+0100,1,Eindhoven,2025-02-19 11:00:00,Eindhoven,1.6,3,285.0,18.4,50.12
11,89.0,89.0,2025-02-19 12:00:00,2025-02-19 13:00:00,UTC+0100,1,Eindhoven,2025-02-19 12:00:00,Eindhoven,2.8,3,339.0,18.2,47.14
12,93.0,93.0,2025-02-19 13:00:00,2025-02-19 14:00:00,UTC+0100,1,Eindhoven,2025-02-19 13:00:00,Eindhoven,4.2,4,386.0,15.1,44.13
13,103.0,103.0,2025-02-19 14:00:00,2025-02-19 15:00:00,UTC+0100,1,Eindhoven,2025-02-19 14:00:00,Eindhoven,4.8,4,435.0,18.1,43.27
14,111.0,111.0,2025-02-20 13:00:00,2025-02-20 14:00:00,UTC+0100,1,Eindhoven,2025-02-20 13:00:00,Eindhoven,12.1,2,179.0,18.1,72.32
15,88.0,88.0,2025-02-20 14:00:00,2025-02-20 15:00:00,UTC+0100,1,Eindhoven,2025-02-20 14:00:00,Eindhoven,12.3,1,149.0,21.0,74.05
16,84.0,84.0,2025-02-20 15:00:00,2025-02-20 16:00:00,UTC+0100,1,Eindhoven,2025-02-20 15:00:00,Eindhoven,12.2,2,155.0,17.7,76.63
17,99.0,99.0,2025-02-20 16:00:00,2025-02-20 17:00:00,UTC+0100,1,Eindhoven,2025-02-20 16:00:00,Eindhoven,12.4,0,36.0,17.7,79.27
18,92.0,92.0,2025-02-20 17:00:00,2025-02-20 18:00:00,UTC+0100,1,Eindhoven,2025-02-20 17:00:00,Eindhoven,11.8,0,22.0,17.8,83.83
19,93.0,93.0,2025-02-20 18:00:00,2025-02-20 19:00:00,UTC+0100,1,Eindhoven,2025-02-20 18:00:00,Eindhoven,10.8,0,0.0,14.2,89.41
20,98.0,98.0,2025-02-20 19:00:00,2025-02-20 20:00:00,UTC+0100,1,Eindhoven,2025-02-20 19:00:00,Eindhoven,10.8,0,0.0,14.2,89.8
21,114.0,114.0,2025-02-20 20:00:00,2025-02-20 21:00:00,UTC+0100,1,Eindhoven,2025-02-20 20:00:00,Eindhoven,10.1,0,0.0,11.2,87.39
22,93.0,93.0,2025-02-20 21:00:00,2025-02-20 22:00:00,UTC+0100,1,Eindhoven,2025-02-20 21:00:00,Eindhoven,11.1,0,0.0,5.4,81.76
23,99.0,99.0,2025-02-20 22:00:00,2025-02-20 23:00:00,UTC+0100,1,Eindhoven,2025-02-20 22:00:00,Eindhoven,11.3,0,0.0,14.4,84.01
24,150.0,150.0,2025-02-21 11:00:00,2025-02-21 12:00:00,UTC+0100,1,Eindhoven,2025-02-21 11:00:00,Eindhoven,14.2,1,123.0,17.4,72.63
25,100.0,100.0,2025-02-21 12:00:00,2025-02-21 13:00:00,UTC+0100,1,Eindhoven,2025-02-21 12:00:00,Eindhoven,16.9,4,444.0,17.9,61.78
26,93.0,93.0,2025-02-21 13:00:00,2025-02-21 14:00:00,UTC+0100,1,Eindhoven,2025-02-21 13:00:00,Eindhoven,17.9,4,412.0,18.6,54.51
27,89.0,89.0,2025-02-21 14:00:00,2025-02-21 15:00:00,UTC+0100,1,Eindhoven,2025-02-21 14:00:00,Eindhoven,18.4,3,321.0,24.6,50.44
28,77.0,83.0,2025-02-21 15:00:00,2025-02-21 16:00:00,UTC+0100,1,Eindhoven,2025-02-21 15:00:00,Eindhoven,18.3,2,221.0,24.3,51.51
29,82.0,82.0,2025-02-21 16:00:00,2025-02-21 17:00:00,UTC+0100,1,Eindhoven,2025-02-21 16:00:00,Eindhoven,17.8,1,97.0,20.8,52.85
30,79.0,79.0,2025-02-25 15:00:00,2025-02-25 16:00:00,UTC+0100,1,Eindhoven,2025-02-25 15:00:00,Eindhoven,12.5,2,175.0,4.6,69.75
31,82.0,82.0,2025-02-25 16:00:00,2025-02-25 17:00:00,UTC+0100,1,Eindhoven,2025-02-25 16:00:00,Eindhoven,12.2,1,108.0,7.4,67.8
32,91.0,91.0,2025-02-26 06:00:00,2025-02-26 07:00:00,UTC+0100,1,Eindhoven,2025-02-26 06:00:00,Eindhoven,5.3,0,0.0,7.5,97.67
33,92.0,92.0,2025-02-26 07:00:00,2025-02-26 08:00:00,UTC+0100,1,Eindhoven,2025-02-26 07:00:00,Eindhoven,4.0,0,0.0,7.2,98.55
34,75.0,75.0,2025-02-26 08:00:00,2025-02-26 09:00:00,UTC+0100,1,Eindhoven,2025-02-26 08:00:00,Eindhoven,3.6,0,17.0,7.1,99.28
35,80.0,80.0,2025-02-26 09:00:00,2025-02-26 10:00:00,UTC+0100,1,Eindhoven,2025-02-26 09:00:00,Eindhoven,4.2,2,168.0,10.3,99.2
36,87.0,87.0,2025-02-26 10:00:00,2025-02-26 11:00:00,UTC+0100,1,Eindhoven,2025-02-26 10:00:00,Eindhoven,7.3,2,238.0,14.4,91.94
37,89.0,89.0,2025-02-26 11:00:00,2025-02-26 12:00:00,UTC+0100,1,Eindhoven,2025-02-26 11:00:00,Eindhoven,8.6,4,417.0,14.4,86.16
38,90.0,90.0,2025-02-26 12:00:00,2025-02-26 13:00:00,UTC+0100,1,Eindhoven,2025-02-26 12:00:00,Eindhoven,9.6,5,499.0,17.3,77.54
39,67.0,67.0,2025-02-26 13:00:00,2025-02-26 14:00:00,UTC+0100,1,Eindhoven,2025-02-26 13:00:00,Eindhoven,11.0,1,142.0,21.2,66.89
40,79.0,79.0,2025-02-26 14:00:00,2025-02-26 15:00:00,UTC+0100,1,Eindhoven,2025-02-26 14:00:00,Eindhoven,10.5,3,317.0,17.8,61.87
41,75.0,75.0,2025-02-26 15:00:00,2025-02-26 16:00:00,UTC+0100,1,Eindhoven,2025-02-26 15:00:00,Eindhoven,11.3,2,218.0,20.5,56.87
42,99.0,99.0,2025-02-26 16:00:00,2025-02-26 17:00:00,UTC+0100,1,Eindhoven,2025-02-26 16:00:00,Eindhoven,10.0,2,155.0,21.2,59.53
43,75.0,75.0,2025-02-26 17:00:00,2025-02-26 18:00:00,UTC+0100,1,Eindhoven,2025-02-26 17:00:00,Eindhoven,9.6,0,49.0,18.2,62.26
44,79.0,79.0,2025-02-26 18:00:00,2025-02-26 19:00:00,UTC+0100,1,Eindhoven,2025-02-26 18:00:00,Eindhoven,8.6,0,0.0,17.7,64.82
45,67.0,75.0,2025-02-26 19:00:00,2025-02-26 20:00:00,UTC+0100,1,Eindhoven,2025-02-26 19:00:00,Eindhoven,8.3,0,0.0,14.4,67.73
46,76.0,76.0,2025-02-26 20:00:00,2025-02-26 21:00:00,UTC+0100,1,Eindhoven,2025-02-26 20:00:00,Eindhoven,7.9,0,0.0,17.6,73.02
47,77.0,77.0,2025-02-26 21:00:00,2025-02-26 22:00:00,UTC+0100,1,Eindhoven,2025-02-26 21:00:00,Eindhoven,6.7,0,0.0,14.8,88.85
48,74.0,74.0,2025-02-26 22:00:00,2025-02-26 23:00:00,UTC+0100,1,Eindhoven,2025-02-26 22:00:00,Eindhoven,6.6,0,0.0,20.8,91.31
49,60.0,60.0,2025-02-27 06:00:00,2025-02-27 07:00:00,UTC+0100,1,Eindhoven,2025-02-27 06:00:00,Eindhoven,4.0,0,0.0,14.3,97.73
50,56.0,56.0,2025-02-27 07:00:00,2025-02-27 08:00:00,UTC+0100,1,Eindhoven,2025-02-27 07:00:00,Eindhoven,4.5,0,0.0,17.2,97.07
51,56.0,56.0,2025-02-27 08:00:00,2025-02-27 09:00:00,UTC+0100,1,Eindhoven,2025-02-27 08:00:00,Eindhoven,4.2,0,46.0,14.3,96.04
52,59.0,59.0,2025-02-27 09:00:00,2025-02-27 10:00:00,UTC+0100,1,Eindhoven,2025-02-27 09:00:00,Eindhoven,5.1,1,104.0,17.6,93.47
53,66.0,66.0,2025-02-27 10:00:00,2025-02-27 11:00:00,UTC+0100,1,Eindhoven,2025-02-27 10:00:00,Eindhoven,6.4,3,345.0,20.7,90.55
54,79.0,79.0,2025-02-27 11:00:00,2025-02-27 12:00:00,UTC+0100,1,Eindhoven,2025-02-27 11:00:00,Eindhoven,8.0,4,427.0,20.6,82.15
55,122.0,122.0,2025-02-27 12:00:00,2025-02-27 13:00:00,UTC+0100,1,Eindhoven,2025-02-27 12:00:00,Eindhoven,7.8,2,232.0,21.1,78.64
56,122.0,122.0,2025-02-27 13:00:00,2025-02-27 14:00:00,UTC+0100,1,Eindhoven,2025-02-27 13:00:00,Eindhoven,8.1,2,172.0,21.3,72.71
57,97.0,97.0,2025-02-27 14:00:00,2025-02-27 15:00:00,UTC+0100,1,Eindhoven,2025-02-27 14:00:00,Eindhoven,8.0,3,319.0,18.3,72.48
58,87.0,87.0,2025-02-27 15:00:00,2025-02-27 16:00:00,UTC+0100,1,Eindhoven,2025-02-27 15:00:00,Eindhoven,7.5,1,114.0,17.6,78.69
59,102.0,102.0,2025-02-27 16:00:00,2025-02-27 17:00:00,UTC+0100,1,Eindhoven,2025-02-27 16:00:00,Eindhoven,7.1,1,116.0,20.4,76.88
60,91.0,91.0,2025-02-27 17:00:00,2025-02-27 18:00:00,UTC+0100,1,Eindhoven,2025-02-27 17:00:00,Eindhoven,6.9,0,40.0,17.4,74.39
61,84.0,84.0,2025-02-27 18:00:00,2025-02-27 19:00:00,UTC+0100,1,Eindhoven,2025-02-27 18:00:00,Eindhoven,6.4,0,3.0,17.1,78.06
62,99.0,99.0,2025-02-27 19:00:00,2025-02-27 20:00:00,UTC+0100,1,Eindhoven,2025-02-27 19:00:00,Eindhoven,5.2,0,0.0,20.1,90.84
63,104.0,104.0,2025-02-27 20:00:00,2025-02-27 21:00:00,UTC+0100,1,Eindhoven,2025-02-27 20:00:00,Eindhoven,5.1,0,0.0,17.2,95.98
64,93.0,93.0,2025-02-27 21:00:00,2025-02-27 22:00:00,UTC+0100,1,Eindhoven,2025-02-27 21:00:00,Eindhoven,5.1,0,0.0,8.2,98.71
65,79.0,79.0,2025-02-27 22:00:00,2025-02-27 23:00:00,UTC+0100,1,Eindhoven,2025-02-27 22:00:00,Eindhoven,5.6,0,0.0,10.6,97.75
66,81.0,81.0,2025-02-27 23:00:00,2025-02-28 00:00:00,UTC+0100,1,Eindhoven,2025-02-27 23:00:00,Eindhoven,5.5,0,0.0,11.0,97.32
67,80.0,80.0,2025-02-28 00:00:00,2025-02-28 01:00:00,UTC+0100,1,Eindhoven,2025-02-28 00:00:00,Eindhoven,4.9,0,0.0,13.7,94.56
68,103.0,103.0,2025-02-15 18:00:00,2025-02-15 19:00:00,UTC+0100,2,Eindhoven,2025-02-15 18:00:00,Eindhoven,2.2,0,0.0,7.5,64.38
69,91.0,104.0,2025-02-15 19:00:00,2025-02-15 20:00:00,UTC+0100,2,Eindhoven,2025-02-15 19:00:00,Eindhoven,2.0,0,0.0,10.2,65.12
70,64.0,64.0,2025-02-15 21:00:00,2025-02-15 22:00:00,UTC+0100,2,Eindhoven,2025-02-15 21:00:00,Eindhoven,1.5,0,0.0,7.3,67.96
71,61.0,61.0,2025-02-15 22:00:00,2025-02-15 23:00:00,UTC+0100,2,Eindhoven,2025-02-15 22:00:00,Eindhoven,1.0,0,0.0,7.5,68.74
72,64.0,64.0,2025-02-15 23:00:00,2025-02-16 00:00:00,UTC+0100,2,Eindhoven,2025-02-15 23:00:00,Eindhoven,1.0,0,0.0,7.3,68.84
73,61.0,61.0,2025-02-16 00:00:00,2025-02-16 01:00:00,UTC+0100,2,Eindhoven,2025-02-16 00:00:00,Eindhoven,1.0,0,0.0,10.6,69.86
74,60.0,60.0,2025-02-16 01:00:00,2025-02-16 02:00:00,UTC+0100,2,Eindhoven,2025-02-16 01:00:00,Eindhoven,0.5,0,0.0,14.0,75.92
75,58.0,58.0,2025-02-16 02:00:00,2025-02-16 03:00:00,UTC+0100,2,Eindhoven,2025-02-16 02:00:00,Eindhoven,0.1,0,0.0,10.6,81.39
76,58.0,58.0,2025-02-16 03:00:00,2025-02-16 04:00:00,UTC+0100,2,Eindhoven,2025-02-16 03:00:00,Eindhoven,0.0,0,0.0,7.6,82.35
77,60.0,60.0,2025-02-16 04:00:00,2025-02-16 05:00:00,UTC+0100,2,Eindhoven,2025-02-16 04:00:00,Eindhoven,-0.1,0,0.0,11.2,82.45
78,59.0,59.0,2025-02-16 05:00:00,2025-02-16 06:00:00,UTC+0100,2,Eindhoven,2025-02-16 05:00:00,Eindhoven,-0.6,0,0.0,13.3,83.64
79,61.0,61.0,2025-02-16 06:00:00,2025-02-16 07:00:00,UTC+0100,2,Eindhoven,2025-02-16 06:00:00,Eindhoven,-0.5,0,0.0,10.6,81.43
80,68.0,68.0,2025-02-16 07:00:00,2025-02-16 08:00:00,UTC+0100,2,Eindhoven,2025-02-16 07:00:00,Eindhoven,-1.1,0,0.0,10.8,80.56
81,75.0,75.0,2025-02-16 08:00:00,2025-02-16 09:00:00,UTC+0100,2,Eindhoven,2025-02-16 08:00:00,Eindhoven,-0.9,0,10.0,14.1,80.05
82,72.0,72.0,2025-02-16 09:00:00,2025-02-16 10:00:00,UTC+0100,2,Eindhoven,2025-02-16 09:00:00,Eindhoven,-1.1,0,35.0,21.6,81.88
83,70.0,70.0,2025-02-16 10:00:00,2025-02-16 11:00:00,UTC+0100,2,Eindhoven,2025-02-16 10:00:00,Eindhoven,0.2,2,194.0,17.9,76.61
84,70.0,70.0,2025-02-16 11:00:00,2025-02-16 12:00:00,UTC+0100,2,Eindhoven,2025-02-16 11:00:00,Eindhoven,1.6,3,253.0,21.4,65.82
85,68.0,68.0,2025-02-16 12:00:00,2025-02-16 13:00:00,UTC+0100,2,Eindhoven,2025-02-16 12:00:00,Eindhoven,2.2,4,373.0,21.7,59.78
86,74.0,74.0,2025-02-16 13:00:00,2025-02-16 14:00:00,UTC+0100,2,Eindhoven,2025-02-16 13:00:00,Eindhoven,3.2,3,309.0,18.7,55.03
87,83.0,83.0,2025-02-16 14:00:00,2025-02-16 15:00:00,UTC+0100,2,Eindhoven,2025-02-16 14:00:00,Eindhoven,4.0,4,404.0,22.1,49.95
88,66.0,66.0,2025-02-16 15:00:00,2025-02-16 16:00:00,UTC+0100,2,Eindhoven,2025-02-16 15:00:00,Eindhoven,4.1,3,330.0,19.2,49.36
89,56.0,65.0,2025-02-16 16:00:00,2025-02-16 17:00:00,UTC+0100,2,Eindhoven,2025-02-16 16:00:00,Eindhoven,4.1,2,230.0,21.5,53.97
90,71.0,71.0,2025-02-16 17:00:00,2025-02-16 18:00:00,UTC+0100,2,Eindhoven,2025-02-16 17:00:00,Eindhoven,3.3,1,50.0,23.6,57.33
91,68.0,68.0,2025-02-16 18:00:00,2025-02-16 19:00:00,UTC+0100,2,Eindhoven,2025-02-16 18:00:00,Eindhoven,2.4,0,0.0,17.2,62.0
92,63.0,63.0,2025-02-16 19:00:00,2025-02-16 20:00:00,UTC+0100,2,Eindhoven,2025-02-16 19:00:00,Eindhoven,1.3,0,0.0,17.1,70.42
93,61.0,61.0,2025-02-16 20:00:00,2025-02-16 21:00:00,UTC+0100,2,Eindhoven,2025-02-16 20:00:00,Eindhoven,0.6,0,0.0,17.1,74.24
94,56.0,56.0,2025-02-16 21:00:00,2025-02-16 22:00:00,UTC+0100,2,Eindhoven,2025-02-16 21:00:00,Eindhoven,0.0,0,0.0,17.2,77.35
95,54.0,54.0,2025-02-16 22:00:00,2025-02-16 23:00:00,UTC+0100,2,Eindhoven,2025-02-16 22:00:00,Eindhoven,-0.6,0,0.0,13.8,79.32
96,56.0,56.0,2025-02-16 23:00:00,2025-02-17 00:00:00,UTC+0100,2,Eindhoven,2025-02-16 23:00:00,Eindhoven,-1.0,0,0.0,13.7,78.66
97,58.0,58.0,2025-02-17 00:00:00,2025-02-17 01:00:00,UTC+0100,2,Eindhoven,2025-02-17 00:00:00,Eindhoven,-1.8,0,0.0,10.8,80.36
98,57.0,57.0,2025-02-17 01:00:00,2025-02-17 02:00:00,UTC+0100,2,Eindhoven,2025-02-17 01:00:00,Eindhoven,-2.3,0,0.0,7.7,82.37
99,56.0,56.0,2025-02-17 02:00:00,2025-02-17 03:00:00,UTC+0100,2,Eindhoven,2025-02-17 02:00:00,Eindhoven,-2.8,0,0.0,10.3,84.02
100,56.0,56.0,2025-02-17 03:00:00,2025-02-17 04:00:00,UTC+0100,2,Eindhoven,2025-02-17 03:00:00,Eindhoven,-3.1,0,0.0,10.4,85.66
101,55.0,55.0,2025-02-17 04:00:00,2025-02-17 05:00:00,UTC+0100,2,Eindhoven,2025-02-17 04:00:00,Eindhoven,-3.7,0,0.0,10.2,87.31
102,67.0,67.0,2025-02-17 05:00:00,2025-02-17 06:00:00,UTC+0100,2,Eindhoven,2025-02-17 05:00:00,Eindhoven,-4.0,0,0.0,7.3,87.96
103,78.0,78.0,2025-02-17 06:00:00,2025-02-17 07:00:00,UTC+0100,2,Eindhoven,2025-02-17 06:00:00,Eindhoven,-4.4,0,0.0,7.1,89.73
104,75.0,75.0,2025-02-17 07:00:00,2025-02-17 08:00:00,UTC+0100,2,Eindhoven,2025-02-17 07:00:00,Eindhoven,-4.5,0,0.0,7.1,91.09
105,76.0,76.0,2025-02-17 08:00:00,2025-02-17 09:00:00,UTC+0100,2,Eindhoven,2025-02-17 08:00:00,Eindhoven,-4.4,0,16.0,10.1,91.63
106,68.0,68.0,2025-02-17 09:00:00,2025-02-17 10:00:00,UTC+0100,2,Eindhoven,2025-02-17 09:00:00,Eindhoven,-2.9,1,149.0,7.1,86.66
107,72.0,72.0,2025-02-17 10:00:00,2025-02-17 11:00:00,UTC+0100,2,Eindhoven,2025-02-17 10:00:00,Eindhoven,-1.0,3,281.0,7.6,77.73
108,81.0,81.0,2025-02-17 11:00:00,2025-02-17 12:00:00,UTC+0100,2,Eindhoven,2025-02-17 11:00:00,Eindhoven,0.4,4,383.0,7.7,70.84
109,73.0,73.0,2025-02-17 12:00:00,2025-02-17 13:00:00,UTC+0100,2,Eindhoven,2025-02-17 12:00:00,Eindhoven,2.1,4,449.0,7.9,65.06
110,69.0,69.0,2025-02-17 13:00:00,2025-02-17 14:00:00,UTC+0100,2,Eindhoven,2025-02-17 13:00:00,Eindhoven,3.0,5,472.0,8.1,57.29
111,71.0,71.0,2025-02-17 14:00:00,2025-02-17 15:00:00,UTC+0100,2,Eindhoven,2025-02-17 14:00:00,Eindhoven,3.5,4,442.0,14.4,51.47
112,74.0,74.0,2025-02-17 15:00:00,2025-02-17 16:00:00,UTC+0100,2,Eindhoven,2025-02-17 15:00:00,Eindhoven,3.8,4,356.0,14.4,50.41
113,76.0,76.0,2025-02-17 16:00:00,2025-02-17 17:00:00,UTC+0100,2,Eindhoven,2025-02-17 16:00:00,Eindhoven,3.6,2,239.0,14.4,48.41
114,78.0,78.0,2025-02-17 17:00:00,2025-02-17 18:00:00,UTC+0100,2,Eindhoven,2025-02-17 17:00:00,Eindhoven,2.7,1,55.0,14.2,51.09
115,83.0,83.0,2025-02-17 18:00:00,2025-02-17 19:00:00,UTC+0100,2,Eindhoven,2025-02-17 18:00:00,Eindhoven,1.2,0,0.0,10.2,58.24
116,75.0,75.0,2025-02-17 19:00:00,2025-02-17 20:00:00,UTC+0100,2,Eindhoven,2025-02-17 19:00:00,Eindhoven,-1.2,0,0.0,7.6,67.33
117,79.0,79.0,2025-02-17 20:00:00,2025-02-17 21:00:00,UTC+0100,2,Eindhoven,2025-02-17 20:00:00,Eindhoven,-0.4,0,0.0,13.4,63.62
118,64.0,64.0,2025-02-17 21:00:00,2025-02-17 22:00:00,UTC+0100,2,Eindhoven,2025-02-17 21:00:00,Eindhoven,-1.1,0,0.0,10.3,66.59
119,66.0,66.0,2025-02-17 22:00:00,2025-02-17 23:00:00,UTC+0100,2,Eindhoven,2025-02-17 22:00:00,Eindhoven,-1.8,0,0.0,10.2,69.81
120,63.0,63.0,2025-02-17 23:00:00,2025-02-18 00:00:00,UTC+0100,2,Eindhoven,2025-02-17 23:00:00,Eindhoven,-3.1,0,0.0,7.4,74.34
121,59.0,59.0,2025-02-18 00:00:00,2025-02-18 01:00:00,UTC+0100,2,Eindhoven,2025-02-18 00:00:00,Eindhoven,-3.4,0,0.0,10.2,77.28
122,59.0,59.0,2025-02-18 01:00:00,2025-02-18 02:00:00,UTC+0100,2,Eindhoven,2025-02-18 01:00:00,Eindhoven,-3.8,0,0.0,7.8,78.72
123,56.0,56.0,2025-02-18 02:00:00,2025-02-18 03:00:00,UTC+0100,2,Eindhoven,2025-02-18 02:00:00,Eindhoven,-3.9,0,0.0,7.2,80.43
124,56.0,56.0,2025-02-18 03:00:00,2025-02-18 04:00:00,UTC+0100,2,Eindhoven,2025-02-18 03:00:00,Eindhoven,-4.0,0,0.0,7.3,81.17
125,56.0,56.0,2025-02-18 04:00:00,2025-02-18 05:00:00,UTC+0100,2,Eindhoven,2025-02-18 04:00:00,Eindhoven,-3.9,0,0.0,10.3,80.77
126,58.0,58.0,2025-02-18 05:00:00,2025-02-18 06:00:00,UTC+0100,2,Eindhoven,2025-02-18 05:00:00,Eindhoven,-3.6,0,0.0,10.6,80.34
127,60.0,60.0,2025-02-18 06:00:00,2025-02-18 07:00:00,UTC+0100,2,Eindhoven,2025-02-18 06:00:00,Eindhoven,-4.0,0,0.0,7.1,82.31
128,89.0,89.0,2025-02-18 07:00:00,2025-02-18 08:00:00,UTC+0100,2,Eindhoven,2025-02-18 07:00:00,Eindhoven,-4.1,0,0.0,10.5,82.24
129,79.0,79.0,2025-02-18 08:00:00,2025-02-18 09:00:00,UTC+0100,2,Eindhoven,2025-02-18 08:00:00,Eindhoven,-4.1,0,20.0,7.6,82.28
130,72.0,72.0,2025-02-18 09:00:00,2025-02-18 10:00:00,UTC+0100,2,Eindhoven,2025-02-18 09:00:00,Eindhoven,-2.4,1,128.0,14.2,75.66
131,72.0,72.0,2025-02-18 10:00:00,2025-02-18 11:00:00,UTC+0100,2,Eindhoven,2025-02-18 10:00:00,Eindhoven,-1.2,3,290.0,14.6,69.73
132,71.0,71.0,2025-02-18 11:00:00,2025-02-18 12:00:00,UTC+0100,2,Eindhoven,2025-02-18 11:00:00,Eindhoven,0.7,4,377.0,15.0,61.79
133,78.0,78.0,2025-02-18 12:00:00,2025-02-18 13:00:00,UTC+0100,2,Eindhoven,2025-02-18 12:00:00,Eindhoven,1.7,5,458.0,21.2,53.69
134,77.0,77.0,2025-02-18 13:00:00,2025-02-18 14:00:00,UTC+0100,2,Eindhoven,2025-02-18 13:00:00,Eindhoven,2.6,5,472.0,18.4,51.86
135,88.0,88.0,2025-02-18 14:00:00,2025-02-18 15:00:00,UTC+0100,2,Eindhoven,2025-02-18 14:00:00,Eindhoven,2.8,4,439.0,18.4,48.64
136,68.0,68.0,2025-02-18 16:00:00,2025-02-18 17:00:00,UTC+0100,2,Eindhoven,2025-02-18 16:00:00,Eindhoven,3.2,3,259.0,18.3,44.88
137,72.0,72.0,2025-02-18 17:00:00,2025-02-18 18:00:00,UTC+0100,2,Eindhoven,2025-02-18 17:00:00,Eindhoven,3.0,1,84.0,18.1,44.76
138,69.0,69.0,2025-02-18 18:00:00,2025-02-18 19:00:00,UTC+0100,2,Eindhoven,2025-02-18 18:00:00,Eindhoven,2.3,0,0.0,14.5,49.33
139,64.0,64.0,2025-02-18 19:00:00,2025-02-18 20:00:00,UTC+0100,2,Eindhoven,2025-02-18 19:00:00,Eindhoven,1.2,0,0.0,14.6,55.9
140,65.0,65.0,2025-02-18 20:00:00,2025-02-18 21:00:00,UTC+0100,2,Eindhoven,2025-02-18 20:00:00,Eindhoven,0.6,0,0.0,12.0,57.68
141,65.0,65.0,2025-02-18 21:00:00,2025-02-18 22:00:00,UTC+0100,2,Eindhoven,2025-02-18 21:00:00,Eindhoven,0.5,0,0.0,11.8,58.14
142,60.0,62.0,2025-02-18 22:00:00,2025-02-18 23:00:00,UTC+0100,2,Eindhoven,2025-02-18 22:00:00,Eindhoven,0.2,0,0.0,11.5,60.11
143,57.0,57.0,2025-02-18 23:00:00,2025-02-19 00:00:00,UTC+0100,2,Eindhoven,2025-02-18 23:00:00,Eindhoven,0.0,0,0.0,11.7,62.08
144,58.0,58.0,2025-02-19 00:00:00,2025-02-19 01:00:00,UTC+0100,2,Eindhoven,2025-02-19 00:00:00,Eindhoven,0.0,0,0.0,17.3,62.43
145,58.0,58.0,2025-02-19 01:00:00,2025-02-19 02:00:00,UTC+0100,2,Eindhoven,2025-02-19 01:00:00,Eindhoven,-0.2,0,0.0,14.6,63.29
146,57.0,57.0,2025-02-19 02:00:00,2025-02-19 03:00:00,UTC+0100,2,Eindhoven,2025-02-19 02:00:00,Eindhoven,0.0,0,0.0,15.0,61.57
147,56.0,56.0,2025-02-19 03:00:00,2025-02-19 04:00:00,UTC+0100,2,Eindhoven,2025-02-19 03:00:00,Eindhoven,0.0,0,0.0,14.7,59.03
148,57.0,57.0,2025-02-19 04:00:00,2025-02-19 05:00:00,UTC+0100,2,Eindhoven,2025-02-19 04:00:00,Eindhoven,-0.5,0,0.0,14.7,60.09
149,57.0,57.0,2025-02-19 05:00:00,2025-02-19 06:00:00,UTC+0100,2,Eindhoven,2025-02-19 05:00:00,Eindhoven,-0.6,0,0.0,14.7,59.06
150,60.0,60.0,2025-02-19 06:00:00,2025-02-19 07:00:00,UTC+0100,2,Eindhoven,2025-02-19 06:00:00,Eindhoven,-0.9,0,0.0,14.5,60.73
151,62.0,62.0,2025-02-19 07:00:00,2025-02-19 08:00:00,UTC+0100,2,Eindhoven,2025-02-19 07:00:00,Eindhoven,-1.0,0,0.0,14.7,60.72
152,67.0,67.0,2025-02-19 08:00:00,2025-02-19 09:00:00,UTC+0100,2,Eindhoven,2025-02-19 08:00:00,Eindhoven,-0.9,0,21.0,14.7,59.6
153,73.0,73.0,2025-02-19 09:00:00,2025-02-19 10:00:00,UTC+0100,2,Eindhoven,2025-02-19 09:00:00,Eindhoven,-0.3,1,95.0,15.1,57.95
154,68.0,76.0,2025-02-19 10:00:00,2025-02-19 11:00:00,UTC+0100,2,Eindhoven,2025-02-19 10:00:00,Eindhoven,0.6,2,191.0,17.9,53.77
155,74.0,74.0,2025-02-19 11:00:00,2025-02-19 12:00:00,UTC+0100,2,Eindhoven,2025-02-19 11:00:00,Eindhoven,1.6,3,285.0,18.4,50.12
156,89.0,89.0,2025-02-19 12:00:00,2025-02-19 13:00:00,UTC+0100,2,Eindhoven,2025-02-19 12:00:00,Eindhoven,2.8,3,339.0,18.2,47.14
157,90.0,90.0,2025-02-19 13:00:00,2025-02-19 14:00:00,UTC+0100,2,Eindhoven,2025-02-19 13:00:00,Eindhoven,4.2,4,386.0,15.1,44.13
158,90.0,90.0,2025-02-19 14:00:00,2025-02-19 15:00:00,UTC+0100,2,Eindhoven,2025-02-19 14:00:00,Eindhoven,4.8,4,435.0,18.1,43.27
159,79.0,79.0,2025-02-19 15:00:00,2025-02-19 16:00:00,UTC+0100,2,Eindhoven,2025-02-19 15:00:00,Eindhoven,5.3,3,340.0,17.2,42.36
160,86.0,86.0,2025-02-19 16:00:00,2025-02-19 17:00:00,UTC+0100,2,Eindhoven,2025-02-19 16:00:00,Eindhoven,5.5,1,108.0,14.4,43.32
161,91.0,91.0,2025-02-19 17:00:00,2025-02-19 18:00:00,UTC+0100,2,Eindhoven,2025-02-19 17:00:00,Eindhoven,4.5,0,35.0,11.0,47.58
162,82.0,82.0,2025-02-19 18:00:00,2025-02-19 19:00:00,UTC+0100,2,Eindhoven,2025-02-19 18:00:00,Eindhoven,3.8,0,0.0,7.8,51.07
163,83.0,83.0,2025-02-19 19:00:00,2025-02-19 20:00:00,UTC+0100,2,Eindhoven,2025-02-19 19:00:00,Eindhoven,3.6,0,0.0,10.7,53.08
164,79.0,79.0,2025-02-19 20:00:00,2025-02-19 21:00:00,UTC+0100,2,Eindhoven,2025-02-19 20:00:00,Eindhoven,3.4,0,0.0,13.4,56.1
165,72.0,72.0,2025-02-19 21:00:00,2025-02-19 22:00:00,UTC+0100,2,Eindhoven,2025-02-19 21:00:00,Eindhoven,3.0,0,0.0,10.7,60.97
166,71.0,71.0,2025-02-19 22:00:00,2025-02-19 23:00:00,UTC+0100,2,Eindhoven,2025-02-19 22:00:00,Eindhoven,2.7,0,0.0,10.6,65.5
167,65.0,66.0,2025-02-19 23:00:00,2025-02-20 00:00:00,UTC+0100,2,Eindhoven,2025-02-19 23:00:00,Eindhoven,2.1,0,0.0,10.4,70.09
168,64.0,64.0,2025-02-20 00:00:00,2025-02-20 01:00:00,UTC+0100,2,Eindhoven,2025-02-20 00:00:00,Eindhoven,1.6,0,0.0,10.2,73.47
169,65.0,65.0,2025-02-20 01:00:00,2025-02-20 02:00:00,UTC+0100,2,Eindhoven,2025-02-20 01:00:00,Eindhoven,1.4,0,0.0,10.0,76.18
170,62.0,62.0,2025-02-20 02:00:00,2025-02-20 03:00:00,UTC+0100,2,Eindhoven,2025-02-20 02:00:00,Eindhoven,1.8,0,0.0,9.7,75.32
171,61.0,61.0,2025-02-20 03:00:00,2025-02-20 04:00:00,UTC+0100,2,Eindhoven,2025-02-20 03:00:00,Eindhoven,1.5,0,0.0,6.8,78.5
172,62.0,62.0,2025-02-20 04:00:00,2025-02-20 05:00:00,UTC+0100,2,Eindhoven,2025-02-20 04:00:00,Eindhoven,2.2,0,0.0,10.1,79.12
173,61.0,61.0,2025-02-20 05:00:00,2025-02-20 06:00:00,UTC+0100,2,Eindhoven,2025-02-20 05:00:00,Eindhoven,2.3,0,0.0,9.7,80.88
174,83.0,83.0,2025-02-20 06:00:00,2025-02-20 07:00:00,UTC+0100,2,Eindhoven,2025-02-20 06:00:00,Eindhoven,3.1,0,0.0,12.8,80.9
175,111.0,111.0,2025-02-20 07:00:00,2025-02-20 08:00:00,UTC+0100,2,Eindhoven,2025-02-20 07:00:00,Eindhoven,3.9,0,0.0,12.9,82.4
176,99.0,99.0,2025-02-20 08:00:00,2025-02-20 09:00:00,UTC+0100,2,Eindhoven,2025-02-20 08:00:00,Eindhoven,4.7,0,13.0,10.4,82.76
177,102.0,102.0,2025-02-20 09:00:00,2025-02-20 10:00:00,UTC+0100,2,Eindhoven,2025-02-20 09:00:00,Eindhoven,6.6,1,86.0,11.3,82.44
178,89.0,89.0,2025-02-20 10:00:00,2025-02-20 11:00:00,UTC+0100,2,Eindhoven,2025-02-20 10:00:00,Eindhoven,8.1,1,134.0,13.8,83.56
179,96.0,96.0,2025-02-20 11:00:00,2025-02-20 12:00:00,UTC+0100,2,Eindhoven,2025-02-20 11:00:00,Eindhoven,10.4,3,329.0,14.6,80.05
180,90.0,90.0,2025-02-20 12:00:00,2025-02-20 13:00:00,UTC+0100,2,Eindhoven,2025-02-20 12:00:00,Eindhoven,11.3,2,222.0,17.3,76.13
181,76.0,76.0,2025-02-20 13:00:00,2025-02-20 14:00:00,UTC+0100,2,Eindhoven,2025-02-20 13:00:00,Eindhoven,12.1,2,179.0,18.1,72.32
182,76.0,76.0,2025-02-20 14:00:00,2025-02-20 15:00:00,UTC+0100,2,Eindhoven,2025-02-20 14:00:00,Eindhoven,12.3,1,149.0,21.0,74.05
183,90.0,90.0,2025-02-20 15:00:00,2025-02-20 16:00:00,UTC+0100,2,Eindhoven,2025-02-20 15:00:00,Eindhoven,12.2,2,155.0,17.7,76.63
184,88.0,88.0,2025-02-20 16:00:00,2025-02-20 17:00:00,UTC+0100,2,Eindhoven,2025-02-20 16:00:00,Eindhoven,12.4,0,36.0,17.7,79.27
185,85.0,85.0,2025-02-20 17:00:00,2025-02-20 18:00:00,UTC+0100,2,Eindhoven,2025-02-20 17:00:00,Eindhoven,11.8,0,22.0,17.8,83.83
186,73.0,73.0,2025-02-20 19:00:00,2025-02-20 20:00:00,UTC+0100,2,Eindhoven,2025-02-20 19:00:00,Eindhoven,10.8,0,0.0,14.2,89.8
187,67.0,67.0,2025-02-20 20:00:00,2025-02-20 21:00:00,UTC+0100,2,Eindhoven,2025-02-20 20:00:00,Eindhoven,10.1,0,0.0,11.2,87.39
188,70.0,70.0,2025-02-20 21:00:00,2025-02-20 22:00:00,UTC+0100,2,Eindhoven,2025-02-20 21:00:00,Eindhoven,11.1,0,0.0,5.4,81.76
189,65.0,65.0,2025-02-20 22:00:00,2025-02-20 23:00:00,UTC+0100,2,Eindhoven,2025-02-20 22:00:00,Eindhoven,11.3,0,0.0,14.4,84.01
190,59.0,59.0,2025-02-20 23:00:00,2025-02-21 00:00:00,UTC+0100,2,Eindhoven,2025-02-20 23:00:00,Eindhoven,10.8,0,0.0,14.0,86.17
191,61.0,61.0,2025-02-21 00:00:00,2025-02-21 01:00:00,UTC+0100,2,Eindhoven,2025-02-21 00:00:00,Eindhoven,11.1,0,0.0,13.7,84.87
192,62.0,62.0,2025-02-21 01:00:00,2025-02-21 02:00:00,UTC+0100,2,Eindhoven,2025-02-21 01:00:00,Eindhoven,10.8,0,0.0,11.1,87.66
193,62.0,62.0,2025-02-21 02:00:00,2025-02-21 03:00:00,UTC+0100,2,Eindhoven,2025-02-21 02:00:00,Eindhoven,10.8,0,0.0,14.1,88.84
194,60.0,60.0,2025-02-21 03:00:00,2025-02-21 04:00:00,UTC+0100,2,Eindhoven,2025-02-21 03:00:00,Eindhoven,10.6,0,0.0,11.2,89.17
195,58.0,58.0,2025-02-21 04:00:00,2025-02-21 05:00:00,UTC+0100,2,Eindhoven,2025-02-21 04:00:00,Eindhoven,10.3,0,0.0,13.6,92.46
196,59.0,59.0,2025-02-21 05:00:00,2025-02-21 06:00:00,UTC+0100,2,Eindhoven,2025-02-21 05:00:00,Eindhoven,9.7,0,0.0,10.7,94.13
197,63.0,63.0,2025-02-21 06:00:00,2025-02-21 07:00:00,UTC+0100,2,Eindhoven,2025-02-21 06:00:00,Eindhoven,9.2,0,0.0,10.8,95.88
198,64.0,64.0,2025-02-21 07:00:00,2025-02-21 08:00:00,UTC+0100,2,Eindhoven,2025-02-21 07:00:00,Eindhoven,10.1,0,0.0,13.5,91.13
199,73.0,73.0,2025-02-21 08:00:00,2025-02-21 09:00:00,UTC+0100,2,Eindhoven,2025-02-21 08:00:00,Eindhoven,10.4,0,14.0,10.8,89.5
200,78.0,81.0,2025-02-21 09:00:00,2025-02-21 10:00:00,UTC+0100,2,Eindhoven,2025-02-21 09:00:00,Eindhoven,11.4,1,105.0,10.7,86.19
201,83.0,83.0,2025-02-21 10:00:00,2025-02-21 11:00:00,UTC+0100,2,Eindhoven,2025-02-21 10:00:00,Eindhoven,12.9,1,148.0,14.3,79.09
202,89.0,89.0,2025-02-21 11:00:00,2025-02-21 12:00:00,UTC+0100,2,Eindhoven,2025-02-21 11:00:00,Eindhoven,14.2,1,123.0,17.4,72.63
203,107.0,107.0,2025-02-21 12:00:00,2025-02-21 13:00:00,UTC+0100,2,Eindhoven,2025-02-21 12:00:00,Eindhoven,16.9,4,444.0,17.9,61.78
204,83.0,83.0,2025-02-21 13:00:00,2025-02-21 14:00:00,UTC+0100,2,Eindhoven,2025-02-21 13:00:00,Eindhoven,17.9,4,412.0,18.6,54.51
205,76.0,76.0,2025-02-21 14:00:00,2025-02-21 15:00:00,UTC+0100,2,Eindhoven,2025-02-21 14:00:00,Eindhoven,18.4,3,321.0,24.6,50.44
206,105.0,105.0,2025-02-21 15:00:00,2025-02-21 16:00:00,UTC+0100,2,Eindhoven,2025-02-21 15:00:00,Eindhoven,18.3,2,221.0,24.3,51.51
207,105.0,105.0,2025-02-21 16:00:00,2025-02-21 17:00:00,UTC+0100,2,Eindhoven,2025-02-21 16:00:00,Eindhoven,17.8,1,97.0,20.8,52.85
208,85.0,85.0,2025-02-21 17:00:00,2025-02-21 18:00:00,UTC+0100,2,Eindhoven,2025-02-21 17:00:00,Eindhoven,17.5,1,76.0,14.7,54.57
209,85.0,85.0,2025-02-21 18:00:00,2025-02-21 19:00:00,UTC+0100,2,Eindhoven,2025-02-21 18:00:00,Eindhoven,16.3,0,0.0,11.2,57.44
210,89.0,89.0,2025-02-21 19:00:00,2025-02-21 20:00:00,UTC+0100,2,Eindhoven,2025-02-21 19:00:00,Eindhoven,15.6,0,0.0,11.0,61.29
211,98.0,98.0,2025-02-21 20:00:00,2025-02-21 21:00:00,UTC+0100,2,Eindhoven,2025-02-21 20:00:00,Eindhoven,15.0,0,0.0,11.3,65.17
212,90.0,90.0,2025-02-21 21:00:00,2025-02-21 22:00:00,UTC+0100,2,Eindhoven,2025-02-21 21:00:00,Eindhoven,14.5,0,0.0,14.0,66.44
213,70.0,70.0,2025-02-21 23:00:00,2025-02-22 00:00:00,UTC+0100,2,Eindhoven,2025-02-21 23:00:00,Eindhoven,13.2,0,0.0,13.7,69.64
214,68.0,68.0,2025-02-22 00:00:00,2025-02-22 01:00:00,UTC+0100,2,Eindhoven,2025-02-22 00:00:00,Eindhoven,12.6,0,0.0,10.8,71.29
215,64.0,64.0,2025-02-22 01:00:00,2025-02-22 02:00:00,UTC+0100,2,Eindhoven,2025-02-22 01:00:00,Eindhoven,11.8,0,0.0,10.7,74.94
216,64.0,64.0,2025-02-22 02:00:00,2025-02-22 03:00:00,UTC+0100,2,Eindhoven,2025-02-22 02:00:00,Eindhoven,10.9,0,0.0,10.5,78.32
217,63.0,63.0,2025-02-22 03:00:00,2025-02-22 04:00:00,UTC+0100,2,Eindhoven,2025-02-22 03:00:00,Eindhoven,11.1,0,0.0,8.1,78.66
218,66.0,66.0,2025-02-22 04:00:00,2025-02-22 05:00:00,UTC+0100,2,Eindhoven,2025-02-22 04:00:00,Eindhoven,10.9,0,0.0,11.1,78.43
219,62.0,62.0,2025-02-22 05:00:00,2025-02-22 06:00:00,UTC+0100,2,Eindhoven,2025-02-22 05:00:00,Eindhoven,11.6,0,0.0,11.2,74.4
220,82.0,82.0,2025-02-22 06:00:00,2025-02-22 07:00:00,UTC+0100,2,Eindhoven,2025-02-22 06:00:00,Eindhoven,11.2,0,0.0,13.8,77.85
221,91.0,91.0,2025-02-22 07:00:00,2025-02-22 08:00:00,UTC+0100,2,Eindhoven,2025-02-22 07:00:00,Eindhoven,10.5,0,0.0,13.9,82.58
222,90.0,90.0,2025-02-22 08:00:00,2025-02-22 09:00:00,UTC+0100,2,Eindhoven,2025-02-22 08:00:00,Eindhoven,9.8,0,4.0,14.3,89.27
223,87.0,87.0,2025-02-22 09:00:00,2025-02-22 10:00:00,UTC+0100,2,Eindhoven,2025-02-22 09:00:00,Eindhoven,9.6,0,18.0,13.7,92.43
224,89.0,89.0,2025-02-22 10:00:00,2025-02-22 11:00:00,UTC+0100,2,Eindhoven,2025-02-22 10:00:00,Eindhoven,9.6,0,44.0,14.0,94.15
225,95.0,95.0,2025-02-22 11:00:00,2025-02-22 12:00:00,UTC+0100,2,Eindhoven,2025-02-22 11:00:00,Eindhoven,10.0,1,56.0,13.8,93.88
226,98.0,98.0,2025-02-22 12:00:00,2025-02-22 13:00:00,UTC+0100,2,Eindhoven,2025-02-22 12:00:00,Eindhoven,10.4,1,106.0,13.9,92.85
227,107.0,107.0,2025-02-22 13:00:00,2025-02-22 14:00:00,UTC+0100,2,Eindhoven,2025-02-22 13:00:00,Eindhoven,11.2,2,150.0,17.2,91.7
228,103.0,103.0,2025-02-22 14:00:00,2025-02-22 15:00:00,UTC+0100,2,Eindhoven,2025-02-22 14:00:00,Eindhoven,12.2,1,73.0,14.9,86.55
229,91.0,91.0,2025-02-22 15:00:00,2025-02-22 16:00:00,UTC+0100,2,Eindhoven,2025-02-22 15:00:00,Eindhoven,12.6,0,35.0,14.9,83.78
230,93.0,93.0,2025-02-22 16:00:00,2025-02-22 17:00:00,UTC+0100,2,Eindhoven,2025-02-22 16:00:00,Eindhoven,11.9,1,86.0,12.6,93.04
231,97.0,97.0,2025-02-22 17:00:00,2025-02-22 18:00:00,UTC+0100,2,Eindhoven,2025-02-22 17:00:00,Eindhoven,11.4,0,22.0,23.1,92.31
232,69.0,70.0,2025-02-22 21:00:00,2025-02-22 22:00:00,UTC+0100,2,Eindhoven,2025-02-22 21:00:00,Eindhoven,10.2,0,0.0,14.0,96.24
233,67.0,67.0,2025-02-22 22:00:00,2025-02-22 23:00:00,UTC+0100,2,Eindhoven,2025-02-22 22:00:00,Eindhoven,10.1,0,0.0,11.2,97.32
234,69.0,69.0,2025-02-22 23:00:00,2025-02-23 00:00:00,UTC+0100,2,Eindhoven,2025-02-22 23:00:00,Eindhoven,9.9,0,0.0,14.1,97.85
235,67.0,67.0,2025-02-23 00:00:00,2025-02-23 01:00:00,UTC+0100,2,Eindhoven,2025-02-23 00:00:00,Eindhoven,9.8,0,0.0,14.3,96.85
236,61.0,61.0,2025-02-23 01:00:00,2025-02-23 02:00:00,UTC+0100,2,Eindhoven,2025-02-23 01:00:00,Eindhoven,9.3,0,0.0,14.6,94.68
237,64.0,64.0,2025-02-23 02:00:00,2025-02-23 03:00:00,UTC+0100,2,Eindhoven,2025-02-23 02:00:00,Eindhoven,9.1,0,0.0,13.4,93.08
238,61.0,61.0,2025-02-23 03:00:00,2025-02-23 04:00:00,UTC+0100,2,Eindhoven,2025-02-23 03:00:00,Eindhoven,8.6,0,0.0,14.2,93.38
239,57.0,57.0,2025-02-23 04:00:00,2025-02-23 05:00:00,UTC+0100,2,Eindhoven,2025-02-23 04:00:00,Eindhoven,8.2,0,0.0,14.4,94.54
240,60.0,60.0,2025-02-23 05:00:00,2025-02-23 06:00:00,UTC+0100,2,Eindhoven,2025-02-23 05:00:00,Eindhoven,7.9,0,0.0,7.8,94.66
241,74.0,74.0,2025-02-23 06:00:00,2025-02-23 07:00:00,UTC+0100,2,Eindhoven,2025-02-23 06:00:00,Eindhoven,8.0,0,0.0,10.5,95.45
242,74.0,76.0,2025-02-23 07:00:00,2025-02-23 08:00:00,UTC+0100,2,Eindhoven,2025-02-23 07:00:00,Eindhoven,8.1,0,0.0,7.6,94.86
243,78.0,78.0,2025-02-23 08:00:00,2025-02-23 09:00:00,UTC+0100,2,Eindhoven,2025-02-23 08:00:00,Eindhoven,8.1,0,12.0,10.7,96.7
244,88.0,88.0,2025-02-23 09:00:00,2025-02-23 10:00:00,UTC+0100,2,Eindhoven,2025-02-23 09:00:00,Eindhoven,8.4,1,65.0,13.6,95.27
245,82.0,82.0,2025-02-23 10:00:00,2025-02-23 11:00:00,UTC+0100,2,Eindhoven,2025-02-23 10:00:00,Eindhoven,8.5,1,118.0,13.9,96.16
246,82.0,82.0,2025-02-23 11:00:00,2025-02-23 12:00:00,UTC+0100,2,Eindhoven,2025-02-23 11:00:00,Eindhoven,9.6,2,242.0,14.4,91.72
247,84.0,84.0,2025-02-23 12:00:00,2025-02-23 13:00:00,UTC+0100,2,Eindhoven,2025-02-23 12:00:00,Eindhoven,11.8,5,476.0,17.6,80.81
248,84.0,84.0,2025-02-23 13:00:00,2025-02-23 14:00:00,UTC+0100,2,Eindhoven,2025-02-23 13:00:00,Eindhoven,13.8,4,442.0,18.2,71.56
249,81.0,81.0,2025-02-23 14:00:00,2025-02-23 15:00:00,UTC+0100,2,Eindhoven,2025-02-23 14:00:00,Eindhoven,14.4,5,506.0,18.7,64.94
250,82.0,82.0,2025-02-23 15:00:00,2025-02-23 16:00:00,UTC+0100,2,Eindhoven,2025-02-23 15:00:00,Eindhoven,14.1,4,411.0,24.4,65.96
251,78.0,78.0,2025-02-23 16:00:00,2025-02-23 17:00:00,UTC+0100,2,Eindhoven,2025-02-23 16:00:00,Eindhoven,14.5,2,232.0,18.8,64.47
252,66.0,74.0,2025-03-03 09:00:00,2025-03-03 10:00:00,UTC+0100,2,Eindhoven,2025-03-03 09:00:00,Eindhoven,0.5,2,211.0,0.1,99.41
253,70.0,70.0,2025-03-03 10:00:00,2025-03-03 11:00:00,UTC+0100,2,Eindhoven,2025-03-03 10:00:00,Eindhoven,4.5,4,367.0,3.5,83.31
254,71.0,71.0,2025-03-03 11:00:00,2025-03-03 12:00:00,UTC+0100,2,Eindhoven,2025-03-03 11:00:00,Eindhoven,7.7,5,473.0,3.4,70.4
255,77.0,77.0,2025-03-03 12:00:00,2025-03-03 13:00:00,UTC+0100,2,Eindhoven,2025-03-03 12:00:00,Eindhoven,9.7,5,532.0,3.7,58.72
256,95.0,95.0,2025-03-03 13:00:00,2025-03-03 14:00:00,UTC+0100,2,Eindhoven,2025-03-03 13:00:00,Eindhoven,10.5,6,553.0,3.7,55.23
257,83.0,83.0,2025-03-03 14:00:00,2025-03-03 15:00:00,UTC+0100,2,Eindhoven,2025-03-03 14:00:00,Eindhoven,10.9,5,522.0,6.5,50.39
258,78.0,78.0,2025-03-03 15:00:00,2025-03-03 16:00:00,UTC+0100,2,Eindhoven,2025-03-03 15:00:00,Eindhoven,11.4,4,427.0,6.8,48.13
259,78.0,78.0,2025-03-04 04:00:00,2025-03-04 05:00:00,UTC+0100,2,Torremolinos,2025-03-04 04:00:00,Torremolinos,11.7,0,0.0,14.8,98.74
260,69.0,72.0,2025-03-04 05:00:00,2025-03-04 06:00:00,UTC+0100,2,Torremolinos,2025-03-04 05:00:00,Torremolinos,11.5,0,0.0,13.8,98.74
261,86.0,86.0,2025-03-04 06:00:00,2025-03-04 07:00:00,UTC+0100,2,Torremolinos,2025-03-04 06:00:00,Torremolinos,10.6,0,0.0,11.2,100.0
262,77.0,77.0,2025-03-04 07:00:00,2025-03-04 08:00:00,UTC+0100,2,Torremolinos,2025-03-04 07:00:00,Torremolinos,11.5,0,0.0,13.8,98.43
263,73.0,73.0,2025-03-04 08:00:00,2025-03-04 09:00:00,UTC+0100,2,Torremolinos,2025-03-04 08:00:00,Torremolinos,11.5,0,6.0,10.2,95.08
264,74.0,74.0,2025-03-04 09:00:00,2025-03-04 10:00:00,UTC+0100,2,Torremolinos,2025-03-04 09:00:00,Torremolinos,12.5,1,51.0,10.2,92.16
265,74.0,74.0,2025-03-04 10:00:00,2025-03-04 11:00:00,UTC+0100,2,Torremolinos,2025-03-04 10:00:00,Torremolinos,13.5,2,213.0,7.6,87.15
266,82.0,82.0,2025-03-04 11:00:00,2025-03-04 12:00:00,UTC+0100,2,Torremolinos,2025-03-04 11:00:00,Torremolinos,15.5,2,213.0,2.7,78.3
267,74.0,74.0,2025-03-04 12:00:00,2025-03-04 13:00:00,UTC+0100,2,Torremolinos,2025-03-04 12:00:00,Torremolinos,17.2,2,233.0,13.0,77.59
268,72.0,72.0,2025-03-04 13:00:00,2025-03-04 14:00:00,UTC+0100,2,Torremolinos,2025-03-04 13:00:00,Torremolinos,17.2,8,807.0,11.2,74.29
269,76.0,76.0,2025-03-04 14:00:00,2025-03-04 15:00:00,UTC+0100,2,Torremolinos,2025-03-04 14:00:00,Torremolinos,17.4,7,729.0,11.2,72.47
270,79.0,79.0,2025-03-04 17:00:00,2025-03-04 18:00:00,UTC+0100,2,Torremolinos,2025-03-04 17:00:00,Torremolinos,19.5,2,184.0,4.5,62.96
271,73.0,73.0,2025-03-04 18:00:00,2025-03-04 19:00:00,UTC+0100,2,Torremolinos,2025-03-04 18:00:00,Torremolinos,17.8,1,58.0,11.2,66.23
272,83.0,83.0,2025-03-04 19:00:00,2025-03-04 20:00:00,UTC+0100,2,Torremolinos,2025-03-04 19:00:00,Torremolinos,16.7,0,6.0,8.4,71.44
273,86.0,86.0,2025-03-05 09:00:00,2025-03-05 10:00:00,UTC+0100,2,Torremolinos,2025-03-05 09:00:00,Torremolinos,15.1,0,39.0,12.0,84.11
274,82.0,82.0,2025-03-05 10:00:00,2025-03-05 11:00:00,UTC+0100,2,Torremolinos,2025-03-05 10:00:00,Torremolinos,15.3,1,77.0,18.4,83.6
275,77.0,77.0,2025-03-05 11:00:00,2025-03-05 12:00:00,UTC+0100,2,Torremolinos,2025-03-05 11:00:00,Torremolinos,14.6,1,100.0,23.2,86.44
276,75.0,75.0,2025-03-05 12:00:00,2025-03-05 13:00:00,UTC+0100,2,Torremolinos,2025-03-05 12:00:00,Torremolinos,14.5,1,129.0,10.2,92.85
277,67.0,67.0,2025-03-05 13:00:00,2025-03-05 14:00:00,UTC+0100,2,Torremolinos,2025-03-05 13:00:00,Torremolinos,14.5,1,111.0,9.4,87.24
278,79.0,79.0,2025-03-05 14:00:00,2025-03-05 15:00:00,UTC+0100,2,Torremolinos,2025-03-05 14:00:00,Torremolinos,15.1,2,183.0,10.2,83.58
279,74.0,75.0,2025-03-05 21:00:00,2025-03-05 22:00:00,UTC+0100,2,Torremolinos,2025-03-05 21:00:00,Torremolinos,15.6,0,0.0,13.0,86.0
280,73.0,73.0,2025-03-05 22:00:00,2025-03-05 23:00:00,UTC+0100,2,Torremolinos,2025-03-05 22:00:00,Torremolinos,16.3,0,0.0,26.8,78.17
281,73.0,73.0,2025-03-05 23:00:00,2025-03-06 00:00:00,UTC+0100,2,Torremolinos,2025-03-05 23:00:00,Torremolinos,16.3,0,0.0,22.3,78.91
282,69.0,69.0,2025-03-06 00:00:00,2025-03-06 01:00:00,UTC+0100,2,Torremolinos,2025-03-06 00:00:00,Torremolinos,15.7,0,0.0,19.4,85.47
283,73.0,73.0,2025-03-06 01:00:00,2025-03-06 02:00:00,UTC+0100,2,Torremolinos,2025-03-06 01:00:00,Torremolinos,16.0,0,0.0,22.3,79.38
284,72.0,72.0,2025-03-06 02:00:00,2025-03-06 03:00:00,UTC+0100,2,Torremolinos,2025-03-06 02:00:00,Torremolinos,15.6,0,0.0,18.4,82.86
285,69.0,69.0,2025-03-06 03:00:00,2025-03-06 04:00:00,UTC+0100,2,Torremolinos,2025-03-06 03:00:00,Torremolinos,15.7,0,0.0,14.8,81.84
286,64.0,64.0,2025-03-06 04:00:00,2025-03-06 05:00:00,UTC+0100,2,Torremolinos,2025-03-06 04:00:00,Torremolinos,15.5,0,0.0,1.8,83.63
287,65.0,65.0,2025-03-06 05:00:00,2025-03-06 06:00:00,UTC+0100,2,Torremolinos,2025-03-06 05:00:00,Torremolinos,15.1,0,0.0,0.9,87.05
288,63.0,63.0,2025-03-06 06:00:00,2025-03-06 07:00:00,UTC+0100,2,Torremolinos,2025-03-06 06:00:00,Torremolinos,14.3,0,0.0,13.0,93.71
289,66.0,66.0,2025-03-06 07:00:00,2025-03-06 08:00:00,UTC+0100,2,Torremolinos,2025-03-06 07:00:00,Torremolinos,14.5,0,0.0,13.8,81.16
290,80.0,80.0,2025-03-06 08:00:00,2025-03-06 09:00:00,UTC+0100,2,Torremolinos,2025-03-06 08:00:00,Torremolinos,13.5,0,19.0,10.2,86.06
291,78.0,78.0,2025-03-06 09:00:00,2025-03-06 10:00:00,UTC+0100,2,Torremolinos,2025-03-06 09:00:00,Torremolinos,13.5,1,104.0,9.4,86.88
292,79.0,79.0,2025-03-06 10:00:00,2025-03-06 11:00:00,UTC+0100,2,Torremolinos,2025-03-06 10:00:00,Torremolinos,15.3,1,131.0,10.2,83.6
293,70.0,77.0,2025-03-06 11:00:00,2025-03-06 12:00:00,UTC+0100,2,Torremolinos,2025-03-06 11:00:00,Torremolinos,16.4,2,180.0,8.4,77.94
294,78.0,78.0,2025-03-06 12:00:00,2025-03-06 13:00:00,UTC+0100,2,Torremolinos,2025-03-06 12:00:00,Torremolinos,16.7,3,302.0,5.4,80.2
295,85.0,85.0,2025-03-06 13:00:00,2025-03-06 14:00:00,UTC+0100,2,Torremolinos,2025-03-06 13:00:00,Torremolinos,17.8,4,398.0,2.7,70.3
296,70.0,70.0,2025-03-06 14:00:00,2025-03-06 15:00:00,UTC+0100,2,Torremolinos,2025-03-06 14:00:00,Torremolinos,17.4,7,713.0,10.2,73.16
297,91.0,91.0,2025-03-06 16:00:00,2025-03-06 17:00:00,UTC+0100,2,Torremolinos,2025-03-06 16:00:00,Torremolinos,15.5,4,353.0,9.4,85.72
298,77.0,77.0,2025-03-06 17:00:00,2025-03-06 18:00:00,UTC+0100,2,Torremolinos,2025-03-06 17:00:00,Torremolinos,16.6,1,144.0,9.4,76.53
299,79.0,79.0,2025-03-06 18:00:00,2025-03-06 19:00:00,UTC+0100,2,Torremolinos,2025-03-06 18:00:00,Torremolinos,17.4,1,84.0,0.9,72.02
300,89.0,89.0,2025-03-06 19:00:00,2025-03-06 20:00:00,UTC+0100,2,Torremolinos,2025-03-06 19:00:00,Torremolinos,16.5,0,21.0,2.7,79.92
301,85.0,85.0,2025-03-07 07:00:00,2025-03-07 08:00:00,UTC+0100,2,Eindhoven,2025-03-07 07:00:00,Eindhoven,4.1,0,0.0,6.6,79.74
302,79.0,79.0,2025-03-07 08:00:00,2025-03-07 09:00:00,UTC+0100,2,Eindhoven,2025-03-07 08:00:00,Eindhoven,5.8,1,54.0,10.1,76.31
303,84.0,84.0,2025-03-07 09:00:00,2025-03-07 10:00:00,UTC+0100,2,Eindhoven,2025-03-07 09:00:00,Eindhoven,9.9,2,231.0,10.3,62.89
304,80.0,80.0,2025-03-07 10:00:00,2025-03-07 11:00:00,UTC+0100,2,Eindhoven,2025-03-07 10:00:00,Eindhoven,12.7,4,374.0,14.2,54.15
305,78.0,78.0,2025-03-07 11:00:00,2025-03-07 12:00:00,UTC+0100,2,Eindhoven,2025-03-07 11:00:00,Eindhoven,14.9,5,481.0,11.0,49.99
306,73.0,73.0,2025-03-07 12:00:00,2025-03-07 13:00:00,UTC+0100,2,Eindhoven,2025-03-07 12:00:00,Eindhoven,16.2,5,543.0,14.2,48.57
307,85.0,85.0,2025-03-07 13:00:00,2025-03-07 14:00:00,UTC+0100,2,Eindhoven,2025-03-07 13:00:00,Eindhoven,17.2,6,562.0,17.6,46.73
308,78.0,78.0,2025-03-07 14:00:00,2025-03-07 15:00:00,UTC+0100,2,Eindhoven,2025-03-07 14:00:00,Eindhoven,17.8,5,530.0,17.3,45.88
309,85.0,85.0,2025-03-07 15:00:00,2025-03-07 16:00:00,UTC+0100,2,Eindhoven,2025-03-07 15:00:00,Eindhoven,17.8,4,448.0,17.6,45.5
310,80.0,80.0,2025-03-07 16:00:00,2025-03-07 17:00:00,UTC+0100,2,Eindhoven,2025-03-07 16:00:00,Eindhoven,17.6,3,263.0,14.3,42.99
311,83.0,83.0,2025-03-07 17:00:00,2025-03-07 18:00:00,UTC+0100,2,Eindhoven,2025-03-07 17:00:00,Eindhoven,17.5,1,110.0,13.5,38.76
312,83.0,83.0,2025-03-07 18:00:00,2025-03-07 19:00:00,UTC+0100,2,Eindhoven,2025-03-07 18:00:00,Eindhoven,15.6,0,20.0,4.2,44.61
313,80.0,80.0,2025-03-07 19:00:00,2025-03-07 20:00:00,UTC+0100,2,Eindhoven,2025-03-07 19:00:00,Eindhoven,11.1,0,0.0,3.6,59.12
314,84.0,84.0,2025-03-07 20:00:00,2025-03-07 21:00:00,UTC+0100,2,Eindhoven,2025-03-07 20:00:00,Eindhoven,8.2,0,0.0,3.7,69.98
315,77.0,86.0,2025-03-07 21:00:00,2025-03-07 22:00:00,UTC+0100,2,Eindhoven,2025-03-07 21:00:00,Eindhoven,9.9,0,0.0,6.2,60.24
316,70.0,70.0,2025-03-07 22:00:00,2025-03-07 23:00:00,UTC+0100,2,Eindhoven,2025-03-07 22:00:00,Eindhoven,6.7,0,0.0,3.9,73.46
317,62.0,64.0,2025-03-07 23:00:00,2025-03-08 00:00:00,UTC+0100,2,Eindhoven,2025-03-07 23:00:00,Eindhoven,5.7,0,0.0,3.9,76.46
318,64.0,64.0,2025-03-08 00:00:00,2025-03-08 01:00:00,UTC+0100,2,Eindhoven,2025-03-08 00:00:00,Eindhoven,4.3,0,0.0,3.9,83.17
319,60.0,60.0,2025-03-08 01:00:00,2025-03-08 02:00:00,UTC+0100,2,Eindhoven,2025-03-08 01:00:00,Eindhoven,3.7,0,0.0,3.5,84.38
320,60.0,60.0,2025-03-08 02:00:00,2025-03-08 03:00:00,UTC+0100,2,Eindhoven,2025-03-08 02:00:00,Eindhoven,3.8,0,0.0,6.2,86.25
321,59.0,59.0,2025-03-08 03:00:00,2025-03-08 04:00:00,UTC+0100,2,Eindhoven,2025-03-08 03:00:00,Eindhoven,3.5,0,0.0,3.6,84.5
322,60.0,60.0,2025-03-08 04:00:00,2025-03-08 05:00:00,UTC+0100,2,Eindhoven,2025-03-08 04:00:00,Eindhoven,4.6,0,0.0,6.3,80.36
323,61.0,61.0,2025-03-08 05:00:00,2025-03-08 06:00:00,UTC+0100,2,Eindhoven,2025-03-08 05:00:00,Eindhoven,3.5,0,0.0,3.7,84.58
324,78.0,78.0,2025-03-08 06:00:00,2025-03-08 07:00:00,UTC+0100,2,Eindhoven,2025-03-08 06:00:00,Eindhoven,4.1,0,0.0,6.6,80.0
325,87.0,87.0,2025-03-22 06:00:00,2025-03-22 07:00:00,UTC+0100,2,Eindhoven,2025-03-22 06:00:00,Eindhoven,12.9,0,0.0,7.7,58.9
326,92.0,92.0,2025-03-22 07:00:00,2025-03-22 08:00:00,UTC+0100,2,Eindhoven,2025-03-22 07:00:00,Eindhoven,13.8,0,19.0,9.6,55.15
327,87.0,87.0,2025-03-22 08:00:00,2025-03-22 09:00:00,UTC+0100,2,Eindhoven,2025-03-22 08:00:00,Eindhoven,13.8,1,105.0,14.6,55.12
328,93.0,93.0,2025-03-22 09:00:00,2025-03-22 10:00:00,UTC+0100,2,Eindhoven,2025-03-22 09:00:00,Eindhoven,13.9,1,142.0,13.0,54.83
329,96.0,96.0,2025-03-22 10:00:00,2025-03-22 11:00:00,UTC+0100,2,Eindhoven,2025-03-22 10:00:00,Eindhoven,14.9,2,220.0,11.3,51.32
330,93.0,93.0,2025-03-22 11:00:00,2025-03-22 12:00:00,UTC+0100,2,Eindhoven,2025-03-22 11:00:00,Eindhoven,15.9,5,501.0,11.4,51.33
331,104.0,104.0,2025-03-22 12:00:00,2025-03-22 13:00:00,UTC+0100,2,Eindhoven,2025-03-22 12:00:00,Eindhoven,18.8,5,547.0,11.6,42.97
332,100.0,100.0,2025-03-22 13:00:00,2025-03-22 14:00:00,UTC+0100,2,Eindhoven,2025-03-22 13:00:00,Eindhoven,19.8,3,289.0,16.6,46.21
333,102.0,102.0,2025-03-22 14:00:00,2025-03-22 15:00:00,UTC+0100,2,Eindhoven,2025-03-22 14:00:00,Eindhoven,18.0,2,199.0,18.1,51.78
334,104.0,104.0,2025-03-22 15:00:00,2025-03-22 16:00:00,UTC+0100,2,Eindhoven,2025-03-22 15:00:00,Eindhoven,17.0,2,243.0,14.8,54.8
335,91.0,91.0,2025-03-22 16:00:00,2025-03-22 17:00:00,UTC+0100,2,Eindhoven,2025-03-22 16:00:00,Eindhoven,18.9,2,231.0,16.4,48.78
336,83.0,83.0,2025-03-22 17:00:00,2025-03-22 18:00:00,UTC+0100,2,Eindhoven,2025-03-22 17:00:00,Eindhoven,17.9,2,170.0,14.5,51.89
337,76.0,76.0,2025-03-22 18:00:00,2025-03-22 19:00:00,UTC+0100,2,Eindhoven,2025-03-22 18:00:00,Eindhoven,17.9,1,74.0,15.9,51.93
338,74.0,74.0,2025-03-22 19:00:00,2025-03-22 20:00:00,UTC+0100,2,Eindhoven,2025-03-22 19:00:00,Eindhoven,15.9,0,10.0,3.9,55.74
339,70.0,77.0,2025-03-22 20:00:00,2025-03-22 21:00:00,UTC+0100,2,Eindhoven,2025-03-22 20:00:00,Eindhoven,13.9,0,0.0,7.6,76.46
340,80.0,80.0,2025-03-22 21:00:00,2025-03-22 22:00:00,UTC+0100,2,Eindhoven,2025-03-22 21:00:00,Eindhoven,13.9,0,0.0,7.6,72.08
341,58.0,100.0,2025-02-12 10:00:00,2025-02-12 11:00:00,UTC+0100,3,Eindhoven,2025-02-12 10:00:00,Eindhoven,3.7,1,85.0,7.2,94.02
342,62.0,83.0,2025-02-12 11:00:00,2025-02-12 12:00:00,UTC+0100,3,Eindhoven,2025-02-12 11:00:00,Eindhoven,4.2,1,125.0,7.3,92.58
343,69.0,109.0,2025-02-12 12:00:00,2025-02-12 13:00:00,UTC+0100,3,Eindhoven,2025-02-12 12:00:00,Eindhoven,4.4,1,103.0,4.0,91.68
344,71.0,110.0,2025-02-12 13:00:00,2025-02-12 14:00:00,UTC+0100,3,Eindhoven,2025-02-12 13:00:00,Eindhoven,4.9,1,123.0,7.0,90.15
345,65.0,114.0,2025-02-12 14:00:00,2025-02-12 15:00:00,UTC+0100,3,Eindhoven,2025-02-12 14:00:00,Eindhoven,5.1,1,83.0,6.8,89.22
346,76.0,76.0,2025-02-14 19:00:00,2025-02-14 20:00:00,UTC+0100,4,Eindhoven,2025-02-14 19:00:00,Eindhoven,1.3,0,0.0,3.5,85.35
347,70.0,87.0,2025-02-19 10:00:00,2025-02-19 11:00:00,UTC+0100,4,Eindhoven,2025-02-19 10:00:00,Eindhoven,0.6,2,191.0,17.9,53.77
348,86.0,86.0,2025-02-20 22:00:00,2025-02-20 23:00:00,UTC+0100,4,Eindhoven,2025-02-20 22:00:00,Eindhoven,11.3,0,0.0,14.4,84.01
349,55.0,60.0,2025-02-25 11:00:00,2025-02-25 12:00:00,UTC+0100,4,Eindhoven,2025-02-25 11:00:00,Eindhoven,10.4,3,254.0,16.3,86.6
350,58.0,135.0,2025-02-25 12:00:00,2025-02-25 13:00:00,UTC+0100,4,Eindhoven,2025-02-25 12:00:00,Eindhoven,11.4,2,204.0,16.2,78.31
351,107.0,142.0,2025-02-25 13:00:00,2025-02-25 14:00:00,UTC+0100,4,Eindhoven,2025-02-25 13:00:00,Eindhoven,12.2,3,322.0,7.4,71.26
352,57.0,113.0,2025-02-25 14:00:00,2025-02-25 15:00:00,UTC+0100,4,Eindhoven,2025-02-25 14:00:00,Eindhoven,12.3,2,227.0,1.6,72.41
353,55.0,72.0,2025-02-25 15:00:00,2025-02-25 16:00:00,UTC+0100,4,Eindhoven,2025-02-25 15:00:00,Eindhoven,12.5,2,175.0,4.6,69.75
354,55.0,70.0,2025-02-25 16:00:00,2025-02-25 17:00:00,UTC+0100,4,Eindhoven,2025-02-25 16:00:00,Eindhoven,12.2,1,108.0,7.4,67.8
355,55.0,73.0,2025-02-25 17:00:00,2025-02-25 18:00:00,UTC+0100,4,Eindhoven,2025-02-25 17:00:00,Eindhoven,11.6,0,29.0,10.4,73.11
356,55.0,75.0,2025-02-25 18:00:00,2025-02-25 19:00:00,UTC+0100,4,Eindhoven,2025-02-25 18:00:00,Eindhoven,10.3,0,0.0,9.9,80.51
357,55.0,60.0,2025-02-25 19:00:00,2025-02-25 20:00:00,UTC+0100,4,Eindhoven,2025-02-25 19:00:00,Eindhoven,9.4,0,0.0,10.5,85.72
358,55.0,65.0,2025-02-25 20:00:00,2025-02-25 21:00:00,UTC+0100,4,Eindhoven,2025-02-25 20:00:00,Eindhoven,9.7,0,0.0,9.9,86.25
359,58.0,58.0,2025-02-25 21:00:00,2025-02-25 22:00:00,UTC+0100,4,Eindhoven,2025-02-25 21:00:00,Eindhoven,9.0,0,0.0,7.4,92.13
360,72.0,74.0,2025-02-26 10:00:00,2025-02-26 11:00:00,UTC+0100,4,Eindhoven,2025-02-26 10:00:00,Eindhoven,7.3,2,238.0,14.4,91.94
361,55.0,94.0,2025-02-26 11:00:00,2025-02-26 12:00:00,UTC+0100,4,Eindhoven,2025-02-26 11:00:00,Eindhoven,8.6,4,417.0,14.4,86.16
362,57.0,75.0,2025-02-26 12:00:00,2025-02-26 13:00:00,UTC+0100,4,Eindhoven,2025-02-26 12:00:00,Eindhoven,9.6,5,499.0,17.3,77.54
363,55.0,74.0,2025-02-26 13:00:00,2025-02-26 14:00:00,UTC+0100,4,Eindhoven,2025-02-26 13:00:00,Eindhoven,11.0,1,142.0,21.2,66.89
364,55.0,73.0,2025-02-26 14:00:00,2025-02-26 15:00:00,UTC+0100,4,Eindhoven,2025-02-26 14:00:00,Eindhoven,10.5,3,317.0,17.8,61.87
365,56.0,72.0,2025-02-26 15:00:00,2025-02-26 16:00:00,UTC+0100,4,Eindhoven,2025-02-26 15:00:00,Eindhoven,11.3,2,218.0,20.5,56.87
366,55.0,60.0,2025-02-26 16:00:00,2025-02-26 17:00:00,UTC+0100,4,Eindhoven,2025-02-26 16:00:00,Eindhoven,10.0,2,155.0,21.2,59.53
367,57.0,74.0,2025-02-26 17:00:00,2025-02-26 18:00:00,UTC+0100,4,Eindhoven,2025-02-26 17:00:00,Eindhoven,9.6,0,49.0,18.2,62.26
368,55.0,75.0,2025-02-26 18:00:00,2025-02-26 19:00:00,UTC+0100,4,Eindhoven,2025-02-26 18:00:00,Eindhoven,8.6,0,0.0,17.7,64.82
369,55.0,60.0,2025-02-26 19:00:00,2025-02-26 20:00:00,UTC+0100,4,Eindhoven,2025-02-26 19:00:00,Eindhoven,8.3,0,0.0,14.4,67.73
370,55.0,60.0,2025-02-26 20:00:00,2025-02-26 21:00:00,UTC+0100,4,Eindhoven,2025-02-26 20:00:00,Eindhoven,7.9,0,0.0,17.6,73.02
371,55.0,74.0,2025-02-26 21:00:00,2025-02-26 22:00:00,UTC+0100,4,Eindhoven,2025-02-26 21:00:00,Eindhoven,6.7,0,0.0,14.8,88.85
372,55.0,60.0,2025-02-26 22:00:00,2025-02-26 23:00:00,UTC+0100,4,Eindhoven,2025-02-26 22:00:00,Eindhoven,6.6,0,0.0,20.8,91.31
373,55.0,60.0,2025-02-26 23:00:00,2025-02-27 00:00:00,UTC+0100,4,Eindhoven,2025-02-26 23:00:00,Eindhoven,6.6,0,0.0,20.5,93.28
374,73.0,76.0,2025-02-27 10:00:00,2025-02-27 11:00:00,UTC+0100,4,Eindhoven,2025-02-27 10:00:00,Eindhoven,6.4,3,345.0,20.7,90.55
375,66.0,70.0,2025-02-27 11:00:00,2025-02-27 12:00:00,UTC+0100,4,Eindhoven,2025-02-27 11:00:00,Eindhoven,8.0,4,427.0,20.6,82.15
376,114.0,114.0,2025-02-27 17:00:00,2025-02-27 18:00:00,UTC+0100,4,Eindhoven,2025-02-27 17:00:00,Eindhoven,6.9,0,40.0,17.4,74.39
377,69.0,69.0,2025-03-14 13:00:00,2025-03-14 14:00:00,UTC+0100,4,Eindhoven,2025-03-14 13:00:00,Eindhoven,5.5,5,532.0,10.2,57.8
378,66.0,69.0,2025-03-14 14:00:00,2025-03-14 15:00:00,UTC+0100,4,Eindhoven,2025-03-14 14:00:00,Eindhoven,6.4,2,224.0,7.9,58.18
379,80.0,113.0,2025-03-15 16:00:00,2025-03-15 17:00:00,UTC+0100,4,Eindhoven,2025-03-15 16:00:00,Eindhoven,6.7,2,165.0,27.5,56.36
380,103.0,113.0,2025-03-15 17:00:00,2025-03-15 18:00:00,UTC+0100,4,Eindhoven,2025-03-15 17:00:00,Eindhoven,7.4,2,209.0,24.3,53.54
381,100.0,107.0,2025-03-15 18:00:00,2025-03-15 19:00:00,UTC+0100,4,Eindhoven,2025-03-15 18:00:00,Eindhoven,6.4,0,43.0,23.1,57.69
382,80.0,95.0,2025-03-16 16:00:00,2025-03-16 17:00:00,UTC+0100,4,Eindhoven,2025-03-16 16:00:00,Eindhoven,9.8,4,376.0,17.8,41.58
383,81.0,108.0,2025-03-16 17:00:00,2025-03-16 18:00:00,UTC+0100,4,Eindhoven,2025-03-16 17:00:00,Eindhoven,9.5,2,232.0,14.5,37.76
384,74.0,90.0,2025-03-16 18:00:00,2025-03-16 19:00:00,UTC+0100,4,Eindhoven,2025-03-16 18:00:00,Eindhoven,8.1,0,35.0,16.9,46.32
385,73.0,90.0,2025-03-17 10:00:00,2025-03-17 11:00:00,UTC+0100,4,Eindhoven,2025-03-17 10:00:00,Eindhoven,6.7,2,206.0,14.3,73.7
386,74.0,113.0,2025-03-17 11:00:00,2025-03-17 12:00:00,UTC+0100,4,Eindhoven,2025-03-17 11:00:00,Eindhoven,8.2,6,586.0,15.0,64.18
387,78.0,91.0,2025-03-17 12:00:00,2025-03-17 13:00:00,UTC+0100,4,Eindhoven,2025-03-17 12:00:00,Eindhoven,9.4,1,125.0,18.8,58.81
388,73.0,103.0,2025-03-17 13:00:00,2025-03-17 14:00:00,UTC+0100,4,Eindhoven,2025-03-17 13:00:00,Eindhoven,9.9,2,206.0,21.7,50.64
389,76.0,88.0,2025-03-17 14:00:00,2025-03-17 15:00:00,UTC+0100,4,Eindhoven,2025-03-17 14:00:00,Eindhoven,10.0,6,606.0,24.5,45.21
390,74.0,84.0,2025-03-17 15:00:00,2025-03-17 16:00:00,UTC+0100,4,Eindhoven,2025-03-17 15:00:00,Eindhoven,10.1,5,507.0,15.2,43.76
391,84.0,99.0,2025-03-17 16:00:00,2025-03-17 17:00:00,UTC+0100,4,Eindhoven,2025-03-17 16:00:00,Eindhoven,10.1,4,377.0,18.2,40.25
392,89.0,111.0,2025-03-17 17:00:00,2025-03-17 18:00:00,UTC+0100,4,Eindhoven,2025-03-17 17:00:00,Eindhoven,9.6,2,219.0,21.6,35.55
393,95.0,104.0,2025-03-17 18:00:00,2025-03-17 19:00:00,UTC+0100,4,Eindhoven,2025-03-17 18:00:00,Eindhoven,8.7,1,138.0,24.0,34.08
394,61.0,86.0,2025-03-19 15:00:00,2025-03-19 16:00:00,UTC+0100,4,Eindhoven,2025-03-19 15:00:00,Eindhoven,17.9,5,501.0,9.5,36.85
395,74.0,113.0,2025-03-19 16:00:00,2025-03-19 17:00:00,UTC+0100,4,Eindhoven,2025-03-19 16:00:00,Eindhoven,18.9,4,401.0,12.9,34.69
396,98.0,114.0,2025-03-19 17:00:00,2025-03-19 18:00:00,UTC+0100,4,Eindhoven,2025-03-19 17:00:00,Eindhoven,17.9,2,224.0,16.3,34.44
397,103.0,106.0,2025-03-19 18:00:00,2025-03-19 19:00:00,UTC+0100,4,Eindhoven,2025-03-19 18:00:00,Eindhoven,16.9,0,44.0,11.0,34.41
398,64.0,86.0,2025-02-19 11:00:00,2025-02-19 12:00:00,UTC+0100,5,Eindhoven,2025-02-19 11:00:00,Eindhoven,1.6,3,285.0,18.4,50.12
399,64.0,91.0,2025-02-19 12:00:00,2025-02-19 13:00:00,UTC+0100,5,Eindhoven,2025-02-19 12:00:00,Eindhoven,2.8,3,339.0,18.2,47.14
400,73.0,92.0,2025-02-19 13:00:00,2025-02-19 14:00:00,UTC+0100,5,Eindhoven,2025-02-19 13:00:00,Eindhoven,4.2,4,386.0,15.1,44.13
401,70.0,95.0,2025-02-19 14:00:00,2025-02-19 15:00:00,UTC+0100,5,Eindhoven,2025-02-19 14:00:00,Eindhoven,4.8,4,435.0,18.1,43.27
402,81.0,108.0,2025-02-19 15:00:00,2025-02-19 16:00:00,UTC+0100,5,Eindhoven,2025-02-19 15:00:00,Eindhoven,5.3,3,340.0,17.2,42.36
403,68.0,90.0,2025-02-19 16:00:00,2025-02-19 17:00:00,UTC+0100,5,Eindhoven,2025-02-19 16:00:00,Eindhoven,5.5,1,108.0,14.4,43.32
404,80.0,100.0,2025-02-19 17:00:00,2025-02-19 18:00:00,UTC+0100,5,Eindhoven,2025-02-19 17:00:00,Eindhoven,4.5,0,35.0,11.0,47.58
405,90.0,117.0,2025-02-19 18:00:00,2025-02-19 19:00:00,UTC+0100,5,Eindhoven,2025-02-19 18:00:00,Eindhoven,3.8,0,0.0,7.8,51.07
406,62.0,93.0,2025-02-20 09:00:00,2025-02-20 10:00:00,UTC+0100,5,Eindhoven,2025-02-20 09:00:00,Eindhoven,6.6,1,86.0,11.3,82.44
407,65.0,95.0,2025-02-20 10:00:00,2025-02-20 11:00:00,UTC+0100,5,Eindhoven,2025-02-20 10:00:00,Eindhoven,8.1,1,134.0,13.8,83.56
408,75.0,90.0,2025-02-20 11:00:00,2025-02-20 12:00:00,UTC+0100,5,Eindhoven,2025-02-20 11:00:00,Eindhoven,10.4,3,329.0,14.6,80.05
409,79.0,100.0,2025-02-20 12:00:00,2025-02-20 13:00:00,UTC+0100,5,Eindhoven,2025-02-20 12:00:00,Eindhoven,11.3,2,222.0,17.3,76.13
410,78.0,113.0,2025-02-20 13:00:00,2025-02-20 14:00:00,UTC+0100,5,Eindhoven,2025-02-20 13:00:00,Eindhoven,12.1,2,179.0,18.1,72.32
411,95.0,128.0,2025-02-20 14:00:00,2025-02-20 15:00:00,UTC+0100,5,Eindhoven,2025-02-20 14:00:00,Eindhoven,12.3,1,149.0,21.0,74.05
412,63.0,135.0,2025-02-20 15:00:00,2025-02-20 16:00:00,UTC+0100,5,Eindhoven,2025-02-20 15:00:00,Eindhoven,12.2,2,155.0,17.7,76.63
413,64.0,84.0,2025-02-20 16:00:00,2025-02-20 17:00:00,UTC+0100,5,Eindhoven,2025-02-20 16:00:00,Eindhoven,12.4,0,36.0,17.7,79.27
414,76.0,99.0,2025-02-21 09:00:00,2025-02-21 10:00:00,UTC+0100,5,Eindhoven,2025-02-21 09:00:00,Eindhoven,11.4,1,105.0,10.7,86.19
415,64.0,90.0,2025-02-21 10:00:00,2025-02-21 11:00:00,UTC+0100,5,Eindhoven,2025-02-21 10:00:00,Eindhoven,12.9,1,148.0,14.3,79.09
416,77.0,102.0,2025-02-21 11:00:00,2025-02-21 12:00:00,UTC+0100,5,Eindhoven,2025-02-21 11:00:00,Eindhoven,14.2,1,123.0,17.4,72.63
417,82.0,148.0,2025-02-21 12:00:00,2025-02-21 13:00:00,UTC+0100,5,Eindhoven,2025-02-21 12:00:00,Eindhoven,16.9,4,444.0,17.9,61.78
418,80.0,123.0,2025-02-21 13:00:00,2025-02-21 14:00:00,UTC+0100,5,Eindhoven,2025-02-21 13:00:00,Eindhoven,17.9,4,412.0,18.6,54.51
419,70.0,76.0,2025-02-21 14:00:00,2025-02-21 15:00:00,UTC+0100,5,Eindhoven,2025-02-21 14:00:00,Eindhoven,18.4,3,321.0,24.6,50.44
420,67.0,88.0,2025-02-21 15:00:00,2025-02-21 16:00:00,UTC+0100,5,Eindhoven,2025-02-21 15:00:00,Eindhoven,18.3,2,221.0,24.3,51.51
421,65.0,84.0,2025-02-21 16:00:00,2025-02-21 17:00:00,UTC+0100,5,Eindhoven,2025-02-21 16:00:00,Eindhoven,17.8,1,97.0,20.8,52.85
422,52.0,124.0,2025-02-21 17:00:00,2025-02-21 18:00:00,UTC+0100,5,Eindhoven,2025-02-21 17:00:00,Eindhoven,17.5,1,76.0,14.7,54.57
423,79.0,79.0,2025-02-21 18:00:00,2025-02-21 19:00:00,UTC+0100,5,Eindhoven,2025-02-21 18:00:00,Eindhoven,16.3,0,0.0,11.2,57.44
424,73.0,84.0,2025-02-23 10:00:00,2025-02-23 11:00:00,UTC+0100,5,Eindhoven,2025-02-23 10:00:00,Eindhoven,8.5,1,118.0,13.9,96.16
425,62.0,143.0,2025-02-23 11:00:00,2025-02-23 12:00:00,UTC+0100,5,Eindhoven,2025-02-23 11:00:00,Eindhoven,9.6,2,242.0,14.4,91.72
426,75.0,118.0,2025-02-23 12:00:00,2025-02-23 13:00:00,UTC+0100,5,Eindhoven,2025-02-23 12:00:00,Eindhoven,11.8,5,476.0,17.6,80.81
427,66.0,78.0,2025-02-23 13:00:00,2025-02-23 14:00:00,UTC+0100,5,Eindhoven,2025-02-23 13:00:00,Eindhoven,13.8,4,442.0,18.2,71.56
428,72.0,96.0,2025-02-23 14:00:00,2025-02-23 15:00:00,UTC+0100,5,Eindhoven,2025-02-23 14:00:00,Eindhoven,14.4,5,506.0,18.7,64.94
429,79.0,79.0,2025-02-23 15:00:00,2025-02-23 16:00:00,UTC+0100,5,Eindhoven,2025-02-23 15:00:00,Eindhoven,14.1,4,411.0,24.4,65.96
430,84.0,132.0,2025-02-25 07:00:00,2025-02-25 08:00:00,UTC+0100,5,Eindhoven,2025-02-25 07:00:00,Eindhoven,6.1,0,0.0,10.8,99.43
431,72.0,90.0,2025-02-25 08:00:00,2025-02-25 09:00:00,UTC+0100,5,Eindhoven,2025-02-25 08:00:00,Eindhoven,6.1,0,31.0,7.5,99.85
432,59.0,86.0,2025-02-25 09:00:00,2025-02-25 10:00:00,UTC+0100,5,Eindhoven,2025-02-25 09:00:00,Eindhoven,7.4,1,56.0,4.5,98.97
433,57.0,76.0,2025-02-25 10:00:00,2025-02-25 11:00:00,UTC+0100,5,Eindhoven,2025-02-25 10:00:00,Eindhoven,8.8,4,359.0,10.2,91.27
434,66.0,86.0,2025-02-25 11:00:00,2025-02-25 12:00:00,UTC+0100,5,Eindhoven,2025-02-25 11:00:00,Eindhoven,10.4,3,254.0,16.3,86.6
435,63.0,86.0,2025-02-25 12:00:00,2025-02-25 13:00:00,UTC+0100,5,Eindhoven,2025-02-25 12:00:00,Eindhoven,11.4,2,204.0,16.2,78.31
436,69.0,76.0,2025-02-25 13:00:00,2025-02-25 14:00:00,UTC+0100,5,Eindhoven,2025-02-25 13:00:00,Eindhoven,12.2,3,322.0,7.4,71.26
