name,datetime,tempmax,tempmin,temp,feelslikemax,feelslikemin,feelslike,dew,humidity,precip,precipprob,precipcover,preciptype,snow,snowdepth,windgust,windspeed,winddir,sealevelpressure,cloudcover,visibility,solarradiation,solarenergy,uvindex,severerisk,sunrise,sunset,moonphase,conditions,description,icon,stations
Eindhoven,2025-02-10,3.9,1,2.2,0.1,-3.6,-2.1,0.2,86.6,1.571,100,29.17,rain,0,0,39.1,21.7,63.8,1023.9,94.5,6.2,21.8,2,1,10,2025-02-10T08:00:48,2025-02-10T17:44:37,0.42,"Rain, Overcast",Cloudy skies throughout the day with rain.,rain,"06350099999,02629,06464099999,EHEH,06375099999,15000,06377099999,06479099999,D0088,01590,05064,EHVK,06370099999"
Eindhoven,2025-02-11,4.7,1.9,3.5,2.4,-2.5,0.2,2.8,95.1,7.375,100,79.17,rain,0,0,38.9,21.4,149.7,1017.4,99.2,10.9,12.3,1,1,10,2025-02-11T07:58:59,2025-02-11T17:46:27,0.46,"Rain, Overcast",Cloudy skies throughout the day with a chance of rain throughout the day.,rain,"06350099999,02629,06465099999,06464099999,EHEH,06375099999,15000,06377099999,06479099999,D0088,01590,05064,EHVK,06370099999"
Eindhoven,2025-02-12,5.1,2.3,3.5,5.1,0.4,2.4,2.7,94.5,0.305,100,8.33,rain,0,0,17.9,7.3,200.9,1018.1,98.7,6.6,27.7,2.3,1,10,2025-02-12T07:57:09,2025-02-12T17:48:16,0.5,"Rain, Overcast",Cloudy skies throughout the day with morning rain.,rain,"D0088,06350099999,06391099999,06464099999,06375099999,06377099999,06479099999,06370099999"
Eindhoven,2025-02-13,3,-1.7,0.5,2.5,-5.3,-1.7,-0.4,93.9,0.125,100,16.67,"rain,snow",0,0,28.4,19.4,2,1021.2,96.5,3.2,14.5,1.3,1,10,2025-02-13T07:55:17,2025-02-13T17:50:06,0.53,"Snow, Rain, Overcast",Cloudy skies throughout the day with a chance of rain or snow throughout the day.,rain,"D0088,06350099999,06464099999,06375099999,06377099999,06479099999,06370099999"
Eindhoven,2025-02-14,3.1,-5.4,-0.4,2.5,-5.4,-1.4,-1.9,90.4,0,0,0,,0,0,14.2,9.9,50.3,1027.5,68.5,5.6,47.4,4.1,2,10,2025-02-14T07:53:23,2025-02-14T17:51:56,0.56,Partially cloudy,Partly cloudy throughout the day.,partly-cloudy-day,"D0088,06350099999,06464099999,06375099999,06377099999,06479099999,06370099999"
Eindhoven,2025-02-15,3.1,-1.8,0.9,2.5,-1.8,-0.3,-2.4,80,0,0,0,,0,0,21.8,10.9,96,1024.3,97.8,17.3,41.7,3.5,2,10,2025-02-15T07:51:29,2025-02-15T17:53:45,0.59,Overcast,Cloudy skies throughout the day.,cloudy,"D0088,06350099999,06464099999,06375099999,06377099999,06479099999,06370099999"
Eindhoven,2025-02-16,4.1,-1.1,1,0,-5.4,-3.2,-3.8,71.1,0.003,100,4.17,"rain,snow",0,0,36,23.6,67.4,1022,53.1,27.8,91.2,7.8,4,10,2025-02-16T07:49:33,2025-02-16T17:55:34,0.63,"Snow, Rain, Partially cloudy",Partly cloudy throughout the day with early morning snow or rain.,rain,"D0088,06350099999,01590,02629,06391099999,06464099999,EHEH,06375099999,06377099999,06479099999,06380099999,06370099999"
Eindhoven,2025-02-17,3.8,-4.5,-0.9,0.8,-8.5,-4.2,-5.5,72.5,0,0,0,,0,0,31.4,14.4,68.5,1024.3,20,23.7,118.4,10.3,5,10,2025-02-17T07:47:36,2025-02-17T17:57:23,0.66,Clear,Partly cloudy throughout the day.,clear-day,"D0088,06350099999,06464099999,06375099999,06377099999,06479099999,06370099999"
Eindhoven,2025-02-18,3.2,-4.1,-0.7,-0.9,-8.4,-4.6,-6.7,65.3,0,0,0,,0,0,35.7,21.2,88.2,1025,45.7,23.1,121.9,10.5,5,10,2025-02-18T07:45:37,2025-02-18T17:59:12,0.69,Partially cloudy,Partly cloudy throughout the day.,partly-cloudy-day,"D0088,06350099999,01590,06391099999,06464099999,06375099999,06377099999,06479099999,06370099999"
Eindhoven,2025-02-19,5.5,-1,1.8,2.5,-5.5,-2,-6.3,55.5,0,0,0,,0,0,29.2,18.3,110.5,1021.8,95.4,27.8,93.1,8,4,10,2025-02-19T07:43:38,2025-02-19T18:01:00,0.72,Overcast,Cloudy skies throughout the day.,cloudy,"D0088,06350099999,06391099999,06464099999,06375099999,06377099999,06479099999,06370099999"
Eindhoven,2025-02-20,12.4,1.4,7.7,12.4,-1.7,6.3,4.6,81.2,0,0,0,rain,0,0,35,21,178.9,1020.5,95.3,14.9,55.2,4.7,3,10,2025-02-20T07:41:37,2025-02-20T18:02:49,0.75,Overcast,Cloudy skies throughout the day.,cloudy,"06350099999,02629,06465099999,06464099999,EHEH,06375099999,06377099999,06479099999,D0088,01590,06391099999,05064,06370099999"
Eindhoven,2025-02-21,18.4,9.2,13.6,18.4,7.6,13.5,8.6,73.4,0,0,0,rain,0,0,42.3,24.6,165,1017.8,98.7,32.1,81.7,7.1,4,10,2025-02-21T07:39:35,2025-02-21T18:04:37,0.79,Overcast,Cloudy skies throughout the day.,cloudy,"D0088,06350099999,06464099999,06375099999,06377099999,06479099999,06370099999"
Eindhoven,2025-02-22,12.6,9.6,10.9,12.6,7.6,10.5,8.9,87.9,2.469,100,50,rain,0,0,32.7,23.1,189.5,1015.1,99.5,22.9,24.8,2.2,2,10,2025-02-22T07:37:33,2025-02-22T18:06:25,0.82,"Rain, Overcast",Cloudy skies throughout the day with a chance of rain throughout the day.,rain,"D0088,06350099999,06464099999,06375099999,06377099999,06479099999,06370099999"
Eindhoven,2025-02-23,14.5,7.9,10.7,14.5,5.8,9.7,7.6,82.3,0.262,100,8.33,rain,0,0,35.9,24.4,198.8,1025.9,86.5,21.9,107,9.1,5,10,2025-02-23T07:35:29,2025-02-23T18:08:12,0.85,"Rain, Partially cloudy",Partly cloudy throughout the day with rain.,rain,"D0088,06350099999,06464099999,06375099999,06377099999,06479099999,06370099999"
Eindhoven,2025-02-24,13.9,8.2,11.3,13.9,5.8,11,7.7,79,1.165,100,29.17,rain,0,0,46.5,27.9,197.3,1017.1,90.4,35.9,31.5,2.5,2,10,2025-02-24T07:33:24,2025-02-24T18:10:00,0.88,"Rain, Overcast",Cloudy skies throughout the day with rain.,rain,"D0088,06350099999,06464099999,06375099999,06377099999,06479099999,06370099999"
Eindhoven,2025-02-25,12.5,5.6,8.9,12.5,3.4,7.9,7,88.8,0.598,100,16.67,rain,0,0,27.6,16.3,182.7,1013.5,79.3,18.3,73.5,6.3,4,10,2025-02-25T07:31:18,2025-02-25T18:11:47,0.92,"Rain, Partially cloudy",Partly cloudy throughout the day with rain.,rain,"D0088,06350099999,06391099999,06464099999,06375099999,06377099999,06479099999,06370099999"
Eindhoven,2025-02-26,11.3,3.6,7.5,11.3,1.6,5.5,4.7,84,7.97,100,37.5,rain,0,0,35.6,21.2,221.6,1015.4,75,18.2,92.5,8.1,5,10,2025-02-26T07:29:12,2025-02-26T18:13:33,0.95,"Rain, Partially cloudy",Partly cloudy throughout the day with rain.,rain,"D0088,06350099999,06391099999,06464099999,06375099999,06377099999,06479099999,06370099999"
Eindhoven,2025-02-27,8.1,3.8,5.9,5.1,0.6,2.8,4.3,89.4,0.82,100,41.67,rain,0,0,42.9,21.3,236.4,1015.1,84.1,22.1,79.9,6.7,4,10,2025-02-27T07:27:05,2025-02-27T18:15:20,0.98,"Rain, Partially cloudy",Partly cloudy throughout the day with a chance of rain throughout the day.,rain,"D0088,06350099999,06464099999,06375099999,06377099999,06479099999,06370099999"
Eindhoven,2025-02-28,8.9,0,5.2,6.4,0,2.9,2.8,85.5,0.778,100,29.17,rain,0,0,34.2,20.1,342.8,1025.1,71.9,15.4,102.3,8.7,6,10,2025-02-28T07:24:57,2025-02-28T18:17:06,0,"Rain, Partially cloudy",Partly cloudy throughout the day with a chance of rain throughout the day.,rain,"06350099999,02629,06464099999,EHEH,06375099999,15000,06377099999,06479099999,D0088,01590,06391099999,05064,EHVK,06370099999"
Eindhoven,2025-03-01,4.8,-1.3,2.5,3.9,-2.7,0.9,1.1,90.8,0.028,100,8.33,"rain,snow",0,0,21.5,15,30.9,1033.3,78.1,15.2,39.5,3.5,2,10,2025-03-01T07:22:48,2025-03-01T18:18:52,0.05,"Snow, Rain, Partially cloudy",Partly cloudy throughout the day with rain or snow clearing later.,rain,"D0088,06350099999,06391099999,06464099999,06375099999,06377099999,06479099999,06370099999"
Eindhoven,2025-03-02,9.5,-3.7,2,8,-4.9,1.2,-0.5,85.5,0,0,0,,0,0,24,13.6,36.8,1034.7,34.8,11.2,143.7,12.5,6,10,2025-03-02T07:20:38,2025-03-02T18:20:37,0.09,Partially cloudy,Clearing in the afternoon.,partly-cloudy-day,"06350099999,02629,06465099999,06464099999,EHEH,06375099999,06377099999,06479099999,D0088,01590,06391099999,05064,06370099999"
Eindhoven,2025-03-03,11.5,-3.9,2.8,11.5,-3.9,2.7,-0.8,80.8,0,0,0,,0,0,14.1,9.5,21.6,1029.8,0.7,9.7,149.3,13,6,10,2025-03-03T07:18:28,2025-03-03T18:22:23,0.12,Clear,Clear conditions throughout the day.,clear-day,"D0088,06350099999,06391099999,06464099999,06375099999,06377099999,06479099999,06370099999"
Eindhoven,2025-03-04,13.2,-3.7,3.5,13.2,-3.7,3.5,-1.1,76.5,0,0,0,,0,0,11,6.8,50.3,1026.8,41.9,8.2,144.3,12.7,5,10,2025-03-04T07:16:17,2025-03-04T18:24:08,0.16,Partially cloudy,Partly cloudy throughout the day.,partly-cloudy-day,"D0088,06350099999,06391099999,06464099999,06375099999,06377099999,06479099999,06370099999"
Eindhoven,2025-03-05,16.7,-2.4,6.1,16.7,-3.9,5.7,0.2,71.2,0,0,0,,0,0,21.3,13.4,197.3,1023.7,1,13,154.3,13.2,6,10,2025-03-05T07:14:06,2025-03-05T18:25:52,0.19,Clear,Clear conditions throughout the day.,clear-day,"D0088,06350099999,06391099999,06464099999,06375099999,06377099999,06479099999,06370099999"
Eindhoven,2025-03-06,18.3,2.2,9,18.3,0.2,8.6,1.4,63.5,0,0,0,,0,0,28.3,21.2,182.6,1018.3,9.4,26.6,147.9,12.9,6,10,2025-03-06T07:11:54,2025-03-06T18:27:37,0.25,Clear,Clear conditions throughout the day.,clear-day,"D0088,06350099999,06391099999,06464099999,06375099999,06377099999,06479099999,06370099999"
Eindhoven,2025-03-07,17.8,3.7,10.2,17.8,1.9,9.4,2.8,62,0,0,0,,0,0,28.8,17.6,167.8,1016.5,31,37.3,150.7,12.9,6,10,2025-03-07T07:09:41,2025-03-07T18:29:21,0.26,Partially cloudy,Partly cloudy throughout the day.,partly-cloudy-day,"D0088,06350099999,06464099999,06375099999,06377099999,06479099999,06370099999"
Eindhoven,2025-03-08,19.2,3.5,10.2,19.2,2.3,10,1.4,59,0,0,0,,0,0,28.3,17.2,95.1,1012.5,15.3,24.7,155.6,13.6,6,10,2025-03-08T07:07:28,2025-03-08T18:31:05,0.3,Clear,Clear conditions throughout the day.,clear-day,"D0088,06350099999,06464099999,06375099999,06377099999,06479099999,06370099999"
Eindhoven,2025-03-09,19.2,1.9,10.2,19.2,0.4,9.9,1.9,60,0,0,0,,0,0,24.6,13.9,77.3,1005.5,40.8,15.3,154.3,13.3,6,10,2025-03-09T07:05:14,2025-03-09T18:32:49,0.33,Partially cloudy,Partly cloudy throughout the day.,partly-cloudy-day,"D0088,06350099999,06464099999,06375099999,06377099999,06479099999,06370099999"
Eindhoven,2025-03-10,17.8,1.1,8.9,17.8,-0.9,8.5,1.6,64.4,0,0,0,,0,0,21,13.5,26.1,1001.8,21.3,12.7,164.3,14.2,6,10,2025-03-10T07:03:00,2025-03-10T18:34:32,0.37,Partially cloudy,Partly cloudy throughout the day.,partly-cloudy-day,"D0088,06350099999,06391099999,06464099999,06375099999,06377099999,06479099999,06370099999"
Eindhoven,2025-03-11,7.9,0.9,4.9,6,-1.4,2.7,2.3,84.2,0,0,0,,0,0,28.1,16.3,332.5,1003.6,72.4,14.4,32.2,2.8,1,10,2025-03-11T07:00:46,2025-03-11T18:36:15,0.4,Partially cloudy,Partly cloudy throughout the day.,partly-cloudy-day,"D0088,06350099999,06464099999,06375099999,06377099999,06479099999,06370099999"
Eindhoven,2025-03-12,8,-1.7,3.6,6.4,-4.2,2,0.9,84.1,0.09,100,4.17,rain,0,0,25.1,16,260.3,1001.2,86,27.4,92.5,8.1,5,10,2025-03-12T06:58:31,2025-03-12T18:37:58,0.44,"Rain, Partially cloudy",Partly cloudy throughout the day with late afternoon rain.,rain,"06350099999,02629,06464099999,EHEH,06375099999,15000,06377099999,06479099999,D0088,01590,06391099999,05064,EHVK,06370099999"
Eindhoven,2025-03-13,7.3,-3.1,2.5,7.2,-3.1,1.5,-0.2,83.9,0.081,100,8.33,rain,0,0,25.2,13,330.4,1000.5,75.5,25.8,80.9,7,4,10,2025-03-13T06:56:16,2025-03-13T18:39:41,0.47,"Rain, Partially cloudy",Partly cloudy throughout the day with rain.,rain,"D0088,06350099999,06391099999,06464099999,06375099999,06377099999,06479099999,06370099999"
Eindhoven,2025-03-14,6.4,-3,2.5,4.8,-3.2,0.6,-1.3,77.5,0.005,100,4.17,"rain,snow",0,0,24.9,16.9,14.1,1009.2,66.5,33.5,137,11.8,7,10,2025-03-14T06:54:01,2025-03-14T18:41:23,0.5,"Snow, Rain, Partially cloudy",Becoming cloudy in the afternoon with afternoon rain or snow.,rain,"D0088,06350099999,06391099999,06464099999,06375099999,06377099999,06479099999,06370099999"
Eindhoven,2025-03-15,7.6,-2.1,2.6,3.9,-6.6,-1.4,-1.5,75.9,0,0,0,,0,0,39.4,27.5,33.1,1018.8,38.7,32.2,118.6,10.5,6,10,2025-03-15T06:51:45,2025-03-15T18:43:06,0.54,Partially cloudy,Partly cloudy throughout the day.,partly-cloudy-day,"D0088,06350099999,06464099999,06375099999,06377099999,06479099999,06370099999"
Eindhoven,2025-03-16,10,-1.7,3.9,7.6,-6.1,0.7,-1.5,71.2,0,0,0,,0,0,32.2,17.8,21.2,1022.4,11.7,28.2,186.1,16.1,7,10,2025-03-16T06:49:29,2025-03-16T18:44:48,0.57,Clear,Clear conditions throughout the day.,clear-day,"D0088,06350099999,06464099999,06375099999,06377099999,06479099999,06370099999"
Eindhoven,2025-03-17,10.1,3.6,6.6,10.1,0.8,4.3,-0.5,63.9,0,0,0,,0,0,38.7,24.5,54.4,1027.8,54.3,35.2,130.7,11.3,6,10,2025-03-17T06:47:13,2025-03-17T18:46:30,0.6,Partially cloudy,Partly cloudy throughout the day.,partly-cloudy-day,"D0088,06350099999,06391099999,06464099999,06375099999,06377099999,06479099999,06370099999"
Eindhoven,2025-03-18,11.8,0.2,5.8,11.8,-3.3,3.6,-7.4,40.5,0,0,0,,0,0,36.5,22.5,91.2,1027.6,2.9,41.4,193.5,16.7,7,10,2025-03-18T06:44:57,2025-03-18T18:48:11,0.64,Clear,Clear conditions throughout the day.,clear-day,"D0088,06350099999,06464099999,06375099999,06377099999,06479099999,06370099999"
Eindhoven,2025-03-19,18.5,0.4,8.9,18.5,0,8.2,-2.2,46.9,0,0,0,,0,0,28.2,13.8,141.9,1024,1,38.8,189.5,16.3,6,10,2025-03-19T06:42:40,2025-03-19T18:49:53,0.67,Clear,Clear conditions throughout the day.,clear-day,"D0088,06350099999,06391099999,06464099999,06375099999,06377099999,06479099999,06370099999"
Eindhoven,2025-03-20,19.2,2.2,11.1,19.2,2.2,10.7,2.4,57.9,0,0,0,,0,0,20.8,9.4,174.5,1021.5,19.7,31.2,181.8,15.8,6,10,2025-03-20T06:40:24,2025-03-20T18:51:34,0.7,Clear,Clear conditions throughout the day.,clear-day,"D0088,06350099999,06356099999,06391099999,06464099999,06375099999,06377099999,06479099999,06370099999"
Eindhoven,2025-03-21,22.3,6.7,15.2,22.3,5.5,15.1,4.1,50.3,0,0,0,,0,0,43,24.9,113.1,1013,73.5,28.3,171,14.8,6,10,2025-03-21T06:38:07,2025-03-21T18:53:16,0.74,Partially cloudy,Partly cloudy throughout the day.,partly-cloudy-day,"D0088,06350099999,06464099999,06375099999,06377099999,06479099999,06370099999"
Eindhoven,2025-03-22,18.9,12.9,15.8,18.9,12.9,15.8,6.5,55.2,0.047,100,8.33,rain,0,0,31.8,17.9,116.7,1003.7,96.3,38.9,110.3,9.6,5,10,2025-03-22T06:35:50,2025-03-22T18:54:57,0.75,"Rain, Overcast",Cloudy skies throughout the day with rain.,rain,"06350099999,02629,06464099999,EHEH,06375099999,15000,06377099999,06479099999,D0088,01590,05064,EHVK,06370099999"
Eindhoven,2025-03-23,17.8,10.9,13.6,17.8,10.9,13.6,7.9,70,1.37,100,41.67,rain,0,0,28.8,21.8,173.1,1003.4,96.8,10,116.1,10.1,6,10,2025-03-23T06:33:34,2025-03-23T18:56:38,0.8,"Rain, Overcast",Cloudy skies throughout the day with rain clearing later.,rain,"D0088,01590,02629,05064,EHEH,15000,EHVK"
Eindhoven,2025-03-24,16.9,6.9,11.6,16.9,4.8,11.2,7.3,76.2,0,0,0,rain,0,0,29.9,18.2,315.5,1013.8,95.6,9.3,108.5,9.4,5,10,2025-03-24T06:31:17,2025-03-24T18:58:19,0.84,Overcast,Cloudy skies throughout the day.,cloudy,"D0088,01590,02629,05064,EHEH,15000,EHVK"
Eindhoven,2025-03-25,14.2,4.9,8.9,14.2,2.4,7.6,4.6,76.1,0.7,12.9,12.5,rain,0,0,32,16.5,269.8,1020.3,98.8,15.1,161.8,13.9,6,10,2025-03-25T06:29:00,2025-03-25T19:00:00,0.87,Overcast,Cloudy skies throughout the day.,cloudy,"D0088,EHEH,EHVK"
Eindhoven,2025-03-26,13.6,7.2,9.6,13.6,6,9,6.1,79.8,0.6,12.9,8.33,rain,0,0,23,9,1.3,1023.3,66.4,24.1,206.7,17.9,7,10,2025-03-26T06:26:44,2025-03-26T19:01:40,0.9,Partially cloudy,Partly cloudy throughout the day.,partly-cloudy-day,
Eindhoven,2025-03-27,16.6,4.2,10,16.6,4.2,10,5.1,73.8,0,0,0,,0,0,11.5,5,169.2,1019.4,18.5,24.1,200.3,17.3,7,10,2025-03-27T06:24:27,2025-03-27T19:03:21,0.93,Clear,Clear conditions throughout the day.,clear-day,
Eindhoven,2025-03-28,10.2,5.2,8,10.2,3.6,6.9,5.5,84.1,3.3,51.6,12.5,rain,0,0,26.6,11.5,245.8,1007.7,63,21.9,43.8,3.9,2,10,2025-03-28T06:22:11,2025-03-28T19:05:02,0.97,"Rain, Partially cloudy",Partly cloudy throughout the day with a chance of rain.,rain,
Eindhoven,2025-03-29,13,4.1,7.8,13,2.7,6.8,2.6,72.1,0,32.3,0,rain,0,0,31.7,13,317.5,1013,60.1,24.1,165.8,14.3,7,10,2025-03-29T06:19:54,2025-03-29T19:06:42,0,Partially cloudy,Partly cloudy throughout the day.,partly-cloudy-day,
Eindhoven,2025-03-30,12.7,5.1,8,12.7,1.7,5.8,3.5,73.4,0.2,9.7,8.33,rain,0,0,49,21.2,239.8,1021.1,69.6,24.1,55.4,4.8,2,10,2025-03-30T07:17:38,2025-03-30T20:08:22,0.03,Partially cloudy,Partly cloudy throughout the day.,partly-cloudy-day,
Torremolinos,2025-02-10,16.2,10.3,12.9,16.2,10.3,12.9,10.6,86.6,0,0,0,rain,0,0,27.4,15.6,93.4,1022.2,68.1,10.9,125.3,10.8,5,10,2025-02-10T08:11:25,2025-02-10T18:53:37,0.42,Partially cloudy,Partly cloudy throughout the day.,partly-cloudy-day,"LEMG,08482099999,C7615"
Torremolinos,2025-02-11,16,11.5,13.7,16,11.5,13.7,10.8,83.1,0,0,0,rain,0,0,35.3,19.4,99.1,1019.7,57.6,11.2,135,11.8,7,10,2025-02-11T08:10:23,2025-02-11T18:54:40,0.46,Partially cloudy,Partly cloudy throughout the day.,partly-cloudy-day,"LEMG,08482099999,C7615"
Torremolinos,2025-02-12,18.3,10.3,14.6,18.3,10.3,14.6,7.9,67.7,0,0,0,rain,0,0,46.4,27.7,293.6,1019.4,43.5,12.7,182,15.9,7,10,2025-02-12T08:09:19,2025-02-12T18:55:43,0.5,Partially cloudy,Partly cloudy throughout the day.,partly-cloudy-day,"LEMG,08482099999,C7615"
Torremolinos,2025-02-13,18.6,10.1,14.5,18.6,10.1,14.5,6.5,59.6,0,0,0,,0,0,44.6,26.8,263.1,1020.8,32.6,14.4,179,15.4,7,10,2025-02-13T08:08:13,2025-02-13T18:56:45,0.53,Partially cloudy,Partly cloudy throughout the day.,partly-cloudy-day,"LEMG,08482099999,C7615"
Torremolinos,2025-02-14,19.4,5.8,12.1,19.4,2.8,11.2,6.7,72.1,0,0,0,,0,0,20.9,18.4,275.2,1019.3,4.1,14.3,183.1,16,7,10,2025-02-14T08:07:07,2025-02-14T18:57:48,0.56,Clear,Clear conditions throughout the day.,clear-day,"LEMG,08482099999,C7615"
Torremolinos,2025-02-15,17.5,5.4,11.3,17.5,2.4,10.2,6,72,0,0,0,,0,0,15.8,16.6,285.2,1014.7,65.9,13.1,142.6,12.4,5,10,2025-02-15T08:05:59,2025-02-15T18:58:50,0.59,Partially cloudy,Partly cloudy throughout the day.,partly-cloudy-day,"LEMG,08482099999,C7615"
Torremolinos,2025-02-16,22.6,8,14.8,22.6,5.8,14.2,7.5,64,0,0,0,,0,0,39.2,26.8,283.4,1013.9,50,13.4,186.9,16,7,10,2025-02-16T08:04:51,2025-02-16T18:59:51,0.63,Partially cloudy,Clearing in the afternoon.,partly-cloudy-day,"LEMG,08482099999,C7615"
Torremolinos,2025-02-17,19.1,11.6,15.7,19.1,11.6,15.7,9.8,69.1,0,0,0,,0,0,26.3,26.9,262.4,1015.3,25.8,12.3,185.3,15.9,7,10,2025-02-17T08:03:41,2025-02-17T19:00:53,0.66,Partially cloudy,Becoming cloudy in the afternoon.,partly-cloudy-day,"LEMG,08482099999,C7615"
Torremolinos,2025-02-18,17.1,7.8,12.8,17.1,5.5,12.3,10.3,85,0,0,0,,0,0,29.9,15.6,252.4,1013.3,60,10.9,120.3,10.4,5,10,2025-02-18T08:02:30,2025-02-18T19:01:54,0.69,Partially cloudy,Partly cloudy throughout the day.,partly-cloudy-day,"LEMG,08482099999,C7615"
Torremolinos,2025-02-19,19,9.9,14.3,19,8.2,14.2,11.4,83.8,0,0,0,,0,0,16.9,22.3,17.5,1019,52.4,11.2,149.1,12.8,7,10,2025-02-19T08:01:18,2025-02-19T19:02:54,0.72,Partially cloudy,Clearing in the afternoon.,partly-cloudy-day,"LEMG,08482099999,C7615"
Torremolinos,2025-02-20,18,9.8,13.6,18,8.7,13.6,11.3,86.1,0,0,0,,0,0,19.1,14.8,168,1026.1,33.9,10.4,128.8,11.1,7,10,2025-02-20T08:00:05,2025-02-20T19:03:55,0.75,Partially cloudy,Partly cloudy throughout the day.,partly-cloudy-day,"LEMG,08482099999,C7615"
Torremolinos,2025-02-21,16,10.9,13.7,16,10.9,13.7,11.2,85.7,0,0,0,rain,0,0,38.5,21.4,107.3,1024.6,74.4,8.2,105.5,9.2,5,10,2025-02-21T07:58:51,2025-02-21T19:04:55,0.79,Partially cloudy,Partly cloudy throughout the day.,partly-cloudy-day,"LEMG,08482099999,C7615"
Torremolinos,2025-02-22,19.3,10.7,14.4,19.3,10.7,14.4,9.9,77,5.2,100,8.33,rain,0,0,33.5,24.1,289.6,1022.3,52.5,10.4,104.3,9.1,8,10,2025-02-22T07:57:36,2025-02-22T19:05:54,0.82,"Rain, Partially cloudy",Partly cloudy throughout the day with rain in the morning and afternoon.,rain,"LEMG,08482099999,C7615"
Torremolinos,2025-02-23,19.8,10.7,14.6,19.8,10.7,14.6,7.5,63.8,0,0,0,,0,0,29.2,26.8,264.8,1027.5,9.7,14.3,207.9,17.9,8,10,2025-02-23T07:56:20,2025-02-23T19:06:54,0.85,Clear,Clear conditions throughout the day.,clear-day,"LEMG,08482099999,C7615"
Torremolinos,2025-02-24,18,6.6,12.3,18,3.5,11.5,8.1,77,0,0,0,,0,0,19.4,17.4,281.2,1030.3,52.7,13,154.3,13.5,6,10,2025-02-24T07:55:04,2025-02-24T19:07:53,0.88,Partially cloudy,Partly cloudy throughout the day.,partly-cloudy-day,"LEMG,08482099999,C7615"
Torremolinos,2025-02-25,22.4,8.8,15.2,22.4,6.4,14.9,7.2,62,0,0,0,,0,0,50,28.6,295,1025.7,63.7,12.9,165.2,14.3,8,10,2025-02-25T07:53:46,2025-02-25T19:08:52,0.92,Partially cloudy,Partly cloudy throughout the day.,partly-cloudy-day,"LEMG,08482099999,C7615"
Torremolinos,2025-02-26,17.9,11.5,14.7,17.9,11.5,14.7,9.1,69.8,0,0,0,,0,0,36.4,30.6,327.9,1025.3,39.9,14.1,184.2,16,8,10,2025-02-26T07:52:28,2025-02-26T19:09:50,0.95,Partially cloudy,Partly cloudy throughout the day.,partly-cloudy-day,"LEMG,08482099999,C7615"
Torremolinos,2025-02-27,17.5,8.7,13.1,17.5,6.7,12.6,9.3,78.3,0,0,0,,0,0,23,19.4,199.5,1020,52,12.7,187.8,16.4,8,10,2025-02-27T07:51:09,2025-02-27T19:10:48,0.98,Partially cloudy,Partly cloudy throughout the day.,partly-cloudy-day,"LEMG,08482099999,C7615"
Torremolinos,2025-02-28,15.8,10.5,13.1,15.8,10.5,13.1,11,87.7,12.3,100,33.33,rain,0,0,54,24.1,99.6,1014.1,78.8,9.7,84.6,7.3,6,10,2025-02-28T07:49:49,2025-02-28T19:11:46,0,"Rain, Partially cloudy",Partly cloudy throughout the day with rain.,rain,"LEMG,08482099999,C7615"
Torremolinos,2025-03-01,18.6,10.5,13.5,18.6,10.5,13.5,10.3,82.4,39.4,100,4.17,rain,0,0,29.9,25,310.5,1011.9,76.9,11.8,109.3,9.4,7,10,2025-03-01T07:48:28,2025-03-01T19:12:43,0.05,"Rain, Partially cloudy",Partly cloudy throughout the day with morning rain.,rain,"LEMG,08482099999,C7615"
Torremolinos,2025-03-02,15.9,11.7,13.6,15.9,11.7,13.6,11.9,89.9,20.4,100,12.5,rain,0,0,47.9,31.7,107.2,1014.1,89.9,9.7,114.8,9.9,8,10,2025-03-02T07:47:07,2025-03-02T19:13:40,0.09,"Rain, Partially cloudy",Partly cloudy throughout the day with rain clearing later.,rain,"LEMG,08482099999,C7615"
Torremolinos,2025-03-03,17.7,14.5,15.6,17.7,14.5,15.6,12.2,80.4,0,0,0,rain,0,0,49,27.7,119.2,1013.4,82,11,192.8,16.6,7,10,2025-03-03T07:45:45,2025-03-03T19:14:37,0.12,Partially cloudy,Partly cloudy throughout the day.,partly-cloudy-day,"LEMG,08482099999,C7615"
Torremolinos,2025-03-04,19.5,10.6,14.9,19.5,10.6,14.9,11.8,82.7,0,0,0,rain,0,0,26.6,14.8,244.1,1012,57,10,146.7,12.7,8,10,2025-03-04T07:44:22,2025-03-04T19:15:33,0.16,Partially cloudy,Partly cloudy throughout the day.,partly-cloudy-day,"LEMG,08482099999,C7615"
Torremolinos,2025-03-05,16.3,13.5,15.1,16.3,13.5,15.1,12.5,84.7,0.6,100,4.17,rain,0,0,45.7,26.8,111.2,1011.4,90.3,10,60.3,5.3,3,10,2025-03-05T07:42:59,2025-03-05T19:16:30,0.19,"Rain, Overcast",Cloudy skies throughout the day with late afternoon rain.,rain,"LEMG,08482099999,C7615"
Torremolinos,2025-03-06,17.8,13.5,15.6,17.8,13.5,15.6,12.5,82.1,0,0,0,rain,0,0,43.9,22.3,265.5,1012,78.3,11.7,112.9,9.8,7,10,2025-03-06T07:41:35,2025-03-06T19:17:25,0.25,Partially cloudy,Partly cloudy throughout the day.,partly-cloudy-day,"LEMG,08482099999,C7615"
Torremolinos,2025-03-07,17.1,12.5,14.9,17.1,12.5,14.9,12.7,87,0,0,0,rain,0,0,34.9,18.4,128.3,1012.3,82.8,11.9,39.4,3.3,2,10,2025-03-07T07:40:11,2025-03-07T19:18:21,0.26,Partially cloudy,Partly cloudy throughout the day.,partly-cloudy-day,"LEMG,08482099999,C7615"
Torremolinos,2025-03-08,15.3,10.4,13.8,15.3,10.4,13.8,12.4,91.7,5.8,100,12.5,rain,0,0,59,36.1,112.4,1003.6,77.3,6.3,27.7,2.4,2,10,2025-03-08T07:38:47,2025-03-08T19:19:16,0.3,"Rain, Partially cloudy",Partly cloudy throughout the day with rain clearing later.,rain,"LEMG,08482099999,C7615"
Torremolinos,2025-03-09,13.3,7.5,10.1,13.3,6.5,9.8,8.8,92.2,28.6,100,8.33,rain,0,0,59.8,18.4,107.9,1003.7,71.5,9.9,74.1,6.4,7,10,2025-03-09T07:37:21,2025-03-09T19:20:11,0.33,"Rain, Partially cloudy",Partly cloudy throughout the day with rain in the morning and afternoon.,rain,"LEMG,08482099999,C7615"
Torremolinos,2025-03-10,16.4,8.4,12.1,16.4,7,11.9,10.4,90.2,56.6,100,4.17,rain,0,0,57.2,35.3,183.8,1004.1,71.7,9.1,59.6,5,3,10,2025-03-10T07:35:56,2025-03-10T19:21:06,0.37,"Rain, Partially cloudy",Partly cloudy throughout the day with morning rain.,rain,"LEMG,08482099999,C7615"
Torremolinos,2025-03-11,19.5,12,15.2,19.5,12,15.2,10.4,74.2,4,100,4.17,rain,0,0,56.5,21.4,213.8,1005.4,62.6,11,120.1,10.3,8,10,2025-03-11T07:34:30,2025-03-11T19:22:01,0.4,"Rain, Partially cloudy",Partly cloudy throughout the day with afternoon rain.,rain,"LEMG,08482099999,C7615"
Torremolinos,2025-03-12,17.6,11.3,13.9,17.6,11.3,13.9,9,73.3,2,100,4.17,rain,0,0,40.7,13,262.6,1007.5,57.3,12.5,110.6,9.7,5,10,2025-03-12T07:33:03,2025-03-12T19:22:55,0.44,"Rain, Partially cloudy",Partly cloudy throughout the day with late afternoon rain.,rain,"LEMG,08482099999,C2939,C7615"
Torremolinos,2025-03-13,17.4,11.5,13.9,17.4,11.5,13.9,11.1,84.7,12.5,100,12.5,rain,0,0,76.7,26.8,218.7,999.8,79.1,9.5,73.3,6.2,4,10,2025-03-13T07:31:37,2025-03-13T19:23:49,0.47,"Rain, Partially cloudy",Partly cloudy throughout the day with rain.,rain,"LEMG,C2939,08482099999"
Torremolinos,2025-03-14,16.5,10.8,12.9,16.5,10.8,12.9,8.9,78.1,21.1,100,16.67,rain,0,0,52.6,27.7,264.6,1000.6,66.1,12.6,151.5,13.1,10,10,2025-03-14T07:30:10,2025-03-14T19:24:43,0.5,"Rain, Partially cloudy",Partly cloudy throughout the day with a chance of rain throughout the day.,rain,"LEMG,C2939,08482099999"
Torremolinos,2025-03-15,17.7,6.4,12.2,17.7,4.3,11.6,4.9,64.1,0,0,0,,0,0,48.2,17.4,291,1013.8,33.5,13.2,271,23.4,10,10,2025-03-15T07:28:42,2025-03-15T19:25:37,0.54,Partially cloudy,Partly cloudy throughout the day.,partly-cloudy-day,"LEMG,C2939,08482099999"
Torremolinos,2025-03-16,17,8.6,13.2,17,6.8,13,8.3,72.7,0.3,100,4.17,rain,0,0,45.4,11.2,261.8,1018.5,70.5,11.4,147.3,12.8,10,10,2025-03-16T07:27:15,2025-03-16T19:26:30,0.57,"Rain, Partially cloudy",Partly cloudy throughout the day with afternoon rain.,rain,"LEMG,C2939,08482099999,C7615"
Torremolinos,2025-03-17,14.9,13.3,14,14.9,13.3,14,11.7,86.6,3,100,4.17,rain,0,0,57.6,39.7,107.6,1014.1,90.4,9.8,85.8,7.3,6,10,2025-03-17T07:25:47,2025-03-17T19:27:24,0.6,"Rain, Overcast",Cloudy skies throughout the day with late afternoon rain.,rain,"LEMG,C2939,08482099999"
Torremolinos,2025-03-18,19.5,12.8,15.5,19.5,12.8,15.5,12.8,84.9,34.2,100,8.33,rain,0,0,80.4,52.7,119.5,1012.7,68.3,9.7,163.7,14.3,10,10,2025-03-18T07:24:19,2025-03-18T19:28:17,0.64,"Rain, Partially cloudy",Partly cloudy throughout the day with rain clearing later.,rain,"LEMG,C2939,08482099999"
Torremolinos,2025-03-19,18,9.9,14.3,18,8.3,14.2,12,87.1,0,0,0,,0,0,35.6,22.3,134.5,1015.5,64.8,12.1,206.4,17.7,9,10,2025-03-19T07:22:51,2025-03-19T19:29:10,0.67,Partially cloudy,Partly cloudy throughout the day.,partly-cloudy-day,"LEMG,C2939,08482099999"
Torremolinos,2025-03-20,19,13.7,16.5,19,13.7,16.5,12.6,78,0,0,0,rain,0,0,42.5,26.7,149.1,1013,55.1,8.8,183.2,15.7,8,10,2025-03-20T07:21:23,2025-03-20T19:30:03,0.7,Partially cloudy,Partly cloudy throughout the day.,partly-cloudy-day,"LEMG,C2939,08482099999"
Torremolinos,2025-03-21,17.9,12.7,15.6,17.9,12.7,15.6,10.5,72.3,5,100,8.33,rain,0,0,52.2,31.7,194.3,1015.2,59.8,11.8,185.4,16.1,10,10,2025-03-21T07:19:55,2025-03-21T19:30:55,0.74,"Rain, Partially cloudy",Partly cloudy throughout the day with rain.,rain,"LEMG,C2939,08482099999"
Torremolinos,2025-03-22,18.6,10,14,18.6,8.4,14,6.4,61.8,0.2,100,4.17,rain,0,0,56.5,24,293.2,1014.7,57.6,12.4,184,15.9,8,10,2025-03-22T07:18:26,2025-03-22T19:31:48,0.75,"Rain, Partially cloudy",Partly cloudy throughout the day with morning rain.,rain,"LEMG,C2939,08482099999"
Torremolinos,2025-03-23,13,8,10.4,13,6.3,9.5,6,74.8,10.1,100,45.83,rain,0,0,40,20.5,284.1,1012.1,50.1,10,105.1,9.2,6,10,2025-03-23T07:16:58,2025-03-23T19:32:40,0.8,"Rain, Partially cloudy",Partly cloudy throughout the day with rain.,rain,"LEMG,C2939"
Torremolinos,2025-03-24,18,6,12,18,3.6,11.3,5,64.8,0,0,0,,0,0,27.4,18.4,290.6,1017.2,17.8,10,274.1,23.8,10,10,2025-03-24T07:15:30,2025-03-24T19:33:33,0.84,Clear,Clear conditions throughout the day.,clear-day,"LEMG,C2939"
Torremolinos,2025-03-25,17.3,11,14.7,17.3,11,14.7,7.3,61.4,0.4,100,8.33,rain,0,0,19.8,24.1,294.9,1020,29.9,16.9,255.4,22.1,8,10,2025-03-25T07:14:01,2025-03-25T19:34:25,0.87,"Rain, Partially cloudy",Becoming cloudy in the afternoon with afternoon rain.,rain,"LEMG,C2939"
Torremolinos,2025-03-26,17.8,14.7,16.3,17.8,14.7,16.3,9.7,65.2,0,3.2,0,,0,0,35.3,22.3,241.1,1020.7,0.4,24.1,264.9,22.8,9,10,2025-03-26T07:12:33,2025-03-26T19:35:17,0.9,Clear,Clear conditions throughout the day.,clear-day,
Torremolinos,2025-03-27,19.8,16.7,18,19.8,16.7,18,9.1,56,0,3.2,0,,0,0,24.5,14.8,293.6,1017.5,13.1,24.1,260.7,22.6,9,10,2025-03-27T07:11:05,2025-03-27T19:36:09,0.93,Clear,Clear conditions throughout the day.,clear-day,
Torremolinos,2025-03-28,21.1,17.1,18.9,21.1,17.1,18.9,8.5,51.2,0,3.2,0,,0,0,18.7,14,306.1,1017.9,0.3,24.1,269.1,23.3,9,10,2025-03-28T07:09:37,2025-03-28T19:37:01,0.97,Clear,Clear conditions throughout the day.,clear-day,
Torremolinos,2025-03-29,22.2,17.3,19.5,22.2,17.3,19.5,10.3,55.8,0,0,0,,0,0,28.8,19.1,312.6,1016.8,0,24.1,275.5,23.8,9,10,2025-03-29T07:08:09,2025-03-29T19:37:53,0,Clear,Clear conditions throughout the day.,clear-day,
Torremolinos,2025-03-30,17,15.1,15.6,17,15.1,15.6,11,73.8,0.1,0,4.17,rain,0,,42.5,34.6,81,1019.7,4,24.1,272.5,22.5,8,10,2025-03-30T08:06:41,2025-03-30T20:38:45,0.03,Clear,Clear conditions throughout the day.,clear-day,
