com.samsung.shealth.calories_burned.details,6293007,4
active_calories_goal,version,extra_data,exercise_calories,total_exercise_calories,com.samsung.shealth.calories_burned.create_sh_ver,com.samsung.shealth.calories_burned.tef_calorie,com.samsung.shealth.calories_burned.active_time,com.samsung.shealth.calories_burned.rest_calorie,com.samsung.shealth.calories_burned.modify_sh_ver,com.samsung.shealth.calories_burned.update_time,com.samsung.shealth.calories_burned.create_time,com.samsung.shealth.calories_burned.active_calorie,com.samsung.shealth.calories_burned.deviceuuid,com.samsung.shealth.calories_burned.pkg_name,com.samsung.shealth.calories_burned.datauuid,com.samsung.shealth.calories_burned.day_time
,,1482d2ef-d225-4a3b-9c57-3e98a966337b.extra_data.json,,0.0,62850050,0.0,792796,1618.0869,62900750,2025-02-05 10:02:40.622,2025-01-14 15:14:37.422,43.83628,R0X8Tl1DGH,com.sec.android.app.shealth,1482d2ef-d225-4a3b-9c57-3e98a966337b,1736812800000,
,,0960a4fc-990f-4313-ba42-555a62af0bad.extra_data.json,,0.0,62850050,0.0,0,1633.0719,62850050,2025-01-14 15:16:04.940,2025-01-14 15:14:38.496,0.0,R0X8Tl1DGH,com.sec.android.app.shealth,0960a4fc-990f-4313-ba42-555a62af0bad,1734480000000,
,,9d723b7b-f755-40a6-9cfa-ca98ad1b9f29.extra_data.json,,0.0,62850050,0.0,0,1633.0719,62850050,2025-01-14 15:16:04.976,2025-01-14 15:14:38.509,0.0,R0X8Tl1DGH,com.sec.android.app.shealth,9d723b7b-f755-40a6-9cfa-ca98ad1b9f29,1734566400000,
,,7826a1aa-6405-4911-a4d5-f3f091baa3d4.extra_data.json,,0.0,62850050,0.0,0,1633.0719,62850050,2025-01-14 15:16:04.992,2025-01-14 15:14:38.517,0.0,R0X8Tl1DGH,com.sec.android.app.shealth,7826a1aa-6405-4911-a4d5-f3f091baa3d4,1734652800000,
,,80dd0dfa-bfa5-490b-a3ec-d69c86d23c30.extra_data.json,,0.0,62850050,0.0,0,1633.0719,62850050,2025-01-14 15:16:05.006,2025-01-14 15:14:38.525,0.0,R0X8Tl1DGH,com.sec.android.app.shealth,80dd0dfa-bfa5-490b-a3ec-d69c86d23c30,1734739200000,
,,70a14034-4382-4fc5-b166-e52cdcb7fbea.extra_data.json,,0.0,62850050,0.0,0,1633.0719,62850050,2025-01-18 17:17:19.538,2025-01-14 15:14:38.536,0.0,R0X8Tl1DGH,com.sec.android.app.shealth,70a14034-4382-4fc5-b166-e52cdcb7fbea,1734825600000,
,,38a13ffd-3279-42fc-a96d-b5feca40928d.extra_data.json,,0.0,62850050,0.0,0,1633.0719,62900750,2025-01-19 00:46:50.909,2025-01-14 15:14:38.543,0.0,R0X8Tl1DGH,com.sec.android.app.shealth,38a13ffd-3279-42fc-a96d-b5feca40928d,1734912000000,
,,27920845-a31f-4b29-be6d-8afc9d823c66.extra_data.json,,0.0,62850050,0.0,0,1633.0719,62900750,2025-01-20 06:38:03.616,2025-01-14 15:14:38.545,0.0,R0X8Tl1DGH,com.sec.android.app.shealth,27920845-a31f-4b29-be6d-8afc9d823c66,1734998400000,
,,f80d28cd-ef38-4bb5-a20b-7c188beeabea.extra_data.json,,0.0,62850050,0.0,0,1633.0719,62900750,2025-01-20 06:38:03.628,2025-01-14 15:14:38.563,0.0,R0X8Tl1DGH,com.sec.android.app.shealth,f80d28cd-ef38-4bb5-a20b-7c188beeabea,1735084800000,
,,e4e99979-0911-4310-ab16-58628b6327cc.extra_data.json,,0.0,62850050,0.0,0,1633.0719,62900750,2025-01-20 06:38:03.638,2025-01-14 15:14:38.569,0.0,R0X8Tl1DGH,com.sec.android.app.shealth,e4e99979-0911-4310-ab16-58628b6327cc,1735171200000,
,,c7151eb7-97b1-4e32-90f9-69c4ebcc492c.extra_data.json,,0.0,62850050,0.0,0,1633.0719,62900750,2025-01-20 06:38:03.640,2025-01-14 15:14:38.571,0.0,R0X8Tl1DGH,com.sec.android.app.shealth,c7151eb7-97b1-4e32-90f9-69c4ebcc492c,1735257600000,
,,2b9cdc30-bc7f-4901-92c6-cdb7b5706356.extra_data.json,,0.0,62850050,0.0,0,1633.0719,62900750,2025-01-20 06:38:03.644,2025-01-14 15:14:38.577,0.0,R0X8Tl1DGH,com.sec.android.app.shealth,2b9cdc30-bc7f-4901-92c6-cdb7b5706356,1735344000000,
,,6d0ae166-3a1e-45f2-922e-27d6eb9754eb.extra_data.json,,0.0,62850050,0.0,0,1633.0719,62900750,2025-01-20 06:38:03.649,2025-01-14 15:14:38.580,0.0,R0X8Tl1DGH,com.sec.android.app.shealth,6d0ae166-3a1e-45f2-922e-27d6eb9754eb,1735430400000,
,,a7b9a2a3-4683-4cc9-a7bc-5948bcdd9f0f.extra_data.json,,0.0,62850050,0.0,0,1633.0719,62900750,2025-01-20 06:38:03.655,2025-01-14 15:14:38.588,0.0,R0X8Tl1DGH,com.sec.android.app.shealth,a7b9a2a3-4683-4cc9-a7bc-5948bcdd9f0f,1735516800000,
,,c59de46d-8a5d-43d4-94b2-2d136ceb5a7a.extra_data.json,,0.0,62850050,0.0,0,1633.0719,62900750,2025-01-20 06:38:03.664,2025-01-14 15:14:38.601,0.0,R0X8Tl1DGH,com.sec.android.app.shealth,c59de46d-8a5d-43d4-94b2-2d136ceb5a7a,1735603200000,
,,32150cdd-870e-4506-ae62-42a9d2da062d.extra_data.json,,0.0,62850050,0.0,0,1633.0719,62900750,2025-01-20 06:38:03.666,2025-01-14 15:14:38.605,0.0,R0X8Tl1DGH,com.sec.android.app.shealth,32150cdd-870e-4506-ae62-42a9d2da062d,1735689600000,
,,455d53f6-d22d-43ed-8e03-6649349ed926.extra_data.json,,0.0,62850050,0.0,0,1633.0719,62900750,2025-01-20 06:38:03.670,2025-01-14 15:14:38.606,0.0,R0X8Tl1DGH,com.sec.android.app.shealth,455d53f6-d22d-43ed-8e03-6649349ed926,1735776000000,
,,f741a9f5-ff4b-4692-aea9-7802fb107587.extra_data.json,,0.0,62850050,0.0,0,1633.0719,62900750,2025-01-20 06:38:03.675,2025-01-14 15:14:38.609,0.0,R0X8Tl1DGH,com.sec.android.app.shealth,f741a9f5-ff4b-4692-aea9-7802fb107587,1735862400000,
,,3237c696-7f9f-41fb-abbe-103a4bde908e.extra_data.json,,0.0,62850050,0.0,0,1633.0719,62900750,2025-01-31 08:37:40.894,2025-01-14 15:14:38.611,0.0,R0X8Tl1DGH,com.sec.android.app.shealth,3237c696-7f9f-41fb-abbe-103a4bde908e,1735948800000,
,,10ed416c-8691-46bf-b32b-2aaf16c0e6df.extra_data.json,,0.0,62850050,0.0,0,1633.0719,62900750,2025-01-31 08:37:40.958,2025-01-14 15:14:38.612,0.0,R0X8Tl1DGH,com.sec.android.app.shealth,10ed416c-8691-46bf-b32b-2aaf16c0e6df,1736035200000,
,,695f189f-a830-4d78-bb06-887f1517cb9d.extra_data.json,,0.0,62850050,0.0,0,1633.0719,62900750,2025-01-31 08:37:40.971,2025-01-14 15:14:38.614,0.0,R0X8Tl1DGH,com.sec.android.app.shealth,695f189f-a830-4d78-bb06-887f1517cb9d,1736121600000,
,,bf39cebe-442e-42bd-8247-dd3a0dd18053.extra_data.json,,0.0,62850050,0.0,0,1633.0719,62900750,2025-01-31 08:37:40.977,2025-01-14 15:14:38.617,0.0,R0X8Tl1DGH,com.sec.android.app.shealth,bf39cebe-442e-42bd-8247-dd3a0dd18053,1736208000000,
,,3a929912-d215-4efb-b471-b74a4b0bf13b.extra_data.json,,0.0,62850050,0.0,0,1633.0719,62900750,2025-01-31 08:37:40.985,2025-01-14 15:14:38.620,0.0,R0X8Tl1DGH,com.sec.android.app.shealth,3a929912-d215-4efb-b471-b74a4b0bf13b,1736294400000,
,,78ad8569-7cab-473d-af97-348dbf307aae.extra_data.json,,0.0,62850050,0.0,0,1633.0719,62900750,2025-02-05 10:02:40.337,2025-01-14 15:14:38.624,0.0,R0X8Tl1DGH,com.sec.android.app.shealth,78ad8569-7cab-473d-af97-348dbf307aae,1736380800000,
,,c098af17-0ab2-4dff-965d-7a722136f0a1.extra_data.json,,0.0,62850050,0.0,0,1633.0719,62900750,2025-02-05 10:02:40.449,2025-01-14 15:14:38.626,0.0,R0X8Tl1DGH,com.sec.android.app.shealth,c098af17-0ab2-4dff-965d-7a722136f0a1,1736467200000,
,,3ef88cbe-6899-4492-b137-00a1fd83a57c.extra_data.json,,0.0,62850050,0.0,0,1633.0719,62900750,2025-02-05 10:02:40.551,2025-01-14 15:14:38.628,0.0,R0X8Tl1DGH,com.sec.android.app.shealth,3ef88cbe-6899-4492-b137-00a1fd83a57c,1736553600000,
,,1895f963-c094-4cc0-992f-957da4043ff7.extra_data.json,,0.0,62850050,0.0,0,1633.0719,62900750,2025-02-05 10:02:40.583,2025-01-14 15:14:38.630,0.0,R0X8Tl1DGH,com.sec.android.app.shealth,1895f963-c094-4cc0-992f-957da4043ff7,1736640000000,
,,f526456d-6fd0-4482-9631-eb7f4eaf00ad.extra_data.json,,0.0,62850050,0.0,0,1633.0719,62900750,2025-02-05 10:02:40.606,2025-01-14 15:14:38.635,0.0,R0X8Tl1DGH,com.sec.android.app.shealth,f526456d-6fd0-4482-9631-eb7f4eaf00ad,1736726400000,
,,4794349d-1b88-4a32-8f02-29c8dbf77e44.extra_data.json,,0.0,62850050,0.0,2175572,1591.9508,62900750,2025-02-05 10:02:40.685,2025-01-14 23:00:00.551,128.64406,R0X8Tl1DGH,com.sec.android.app.shealth,4794349d-1b88-4a32-8f02-29c8dbf77e44,1736899200000,
,,057c7a1a-7ccf-4a7a-b1eb-329d906532f4.extra_data.json,,60.0,62850050,0.0,3526225,1566.4218,62900750,2025-02-05 10:02:40.884,2025-01-15 23:00:01.262,218.94164,R0X8Tl1DGH,com.sec.android.app.shealth,057c7a1a-7ccf-4a7a-b1eb-329d906532f4,1736985600000,
,,00db1ea7-5a68-4046-9735-5d03ba240d30.extra_data.json,,0.0,62850050,0.0,4106444,1555.4547,62900750,2025-02-05 10:02:40.973,2025-01-16 23:00:01.160,242.59634,R0X8Tl1DGH,com.sec.android.app.shealth,00db1ea7-5a68-4046-9735-5d03ba240d30,1737072000000,
,,33f24e60-7f2e-40a8-84fd-69a7d4fa64e6.extra_data.json,,0.0,62850050,0.0,10987012,1425.4032,62900750,2025-02-05 10:02:41.051,2025-01-17 23:00:02.279,614.73035,R0X8Tl1DGH,com.sec.android.app.shealth,33f24e60-7f2e-40a8-84fd-69a7d4fa64e6,1737158400000,
,,69261a46-75d4-4aa3-b90f-c3f561aea11d.extra_data.json,,0.0,62850050,0.0,1721317,1600.5367,62920010,2025-02-15 19:04:40.788,2025-01-18 23:00:01.065,84.77154,R0X8Tl1DGH,com.sec.android.app.shealth,69261a46-75d4-4aa3-b90f-c3f561aea11d,1737244800000,
,,4d304a10-9da4-444a-b04f-dde4c1894ab0.extra_data.json,,0.0,62900750,0.0,3673185,1563.6439,62920010,2025-02-15 19:04:40.850,2025-01-19 23:00:01.409,191.20506,R0X8Tl1DGH,com.sec.android.app.shealth,4d304a10-9da4-444a-b04f-dde4c1894ab0,1737331200000,
,,fd96e4bd-4b63-4c24-92e0-7e81283c893a.extra_data.json,,0.0,62900750,0.0,3028507,1575.8292,62920010,2025-02-15 19:04:40.902,2025-01-20 23:00:00.939,159.76837,R0X8Tl1DGH,com.sec.android.app.shealth,fd96e4bd-4b63-4c24-92e0-7e81283c893a,1737417600000,
,,b736cc44-f24b-4373-8cf2-15d63da856ae.extra_data.json,,0.0,62900750,0.0,2957697,1577.1676,62920010,2025-02-15 19:04:40.988,2025-01-21 23:00:03.338,145.13924,R0X8Tl1DGH,com.sec.android.app.shealth,b736cc44-f24b-4373-8cf2-15d63da856ae,1737504000000,
,,c1d58bbc-c620-490d-a103-9c57161f38af.extra_data.json,,0.0,62900750,0.0,2921470,1577.8523,62920010,2025-02-15 19:04:41.031,2025-01-22 23:00:01.282,141.54,R0X8Tl1DGH,com.sec.android.app.shealth,c1d58bbc-c620-490d-a103-9c57161f38af,1737590400000,
,,09f52ecc-190a-4a17-8fc2-039dd1e97238.extra_data.json,,0.0,62900750,0.0,1039156,1613.4305,62920010,2025-02-15 19:04:41.042,2025-01-23 23:00:01.004,48.879997,R0X8Tl1DGH,com.sec.android.app.shealth,09f52ecc-190a-4a17-8fc2-039dd1e97238,1737676800000,
,,abceafda-c372-43aa-9eb9-ceec63ac6b18.extra_data.json,,0.0,62900750,0.0,11106578,1423.1432,62920010,2025-02-21 10:33:46.134,2025-01-24 23:00:01.933,558.98645,R0X8Tl1DGH,com.sec.android.app.shealth,abceafda-c372-43aa-9eb9-ceec63ac6b18,1737763200000,
,,bb024afd-69af-49fe-8b33-f7a1010695f9.extra_data.json,,0.0,62900750,0.0,1997797,1595.3109,62920010,2025-02-21 10:33:46.147,2025-01-25 23:00:01.423,98.291756,R0X8Tl1DGH,com.sec.android.app.shealth,bb024afd-69af-49fe-8b33-f7a1010695f9,1737849600000,
,,96c2ec21-8e52-433a-869e-14fc8cee8ad4.extra_data.json,,0.0,62900750,0.0,1800497,1599.0402,62920010,2025-02-21 10:33:46.156,2025-01-26 23:00:01.411,88.64747,R0X8Tl1DGH,com.sec.android.app.shealth,96c2ec21-8e52-433a-869e-14fc8cee8ad4,1737936000000,
,,600c0915-fd9a-493d-9201-d9124d5c87fb.extra_data.json,,0.0,62900750,0.0,2753962,1581.0186,62920010,2025-02-21 10:33:46.167,2025-01-27 23:00:01.153,135.51999,R0X8Tl1DGH,com.sec.android.app.shealth,600c0915-fd9a-493d-9201-d9124d5c87fb,1738022400000,
,,eed63d30-4278-45fe-93fa-01813736bd12.extra_data.json,,0.0,62900750,0.0,1120291,1611.897,62920010,2025-02-21 10:33:46.187,2025-01-28 23:00:01.861,54.465336,R0X8Tl1DGH,com.sec.android.app.shealth,eed63d30-4278-45fe-93fa-01813736bd12,1738108800000,
,,55f33aa8-3c09-480c-8126-e6830a089d30.extra_data.json,,0.0,62900750,0.0,3073695,1574.9751,62920010,2025-02-21 10:33:46.210,2025-01-29 23:00:00.957,147.53548,R0X8Tl1DGH,com.sec.android.app.shealth,55f33aa8-3c09-480c-8126-e6830a089d30,1738195200000,
,,24eb6aad-725a-4aaa-8d08-83b87615825c.extra_data.json,,0.0,62900750,0.0,2867204,1578.8782,62920010,2025-02-21 10:33:46.219,2025-01-30 23:00:01.347,167.57683,R0X8Tl1DGH,com.sec.android.app.shealth,24eb6aad-725a-4aaa-8d08-83b87615825c,1738281600000,
,,35a7829f-09d3-40ab-96aa-fbc82d43976f.extra_data.json,,0.0,62900750,0.0,11874252,1408.633,62920010,2025-02-21 10:33:46.264,2025-02-01 23:00:00.944,668.97845,R0X8Tl1DGH,com.sec.android.app.shealth,35a7829f-09d3-40ab-96aa-fbc82d43976f,1738368000000,
,,195c2b1e-a140-408b-9808-4e62a11fd067.extra_data.json,,0.0,62900750,0.0,2698319,1582.0702,62920010,2025-03-01 11:58:15.341,2025-02-01 23:00:01.531,149.926,R0X8Tl1DGH,com.sec.android.app.shealth,195c2b1e-a140-408b-9808-4e62a11fd067,1738454400000,
,,f78b42ef-41da-4d44-b1fc-6a758fe87f82.extra_data.json,,0.0,62900750,0.0,1010475,1613.9727,62920010,2025-03-01 11:58:15.353,2025-02-03 23:00:00.360,55.56,R0X8Tl1DGH,com.sec.android.app.shealth,f78b42ef-41da-4d44-b1fc-6a758fe87f82,1738540800000,
,,c0069c02-39da-4fe2-8cbb-5a31d709e241.extra_data.json,,0.0,62900750,0.0,3127023,1573.9672,62930070,2025-03-03 19:47:28.243,2025-02-03 23:00:00.886,182.39996,R0X8Tl1DGH,com.sec.android.app.shealth,c0069c02-39da-4fe2-8cbb-5a31d709e241,1738627200000,
,,d8bb7e3e-036e-4e5a-b6a9-91b85c64e3cd.extra_data.json,,0.0,62900750,0.0,3452965,1567.8064,62930070,2025-03-03 19:47:28.319,2025-02-04 23:00:05.277,198.87007,R0X8Tl1DGH,com.sec.android.app.shealth,d8bb7e3e-036e-4e5a-b6a9-91b85c64e3cd,1738713600000,
,,e82a2c45-3319-484f-91e9-0911dca2aec6.extra_data.json,,0.0,62900750,0.0,2924197,1577.8008,62930070,2025-03-05 09:32:21.792,2025-02-05 23:00:01.446,165.66998,R0X8Tl1DGH,com.sec.android.app.shealth,e82a2c45-3319-484f-91e9-0911dca2aec6,1738800000000,
,,32f5e9dc-48ea-4ab6-b680-73f00b63e427.extra_data.json,,0.0,62900750,0.0,616975,1621.4103,62930070,2025-03-05 09:32:21.809,2025-02-06 23:00:02.420,34.860004,R0X8Tl1DGH,com.sec.android.app.shealth,32f5e9dc-48ea-4ab6-b680-73f00b63e427,1738886400000,
,,3411659d-3310-41b8-8bd5-965b011066fe.extra_data.json,,0.0,62900750,0.0,9150970,1460.1068,62930070,2025-03-05 09:32:21.876,2025-02-07 23:00:01.766,511.48978,R0X8Tl1DGH,com.sec.android.app.shealth,3411659d-3310-41b8-8bd5-965b011066fe,1738972800000,
,,e60501b4-5bd3-4a47-af1c-36dfbf418610.extra_data.json,,0.0,62900750,0.0,914457,1615.7875,62930070,2025-03-08 06:49:57.629,2025-02-08 23:00:01.970,49.829994,R0X8Tl1DGH,com.sec.android.app.shealth,e60501b4-5bd3-4a47-af1c-36dfbf418610,1739059200000,
,,3bda332e-88e8-4b21-914e-9578ebe8aa4c.extra_data.json,,0.0,62900750,0.0,703018,1619.784,62930070,2025-03-08 06:49:57.769,2025-02-09 23:00:03.651,38.469997,R0X8Tl1DGH,com.sec.android.app.shealth,3bda332e-88e8-4b21-914e-9578ebe8aa4c,1739145600000,
,,9498712d-e5c6-40d3-a7d1-e0c1e8ed1075.extra_data.json,,0.0,62900750,0.0,3629461,1564.4703,62930070,2025-03-08 06:49:57.952,2025-02-10 23:00:01.143,229.84,R0X8Tl1DGH,com.sec.android.app.shealth,9498712d-e5c6-40d3-a7d1-e0c1e8ed1075,1739232000000,
,,dff75fbc-aba4-4a7c-9a81-e0b17c2f54e1.extra_data.json,,122.0,62900750,0.0,5412271,1530.773,62930070,2025-03-08 06:49:57.957,2025-02-11 23:00:01.010,352.06,R0X8Tl1DGH,com.sec.android.app.shealth,dff75fbc-aba4-4a7c-9a81-e0b17c2f54e1,1739318400000,
,,020b22ed-1f4a-4ba4-bb66-e3b2103b1cfd.extra_data.json,,60.0,62900750,0.0,2437862,1586.9932,62930070,2025-03-08 06:49:57.959,2025-02-12 23:00:01.282,152.29868,R0X8Tl1DGH,com.sec.android.app.shealth,020b22ed-1f4a-4ba4-bb66-e3b2103b1cfd,1739404800000,
,,91bb8822-0bfc-493a-9384-ceaec00dd0d4.extra_data.json,,52.0,62900750,0.0,3752069,1562.153,62930070,2025-03-08 06:49:57.960,2025-02-14 23:00:00.347,229.52992,R0X8Tl1DGH,com.sec.android.app.shealth,91bb8822-0bfc-493a-9384-ceaec00dd0d4,1739491200000,
,,b0bbaa96-8b07-473d-9023-c3e218b9bd84.extra_data.json,,0.0,62900750,0.0,10799832,1428.9412,62930070,2025-03-14 14:16:22.565,2025-02-14 23:00:00.957,600.5821,R0X8Tl1DGH,com.sec.android.app.shealth,b0bbaa96-8b07-473d-9023-c3e218b9bd84,1739577600000,
,,0b5101e0-54eb-4601-a2f7-fd6110f6fdde.extra_data.json,,230.0,62920010,0.0,3747487,1562.2395,62930070,2025-03-14 14:16:22.757,2025-02-15 23:00:01.960,289.12,R0X8Tl1DGH,com.sec.android.app.shealth,0b5101e0-54eb-4601-a2f7-fd6110f6fdde,1739664000000,
,,c940cbb6-b224-46c6-9e73-dc38ff44158c.extra_data.json,,0.0,62920010,0.0,3354656,1569.6646,62930070,2025-03-14 14:16:23.339,2025-02-16 23:00:01.193,189.90721,R0X8Tl1DGH,com.sec.android.app.shealth,c940cbb6-b224-46c6-9e73-dc38ff44158c,1739750400000,
,,f0583e9d-f418-4ee4-a30d-34b220795e4f.extra_data.json,,110.0,62920010,0.0,4314504,1551.5222,62930070,2025-03-14 14:16:23.495,2025-02-17 23:00:11.335,274.42975,R0X8Tl1DGH,com.sec.android.app.shealth,f0583e9d-f418-4ee4-a30d-34b220795e4f,1739836800000,
,,1b90c2b4-d951-40a7-a6ff-3b9574a3d181.extra_data.json,,83.0,62920010,0.0,4069339,1556.1562,62930070,2025-03-14 14:16:23.537,2025-02-18 23:00:01.859,265.46082,R0X8Tl1DGH,com.sec.android.app.shealth,1b90c2b4-d951-40a7-a6ff-3b9574a3d181,1739923200000,
,,7e242ba0-0c3a-4b83-8ffa-bc5db21f0eb7.extra_data.json,,303.0,62920010,0.0,12609156,1394.7426,62930070,2025-03-14 14:16:23.713,2025-02-19 23:00:01.281,992.4576,R0X8Tl1DGH,com.sec.android.app.shealth,7e242ba0-0c3a-4b83-8ffa-bc5db21f0eb7,1740009600000,
,,d8cbfd14-4322-4619-a18b-3fcf64061086.extra_data.json,,295.0,62920010,0.0,7809627,1485.46,62930070,2025-03-20 16:17:24.334,2025-02-21 10:33:10.397,597.32733,R0X8Tl1DGH,com.sec.android.app.shealth,d8cbfd14-4322-4619-a18b-3fcf64061086,1740096000000,
,,f5798173-a998-4e62-a089-f5d05c0fcc8d.extra_data.json,,917.0,62920010,0.0,15921994,1332.1256,62930070,2025-03-20 16:17:24.347,2025-02-21 23:00:01.463,1363.0629,R0X8Tl1DGH,com.sec.android.app.shealth,f5798173-a998-4e62-a089-f5d05c0fcc8d,1740182400000,
,,19dc0ef6-aa75-43c3-86a1-8c527d0eaddd.extra_data.json,,329.0,62920010,0.0,11048719,1424.2368,62930070,2025-03-22 06:43:36.885,2025-02-22 23:00:05.149,716.08374,R0X8Tl1DGH,com.sec.android.app.shealth,19dc0ef6-aa75-43c3-86a1-8c527d0eaddd,1740268800000,
,,10503445-b8a2-4017-8767-1d81079640e3.extra_data.json,,0.0,62920010,0.0,2716124,1581.7335,62930070,2025-03-22 06:43:36.899,2025-02-24 23:00:00.743,159.73999,R0X8Tl1DGH,com.sec.android.app.shealth,10503445-b8a2-4017-8767-1d81079640e3,1740355200000,
,,82bbff0e-5778-4d30-93b2-cce93e757d60.extra_data.json,,0.0,62920010,0.0,3352619,1569.7031,62930070,2025-03-22 06:43:37.010,2025-02-24 23:00:01.036,194.68001,R0X8Tl1DGH,com.sec.android.app.shealth,82bbff0e-5778-4d30-93b2-cce93e757d60,1740441600000,
,,e585e915-83a5-4416-8502-ce8cb4aacd51.extra_data.json,,0.0,62920010,0.0,2613733,1583.669,62930070,2025-03-22 06:43:37.058,2025-02-25 23:00:05.001,150.98004,R0X8Tl1DGH,com.sec.android.app.shealth,e585e915-83a5-4416-8502-ce8cb4aacd51,1740528000000,
,,bfd67f98-1d51-4a4d-adb1-9b766d40f720.extra_data.json,,163.0,62920010,0.0,6140663,1517.0054,62930070,2025-03-22 06:43:37.141,2025-02-26 23:03:53.571,376.06,R0X8Tl1DGH,com.sec.android.app.shealth,bfd67f98-1d51-4a4d-adb1-9b766d40f720,1740614400000,
,,0f4bf41e-c7a8-4723-b286-3171bd46eae0.extra_data.json,,0.0,62920010,0.0,3388090,1569.0327,62930070,2025-03-22 06:43:37.164,2025-02-27 23:00:01.131,191.31992,R0X8Tl1DGH,com.sec.android.app.shealth,0f4bf41e-c7a8-4723-b286-3171bd46eae0,1740700800000,
,,3c02da8f-b161-4f85-a368-f97c46e424f0.extra_data.json,,0.0,62920010,0.0,10808251,1428.782,62930070,2025-03-22 06:43:37.187,2025-02-28 23:00:02.212,609.4199,R0X8Tl1DGH,com.sec.android.app.shealth,3c02da8f-b161-4f85-a368-f97c46e424f0,1740787200000,
,,30e4cdd1-1cf8-4ad0-b13d-6b0adef1ea49.extra_data.json,,0.0,62920010,0.0,1622144,1602.4113,62930070,2025-03-22 06:43:37.301,2025-03-01 23:00:00.958,89.580025,R0X8Tl1DGH,com.sec.android.app.shealth,30e4cdd1-1cf8-4ad0-b13d-6b0adef1ea49,1740873600000,
,,06af1b13-ba46-4b83-bdb7-bc69934b04a9.extra_data.json,,211.0,62920010,0.0,5602805,1527.1716,62930070,2025-03-22 06:43:37.329,2025-03-02 23:00:01.114,359.31363,R0X8Tl1DGH,com.sec.android.app.shealth,06af1b13-ba46-4b83-bdb7-bc69934b04a9,1740960000000,
,,10fa6b25-96dd-4d3c-b1aa-0bbfe2719137.extra_data.json,,376.0,62930070,0.0,10526109,1434.1147,62930070,2025-03-22 06:43:37.348,2025-03-03 23:00:01.198,674.96173,R0X8Tl1DGH,com.sec.android.app.shealth,10fa6b25-96dd-4d3c-b1aa-0bbfe2719137,1741046400000,
,,5a68e271-1c75-4f37-8232-062cb0666111.extra_data.json,,484.0,62930070,0.0,9037621,1462.2491,62930070,2025-03-22 06:43:37.380,2025-03-04 23:00:02.580,647.85425,R0X8Tl1DGH,com.sec.android.app.shealth,5a68e271-1c75-4f37-8232-062cb0666111,1741132800000,
,,98bffa10-95d2-42d2-b88a-627dbe5eb9a5.extra_data.json,,748.0,62930070,0.0,12995431,1387.4414,62930070,2025-03-22 06:43:37.401,2025-03-05 23:00:02.628,942.7616,R0X8Tl1DGH,com.sec.android.app.shealth,98bffa10-95d2-42d2-b88a-627dbe5eb9a5,1741219200000,
,,9038b5ec-2f99-41f2-8934-8f462ec91d93.extra_data.json,,434.0,62930070,0.0,12053420,1405.2466,62930070,2025-03-22 06:43:37.441,2025-03-06 23:00:01.027,766.74677,R0X8Tl1DGH,com.sec.android.app.shealth,9038b5ec-2f99-41f2-8934-8f462ec91d93,1741305600000,
,,38f521b2-4421-414e-87d2-d1ff37a3ffa4.extra_data.json,,0.0,62930070,0.0,10283116,1438.7076,62930070,2025-03-22 06:43:37.487,2025-03-07 23:00:01.109,576.58844,R0X8Tl1DGH,com.sec.android.app.shealth,38f521b2-4421-414e-87d2-d1ff37a3ffa4,1741392000000,
,,ad8a3cd1-7322-4d9b-aee4-9269946ef42e.extra_data.json,,0.0,62930070,0.0,4412750,1549.6652,62930070,2025-03-22 06:43:37.519,2025-03-08 23:00:00.703,316.53983,R0X8Tl1DGH,com.sec.android.app.shealth,ad8a3cd1-7322-4d9b-aee4-9269946ef42e,1741478400000,
,,d7f1d26e-8e97-4579-90b5-03e74ebd004b.extra_data.json,,0.0,62930070,0.0,2555524,1584.7693,62930070,2025-03-22 06:43:37.600,2025-03-09 23:00:05.115,153.90997,R0X8Tl1DGH,com.sec.android.app.shealth,d7f1d26e-8e97-4579-90b5-03e74ebd004b,1741564800000,
,,ff9d4555-6251-40c8-bc21-7f0b1f661385.extra_data.json,,44.0,62930070,0.0,3214200,1572.3193,62930070,2025-03-22 06:43:37.680,2025-03-10 23:35:03.091,207.84006,R0X8Tl1DGH,com.sec.android.app.shealth,ff9d4555-6251-40c8-bc21-7f0b1f661385,1741651200000,
,,69ba6df0-1033-4e00-abe9-6ccac396cc1c.extra_data.json,,70.0,62930070,0.0,3064482,1575.1493,62930070,2025-03-22 06:43:37.784,2025-03-11 23:00:02.478,196.57,R0X8Tl1DGH,com.sec.android.app.shealth,69ba6df0-1033-4e00-abe9-6ccac396cc1c,1741737600000,
,,25eb2738-3413-4eff-8fa6-b9515f60e7ab.extra_data.json,,97.0,62930070,0.0,2897813,1578.2994,62930070,2025-03-22 06:43:37.848,2025-03-12 23:28:05.072,181.309,R0X8Tl1DGH,com.sec.android.app.shealth,25eb2738-3413-4eff-8fa6-b9515f60e7ab,1741824000000,
,,5aa55a4c-123f-4567-9393-f0376ddbee53.extra_data.json,,0.0,62930070,0.0,1585399,1603.1058,62930070,2025-03-22 06:43:37.878,2025-03-13 23:00:02.003,85.06001,R0X8Tl1DGH,com.sec.android.app.shealth,5aa55a4c-123f-4567-9393-f0376ddbee53,1741910400000,
,,69489ab5-a923-4d92-b119-69f328898f8f.extra_data.json,,0.0,62930070,0.0,10007156,1443.9238,62930070,2025-03-22 06:43:37.954,2025-03-14 23:00:01.108,474.13983,R0X8Tl1DGH,com.sec.android.app.shealth,69489ab5-a923-4d92-b119-69f328898f8f,1741996800000,
,,df857521-2d70-4e55-86aa-5968ef57259f.extra_data.json,,102.0,62930070,0.0,4585443,1546.4011,62930070,2025-03-22 06:43:37.998,2025-03-15 23:00:00.910,227.34,R0X8Tl1DGH,com.sec.android.app.shealth,df857521-2d70-4e55-86aa-5968ef57259f,1742083200000,
,,b4e59f8a-8057-4231-89db-36a66ca1c6c2.extra_data.json,,0.0,62930070,0.0,840553,1617.1844,62930070,2025-03-22 06:43:38.036,2025-03-16 23:00:01.260,40.469997,R0X8Tl1DGH,com.sec.android.app.shealth,b4e59f8a-8057-4231-89db-36a66ca1c6c2,1742169600000,
,,62d813cc-4bd4-4bd2-9a5c-c8acd073d59b.extra_data.json,,0.0,62930070,0.0,1085846,1612.548,62930070,2025-03-22 06:43:38.128,2025-03-17 23:43:51.593,51.819992,R0X8Tl1DGH,com.sec.android.app.shealth,62d813cc-4bd4-4bd2-9a5c-c8acd073d59b,1742256000000,
,,066e1ea7-fc98-42fe-9651-cf6ae8c183f1.extra_data.json,,0.0,62930070,0.0,1488624,1604.9349,62930070,2025-03-22 06:43:38.166,2025-03-18 23:00:02.227,70.79001,R0X8Tl1DGH,com.sec.android.app.shealth,066e1ea7-fc98-42fe-9651-cf6ae8c183f1,1742342400000,
,,4e813fe9-9576-4186-92c7-9632ad80670c.extra_data.json,,63.0,62930070,0.0,5637708,1526.5118,62930070,2025-03-22 06:43:38.333,2025-03-19 23:00:02.187,421.79062,R0X8Tl1DGH,com.sec.android.app.shealth,4e813fe9-9576-4186-92c7-9632ad80670c,1742428800000,
,,6f6f1715-342f-4694-849b-c7224ec0636a.extra_data.json,,0.0,62930070,0.0,1077205,1612.7113,62930070,2025-03-23 08:54:45.734,2025-03-20 23:08:59.147,58.22001,R0X8Tl1DGH,com.sec.android.app.shealth,6f6f1715-342f-4694-849b-c7224ec0636a,1742515200000,
,,bb6aa9c1-bd0d-4bdf-b7e1-18b01cf21f61.extra_data.json,,763.0,62930070,0.0,14847195,1352.4408,62930070,2025-03-23 08:54:45.745,2025-03-21 23:00:01.149,1235.0719,R0X8Tl1DGH,com.sec.android.app.shealth,bb6aa9c1-bd0d-4bdf-b7e1-18b01cf21f61,1742601600000,
,,b2234e97-3208-4b7b-8139-d73c823545bb.extra_data.json,,0.0,62930070,0.0,382191,910.21954,62930070,2025-03-23 12:28:58.658,2025-03-22 23:00:02.665,21.149998,R0X8Tl1DGH,com.sec.android.app.shealth,b2234e97-3208-4b7b-8139-d73c823545bb,1742688000000,
