com.samsung.shealth.tracker.pedometer_day_summary,6293007,6
create_sh_ver,step_count,binning_data,active_time,recommendation,modify_sh_ver,run_step_count,update_time,source_package_name,create_time,source_info,speed,distance,calorie,walk_step_count,deviceuuid,pkg_name,healthy_step,achievement,datauuid,day_time
62850050,1189,3dfeb0b2-0cab-439f-981e-36f22b0ab7ed.binning_data.json,748543,6000,62850050,1,2025-01-14 22:30:14.116,com.sec.android.app.shealth,2025-01-14 15:16:00.115,3dfeb0b2-0cab-439f-981e-36f22b0ab7ed.source_info.json,1.1877792,889.1038,43.836273,1188,VfS0qUERdZ,com.sec.android.app.shealth,0,3dfeb0b2-0cab-439f-981e-36f22b0ab7ed.achievement.json,3dfeb0b2-0cab-439f-981e-36f22b0ab7ed,1736812800000,
62850050,776,feeb7ca8-ab0b-46b2-983d-8b91a6fb64de.binning_data.json,463061,6000,62850050,1,2025-01-14 23:00:00.939,com.sec.android.app.shealth,2025-01-14 23:00:00.939,,1.2523183,579.9,29.01,775,R0X8Tl1DGH,com.sec.android.app.shealth,0,feeb7ca8-ab0b-46b2-983d-8b91a6fb64de.achievement.json,feeb7ca8-ab0b-46b2-983d-8b91a6fb64de,1736812800000,
62850050,759,877ac406-4b35-4753-bd41-03435d610115.binning_data.json,516666,6000,62850050,0,2025-01-14 23:00:01.341,com.sec.android.app.shealth,2025-01-14 23:00:01.341,,1.0974141,566.9973,27.581541,759,MhLCbMNGdz,com.sec.android.app.shealth,0,877ac406-4b35-4753-bd41-03435d610115.achievement.json,877ac406-4b35-4753-bd41-03435d610115,1736812800000,
62850050,3354,d3403f6e-86d5-400a-8aa4-81f71f313c97.binning_data.json,1996716,6000,62850050,10,2025-01-15 21:15:38.679,com.sec.android.app.shealth,2025-01-14 23:04:34.503,d3403f6e-86d5-400a-8aa4-81f71f313c97.source_info.json,1.251823,2499.536,128.64409,3344,VfS0qUERdZ,com.sec.android.app.shealth,0,d3403f6e-86d5-400a-8aa4-81f71f313c97.achievement.json,d3403f6e-86d5-400a-8aa4-81f71f313c97,1736899200000,
62850050,3065,5fc9604f-0f43-468d-af98-428801c73b16.binning_data.json,1835510,6000,62850050,0,2025-01-15 23:00:00.754,com.sec.android.app.shealth,2025-01-15 23:00:00.754,,1.2439159,2283.22,117.71,3065,R0X8Tl1DGH,com.sec.android.app.shealth,0,5fc9604f-0f43-468d-af98-428801c73b16.achievement.json,5fc9604f-0f43-468d-af98-428801c73b16,1736899200000,
62850050,416,1ce4d23f-e4a1-40bd-8cd3-845592f28751.binning_data.json,250000,6000,62850050,10,2025-01-15 23:00:00.904,com.sec.android.app.shealth,2025-01-15 23:00:00.904,,1.2429743,310.7436,15.593719,406,MhLCbMNGdz,com.sec.android.app.shealth,0,1ce4d23f-e4a1-40bd-8cd3-845592f28751.achievement.json,1ce4d23f-e4a1-40bd-8cd3-845592f28751,1736899200000,
62850050,5649,e6853289-a06a-4480-9ab9-156d2cd52687.binning_data.json,3296786,6000,62850050,5,2025-01-16 21:20:49.456,com.sec.android.app.shealth,2025-01-15 23:03:11.147,e6853289-a06a-4480-9ab9-156d2cd52687.source_info.json,1.2817712,4225.726,218.6156,5644,VfS0qUERdZ,com.sec.android.app.shealth,0,e6853289-a06a-4480-9ab9-156d2cd52687.achievement.json,e6853289-a06a-4480-9ab9-156d2cd52687,1736985600000,
62850050,5528,3e9c6b8b-35db-4f9f-a531-d9d92a647f6e.binning_data.json,3219090,6000,62850050,0,2025-01-16 23:00:00.758,com.sec.android.app.shealth,2025-01-16 23:00:00.758,,1.2835891,4131.99,213.53,5528,R0X8Tl1DGH,com.sec.android.app.shealth,0,3e9c6b8b-35db-4f9f-a531-d9d92a647f6e.achievement.json,3e9c6b8b-35db-4f9f-a531-d9d92a647f6e,1736985600000,
62850050,212,d77f19b4-38a3-41c7-8303-b1928bdc49a3.binning_data.json,133333,6000,62850050,5,2025-01-16 23:00:00.950,com.sec.android.app.shealth,2025-01-16 23:00:00.950,,1.2190485,162.53978,8.302581,207,MhLCbMNGdz,com.sec.android.app.shealth,0,d77f19b4-38a3-41c7-8303-b1928bdc49a3.achievement.json,d77f19b4-38a3-41c7-8303-b1928bdc49a3,1736985600000,
62850050,6383,25dad37a-3705-440a-a5a4-b7351581b1d0.binning_data.json,3722369,6000,62850050,9,2025-01-17 21:59:39.754,com.sec.android.app.shealth,2025-01-17 06:47:12.536,25dad37a-3705-440a-a5a4-b7351581b1d0.source_info.json,1.2805935,4766.842,242.59637,6374,VfS0qUERdZ,com.sec.android.app.shealth,0,25dad37a-3705-440a-a5a4-b7351581b1d0.achievement.json,25dad37a-3705-440a-a5a4-b7351581b1d0,1737072000000,
62850050,5927,b3c95601-4285-44f9-9a66-41bc0376d796.binning_data.json,3549799,6000,62850050,1,2025-01-17 23:00:00.353,com.sec.android.app.shealth,2025-01-17 23:00:00.353,,1.2458704,4422.59,225.79,5926,R0X8Tl1DGH,com.sec.android.app.shealth,0,b3c95601-4285-44f9-9a66-41bc0376d796.achievement.json,b3c95601-4285-44f9-9a66-41bc0376d796,1737072000000,
62850050,604,a515a6e3-d083-4c8b-8450-10264079f418.binning_data.json,250000,6000,62850050,8,2025-01-17 23:00:00.535,com.sec.android.app.shealth,2025-01-17 23:00:00.535,,1.8218973,455.47433,22.128538,596,MhLCbMNGdz,com.sec.android.app.shealth,0,a515a6e3-d083-4c8b-8450-10264079f418.achievement.json,a515a6e3-d083-4c8b-8450-10264079f418,1737072000000,
62850050,16650,afcf3efe-1ead-47ef-ae56-ef31f46a17d5.binning_data.json,9257361,6000,62900750,62,2025-01-19 23:00:00.884,com.sec.android.app.shealth,2025-01-18 06:27:24.234,afcf3efe-1ead-47ef-ae56-ef31f46a17d5.source_info.json,1.3518368,12514.441,614.7305,16588,VfS0qUERdZ,com.sec.android.app.shealth,0,afcf3efe-1ead-47ef-ae56-ef31f46a17d5.achievement.json,afcf3efe-1ead-47ef-ae56-ef31f46a17d5,1737158400000,
62850050,14766,64501276-e37d-424c-bc41-2c38c9422dcf.binning_data.json,8680255,6000,62850050,1,2025-01-18 23:00:52.672,com.sec.android.app.shealth,2025-01-18 23:00:00.658,,1.2745005,11062.99,546.87,14765,R0X8Tl1DGH,com.sec.android.app.shealth,0,64501276-e37d-424c-bc41-2c38c9422dcf.achievement.json,64501276-e37d-424c-bc41-2c38c9422dcf,1737158400000,
62850050,9543,9e30bafd-fb28-4b51-89a5-55172f5aa446.binning_data.json,4666666,6000,62850050,98,2025-01-18 23:00:01.019,com.sec.android.app.shealth,2025-01-18 23:00:01.019,,1.5470871,7219.7397,345.44928,9445,MhLCbMNGdz,com.sec.android.app.shealth,0,9e30bafd-fb28-4b51-89a5-55172f5aa446.achievement.json,9e30bafd-fb28-4b51-89a5-55172f5aa446,1737158400000,
62850050,2645,ac0b5703-a2e9-4ec4-982d-ce169c46910b.binning_data.json,1590846,6000,62900750,0,2025-01-20 06:37:55.985,com.sec.android.app.shealth,2025-01-18 23:05:07.508,ac0b5703-a2e9-4ec4-982d-ce169c46910b.source_info.json,1.2400434,1972.7185,84.77153,2645,VfS0qUERdZ,com.sec.android.app.shealth,0,ac0b5703-a2e9-4ec4-982d-ce169c46910b.achievement.json,ac0b5703-a2e9-4ec4-982d-ce169c46910b,1737244800000,
62900750,2565,7d20b065-a677-4d1d-a7f8-df056013262d.binning_data.json,1524179,6000,62900750,0,2025-01-19 23:00:00.704,com.sec.android.app.shealth,2025-01-19 23:00:00.704,,1.2554227,1913.49,81.92,2565,R0X8Tl1DGH,com.sec.android.app.shealth,0,7d20b065-a677-4d1d-a7f8-df056013262d.achievement.json,7d20b065-a677-4d1d-a7f8-df056013262d,1737244800000,
62900750,5589,2bb3400f-1f31-4f20-88a6-0059c7ba65c6.binning_data.json,3249791,6000,62900750,56,2025-01-20 18:23:24.347,com.sec.android.app.shealth,2025-01-20 06:43:16.178,2bb3400f-1f31-4f20-88a6-0059c7ba65c6.source_info.json,1.2803841,4160.981,191.20796,5533,VfS0qUERdZ,com.sec.android.app.shealth,0,2bb3400f-1f31-4f20-88a6-0059c7ba65c6.achievement.json,2bb3400f-1f31-4f20-88a6-0059c7ba65c6,1737331200000,
62900750,3916,0eba689e-eb07-4ffa-9fa0-ea13fabea317.binning_data.json,2506962,6000,62900750,0,2025-01-20 23:00:01.544,com.sec.android.app.shealth,2025-01-20 23:00:01.544,,1.1486808,2879.7,120.31,3916,R0X8Tl1DGH,com.sec.android.app.shealth,0,0eba689e-eb07-4ffa-9fa0-ea13fabea317.achievement.json,0eba689e-eb07-4ffa-9fa0-ea13fabea317,1737331200000,
62900750,80,f4450c21-54f9-463d-9067-011ea7e0f516.binning_data.json,66666,6000,62900750,0,2025-01-20 23:00:01.857,com.sec.android.app.shealth,2025-01-20 23:00:01.857,,0.88842773,59.228516,2.851532,80,MhLCbMNGdz,com.sec.android.app.shealth,0,f4450c21-54f9-463d-9067-011ea7e0f516.achievement.json,f4450c21-54f9-463d-9067-011ea7e0f516,1737244800000,
62900750,4282,9d68683a-b285-4d69-9aef-9b2930fe3d58.binning_data.json,2033333,6000,62900750,56,2025-01-20 23:00:01.872,com.sec.android.app.shealth,2025-01-20 23:00:01.872,,1.584832,3222.4917,158.6535,4226,MhLCbMNGdz,com.sec.android.app.shealth,0,9d68683a-b285-4d69-9aef-9b2930fe3d58.achievement.json,9d68683a-b285-4d69-9aef-9b2930fe3d58,1737331200000,
62900750,4681,0cb49c0d-bc43-4978-893d-79ff97094c99.binning_data.json,2835929,6000,62900750,207,2025-01-22 06:59:19.607,com.sec.android.app.shealth,2025-01-20 23:58:07.636,0cb49c0d-bc43-4978-893d-79ff97094c99.source_info.json,1.2435303,3526.5645,159.7684,4474,VfS0qUERdZ,com.sec.android.app.shealth,0,0cb49c0d-bc43-4978-893d-79ff97094c99.achievement.json,0cb49c0d-bc43-4978-893d-79ff97094c99,1737417600000,
62900750,3742,cb3047db-451b-4161-8f43-9aca5765750f.binning_data.json,2297159,6000,62900750,22,2025-01-21 23:00:00.978,com.sec.android.app.shealth,2025-01-21 23:00:00.978,,1.2158318,2792.96,118.549995,3720,R0X8Tl1DGH,com.sec.android.app.shealth,0,cb3047db-451b-4161-8f43-9aca5765750f.achievement.json,cb3047db-451b-4161-8f43-9aca5765750f,1737417600000,
62900750,1456,76f4ae2e-218d-4b5d-9f0a-92b4da225a1a.binning_data.json,866666,6000,62900750,197,2025-01-22 23:00:01.990,com.sec.android.app.shealth,2025-01-21 23:00:01.229,,1.3024782,1128.8145,59.076416,1259,MhLCbMNGdz,com.sec.android.app.shealth,0,76f4ae2e-218d-4b5d-9f0a-92b4da225a1a.achievement.json,76f4ae2e-218d-4b5d-9f0a-92b4da225a1a,1737417600000,
62900750,4506,0ce23d70-dab7-4d2f-b6e7-372541986155.binning_data.json,2654211,6000,62900750,6,2025-01-22 22:34:36.517,com.sec.android.app.shealth,2025-01-22 07:02:06.275,0ce23d70-dab7-4d2f-b6e7-372541986155.source_info.json,1.2686809,3367.3474,145.13922,4500,VfS0qUERdZ,com.sec.android.app.shealth,0,0ce23d70-dab7-4d2f-b6e7-372541986155.achievement.json,0ce23d70-dab7-4d2f-b6e7-372541986155,1737504000000,
62900750,3926,c5320da7-0567-4e1f-bbe8-b31ea779faac.binning_data.json,2335738,6000,62900750,1,2025-01-22 23:00:01.568,com.sec.android.app.shealth,2025-01-22 23:00:01.568,,1.2553077,2932.07,122.46,3925,R0X8Tl1DGH,com.sec.android.app.shealth,0,c5320da7-0567-4e1f-bbe8-b31ea779faac.achievement.json,c5320da7-0567-4e1f-bbe8-b31ea779faac,1737504000000,
62900750,1305,4e5d2546-b75c-4fd8-9a18-92f3eb00461b.binning_data.json,649999,6000,62900750,5,2025-01-22 23:00:01.986,com.sec.android.app.shealth,2025-01-22 23:00:01.986,,1.5045508,977.958,48.151123,1300,MhLCbMNGdz,com.sec.android.app.shealth,0,4e5d2546-b75c-4fd8-9a18-92f3eb00461b.achievement.json,4e5d2546-b75c-4fd8-9a18-92f3eb00461b,1737504000000,
62900750,4578,6ae167ee-6d6b-4588-b003-02ccd33c7044.binning_data.json,2710269,6000,62900750,1,2025-01-23 22:30:54.657,com.sec.android.app.shealth,2025-01-23 07:24:36.126,6ae167ee-6d6b-4588-b003-02ccd33c7044.source_info.json,1.2626679,3422.17,141.54,4577,VfS0qUERdZ,com.sec.android.app.shealth,0,6ae167ee-6d6b-4588-b003-02ccd33c7044.achievement.json,6ae167ee-6d6b-4588-b003-02ccd33c7044,1737590400000,
62900750,4578,754b53f8-aa20-4c31-94eb-4cdb0081a46e.binning_data.json,2710269,6000,62900750,1,2025-01-23 23:00:00.693,com.sec.android.app.shealth,2025-01-23 23:00:00.693,,1.2626679,3422.17,141.54,4577,R0X8Tl1DGH,com.sec.android.app.shealth,0,754b53f8-aa20-4c31-94eb-4cdb0081a46e.achievement.json,754b53f8-aa20-4c31-94eb-4cdb0081a46e,1737590400000,
62900750,1564,8e3c46c7-c943-43e4-bb40-712e4cfd0799.binning_data.json,915297,6000,62900750,0,2025-01-24 23:00:01.538,com.sec.android.app.shealth,2025-01-24 07:50:09.108,8e3c46c7-c943-43e4-bb40-712e4cfd0799.source_info.json,1.2827737,1174.12,48.879997,1564,VfS0qUERdZ,com.sec.android.app.shealth,0,8e3c46c7-c943-43e4-bb40-712e4cfd0799.achievement.json,8e3c46c7-c943-43e4-bb40-712e4cfd0799,1737676800000,
62900750,1564,adeaa654-1189-44d7-bda8-45b236ca412b.binning_data.json,915297,6000,62900750,0,2025-01-24 23:00:01.380,com.sec.android.app.shealth,2025-01-24 23:00:01.380,,1.2827737,1174.12,48.879997,1564,R0X8Tl1DGH,com.sec.android.app.shealth,0,adeaa654-1189-44d7-bda8-45b236ca412b.achievement.json,adeaa654-1189-44d7-bda8-45b236ca412b,1737676800000,
62900750,16869,265a7605-88ed-4deb-bf2c-2adba3fe87dd.binning_data.json,9454149,6000,62900750,172,2025-01-25 22:18:24.481,com.sec.android.app.shealth,2025-01-25 06:05:33.869,265a7605-88ed-4deb-bf2c-2adba3fe87dd.source_info.json,1.3479913,12744.111,558.9864,16697,VfS0qUERdZ,com.sec.android.app.shealth,0,265a7605-88ed-4deb-bf2c-2adba3fe87dd.achievement.json,265a7605-88ed-4deb-bf2c-2adba3fe87dd,1737763200000,
62900750,13174,6aa23f1f-847e-4b2a-8d8d-fc747e742efe.binning_data.json,7655325,6000,62900750,12,2025-01-25 23:00:00.559,com.sec.android.app.shealth,2025-01-25 23:00:00.559,,1.294504,9909.85,412.09,13162,R0X8Tl1DGH,com.sec.android.app.shealth,0,6aa23f1f-847e-4b2a-8d8d-fc747e742efe.achievement.json,6aa23f1f-847e-4b2a-8d8d-fc747e742efe,1737763200000,
62900750,11369,df87ebe3-9a0d-418d-94b9-302c918149dc.binning_data.json,5883333,6000,62900750,214,2025-01-25 23:00:00.835,com.sec.android.app.shealth,2025-01-25 23:00:00.835,,1.4642203,8614.496,414.4284,11155,MhLCbMNGdz,com.sec.android.app.shealth,0,df87ebe3-9a0d-418d-94b9-302c918149dc.achievement.json,df87ebe3-9a0d-418d-94b9-302c918149dc,1737763200000,
62900750,2998,69973fba-7cea-4df5-8235-857075daf54f.binning_data.json,1815085,6000,62900750,7,2025-01-26 21:00:27.224,com.sec.android.app.shealth,2025-01-26 08:49:56.595,69973fba-7cea-4df5-8235-857075daf54f.source_info.json,1.2365062,2244.3647,98.291756,2991,VfS0qUERdZ,com.sec.android.app.shealth,0,69973fba-7cea-4df5-8235-857075daf54f.achievement.json,69973fba-7cea-4df5-8235-857075daf54f,1737849600000,
62900750,2531,1f926181-6181-48ea-9cef-c36eabf8d5dc.binning_data.json,1517121,6000,62900750,0,2025-01-26 23:00:00.740,com.sec.android.app.shealth,2025-01-26 23:00:00.740,,1.2432027,1886.09,79.909996,2531,R0X8Tl1DGH,com.sec.android.app.shealth,0,1f926181-6181-48ea-9cef-c36eabf8d5dc.achievement.json,1f926181-6181-48ea-9cef-c36eabf8d5dc,1737849600000,
62900750,879,e02d1bf9-8fcc-40ef-9921-a0adccc3fa51.binning_data.json,549999,6000,62900750,7,2025-01-26 23:00:01.022,com.sec.android.app.shealth,2025-01-26 23:00:01.022,,1.2102734,665.6504,31.933594,872,MhLCbMNGdz,com.sec.android.app.shealth,0,e02d1bf9-8fcc-40ef-9921-a0adccc3fa51.achievement.json,e02d1bf9-8fcc-40ef-9921-a0adccc3fa51,1737849600000,
62900750,2705,f33158ae-c7c9-4d3b-87b1-b86b548b5921.binning_data.json,1541268,6000,62900750,14,2025-01-27 22:36:07.026,com.sec.android.app.shealth,2025-01-27 06:51:04.705,f33158ae-c7c9-4d3b-87b1-b86b548b5921.source_info.json,1.3127291,2023.2683,88.64749,2691,VfS0qUERdZ,com.sec.android.app.shealth,0,f33158ae-c7c9-4d3b-87b1-b86b548b5921.achievement.json,f33158ae-c7c9-4d3b-87b1-b86b548b5921,1737936000000,
62900750,2403,c9242564-bde6-40c1-a97c-2c76b08ea42c.binning_data.json,1441195,6000,62900750,0,2025-01-27 23:00:00.733,com.sec.android.app.shealth,2025-01-27 23:00:00.733,,1.2429751,1791.37,75.759995,2403,R0X8Tl1DGH,com.sec.android.app.shealth,0,c9242564-bde6-40c1-a97c-2c76b08ea42c.achievement.json,c9242564-bde6-40c1-a97c-2c76b08ea42c,1737936000000,
62900750,544,d9a6ecbe-b304-4208-bd19-b1a756475446.binning_data.json,249999,6000,62900750,14,2025-01-27 23:00:01.030,com.sec.android.app.shealth,2025-01-27 23:00:01.030,,1.6437188,410.9297,20.613892,530,MhLCbMNGdz,com.sec.android.app.shealth,0,d9a6ecbe-b304-4208-bd19-b1a756475446.achievement.json,d9a6ecbe-b304-4208-bd19-b1a756475446,1737936000000,
62900750,4409,4ceb5163-63e7-4820-af50-a258f8469f2d.binning_data.json,2574164,6000,62900750,6,2025-01-28 18:49:17.988,com.sec.android.app.shealth,2025-01-28 07:15:20.681,4ceb5163-63e7-4820-af50-a258f8469f2d.source_info.json,1.2823151,3300.8901,135.52,4403,VfS0qUERdZ,com.sec.android.app.shealth,0,4ceb5163-63e7-4820-af50-a258f8469f2d.achievement.json,4ceb5163-63e7-4820-af50-a258f8469f2d,1738022400000,
62900750,4409,9fc19930-8a21-4fbe-9087-f780645ff650.binning_data.json,2574164,6000,62900750,6,2025-01-28 23:00:01.320,com.sec.android.app.shealth,2025-01-28 23:00:01.320,,1.2823151,3300.8901,135.52,4403,R0X8Tl1DGH,com.sec.android.app.shealth,0,9fc19930-8a21-4fbe-9087-f780645ff650.achievement.json,9fc19930-8a21-4fbe-9087-f780645ff650,1738022400000,
62900750,1684,49a849b9-1cab-4db8-bda7-625de73d8625.binning_data.json,975330,6000,62900750,11,2025-01-29 22:48:20.644,com.sec.android.app.shealth,2025-01-29 07:46:28.915,49a849b9-1cab-4db8-bda7-625de73d8625.source_info.json,1.308058,1275.7888,54.465332,1673,VfS0qUERdZ,com.sec.android.app.shealth,0,49a849b9-1cab-4db8-bda7-625de73d8625.achievement.json,49a849b9-1cab-4db8-bda7-625de73d8625,1738108800000,
62900750,1490,0b2a5fc8-e9e0-4a4c-8a4c-4a7bea207427.binning_data.json,866115,6000,62900750,1,2025-01-29 23:00:01.651,com.sec.android.app.shealth,2025-01-29 23:00:01.651,,1.2950345,1121.65,46.92,1489,R0X8Tl1DGH,com.sec.android.app.shealth,0,0b2a5fc8-e9e0-4a4c-8a4c-4a7bea207427.achievement.json,0b2a5fc8-e9e0-4a4c-8a4c-4a7bea207427,1738108800000,
62900750,275,c5dfe0b6-e29c-4ba9-9732-77f88df60d9f.binning_data.json,149999,6000,62900750,10,2025-01-29 23:00:02.404,com.sec.android.app.shealth,2025-01-29 23:00:02.404,,1.4303776,214.55664,10.439331,265,MhLCbMNGdz,com.sec.android.app.shealth,0,c5dfe0b6-e29c-4ba9-9732-77f88df60d9f.achievement.json,c5dfe0b6-e29c-4ba9-9732-77f88df60d9f,1738108800000,
62900750,4718,6e6260de-35ee-4700-b3d8-7cb509ad56f8.binning_data.json,2739769,6000,62900750,6,2025-01-30 23:00:01.248,com.sec.android.app.shealth,2025-01-29 23:12:00.823,6e6260de-35ee-4700-b3d8-7cb509ad56f8.source_info.json,1.2868946,3525.7942,147.53552,4712,VfS0qUERdZ,com.sec.android.app.shealth,0,6e6260de-35ee-4700-b3d8-7cb509ad56f8.achievement.json,6e6260de-35ee-4700-b3d8-7cb509ad56f8,1738195200000,
62900750,4367,e3c61e81-3447-46c8-8037-7b998544cf21.binning_data.json,2605300,6000,62900750,0,2025-01-30 23:00:00.976,com.sec.android.app.shealth,2025-01-30 23:00:00.976,,1.2510033,3259.24,134.56999,4367,R0X8Tl1DGH,com.sec.android.app.shealth,0,e3c61e81-3447-46c8-8037-7b998544cf21.achievement.json,e3c61e81-3447-46c8-8037-7b998544cf21,1738195200000,
62900750,483,72d8484a-cd48-4b7f-aafe-8aac510df448.binning_data.json,216666,6000,62900750,6,2025-01-30 23:00:01.307,com.sec.android.app.shealth,2025-01-30 23:00:01.307,,1.6825691,364.55664,17.288452,477,MhLCbMNGdz,com.sec.android.app.shealth,0,72d8484a-cd48-4b7f-aafe-8aac510df448.achievement.json,72d8484a-cd48-4b7f-aafe-8aac510df448,1738195200000,
62900750,4531,694c0636-7500-491f-8dfb-3bc3fe644b46.binning_data.json,2605123,6000,62900750,50,2025-01-31 18:51:39.788,com.sec.android.app.shealth,2025-01-30 23:08:16.567,694c0636-7500-491f-8dfb-3bc3fe644b46.source_info.json,1.325038,3451.8882,167.57684,4481,VfS0qUERdZ,com.sec.android.app.shealth,0,694c0636-7500-491f-8dfb-3bc3fe644b46.achievement.json,694c0636-7500-491f-8dfb-3bc3fe644b46,1738281600000,
62900750,4140,09730826-9dad-45c1-8209-ed35f53a7f40.binning_data.json,2350947,6000,62900750,38,2025-01-31 23:00:00.998,com.sec.android.app.shealth,2025-01-31 23:00:00.998,,1.3414887,3153.77,152.94,4102,R0X8Tl1DGH,com.sec.android.app.shealth,0,09730826-9dad-45c1-8209-ed35f53a7f40.achievement.json,09730826-9dad-45c1-8209-ed35f53a7f40,1738281600000,
62900750,577,2ab4219e-cc72-48c5-b4db-c24576afc411.binning_data.json,383333,6000,62900750,12,2025-01-31 23:00:01.215,com.sec.android.app.shealth,2025-01-31 23:00:01.215,,1.1421144,437.81055,21.20935,565,MhLCbMNGdz,com.sec.android.app.shealth,0,2ab4219e-cc72-48c5-b4db-c24576afc411.achievement.json,2ab4219e-cc72-48c5-b4db-c24576afc411,1738281600000,
62900750,18063,92a748f1-855f-4e68-b57a-d778a395b613.binning_data.json,9956181,6000,62900750,146,2025-02-01 23:00:01.135,com.sec.android.app.shealth,2025-02-01 06:15:09.113,92a748f1-855f-4e68-b57a-d778a395b613.source_info.json,1.3725476,13665.332,668.9783,17917,VfS0qUERdZ,com.sec.android.app.shealth,0,92a748f1-855f-4e68-b57a-d778a395b613.achievement.json,92a748f1-855f-4e68-b57a-d778a395b613,1738368000000,
62900750,15715,04632785-e4bb-4909-bb9a-ad448922ff73.binning_data.json,9052614,6000,62900750,0,2025-02-01 23:00:00.915,com.sec.android.app.shealth,2025-02-01 23:00:00.915,,1.307102,11832.69,577.75995,15715,R0X8Tl1DGH,com.sec.android.app.shealth,0,04632785-e4bb-4909-bb9a-ad448922ff73.achievement.json,04632785-e4bb-4909-bb9a-ad448922ff73,1738368000000,
62900750,10567,4a6c1ce5-1189-48cf-945f-d6369f39ab2f.binning_data.json,5350000,6000,62900750,220,2025-02-01 23:00:01.227,com.sec.android.app.shealth,2025-02-01 23:00:01.227,,1.4985251,8017.1094,388.74817,10347,MhLCbMNGdz,com.sec.android.app.shealth,0,4a6c1ce5-1189-48cf-945f-d6369f39ab2f.achievement.json,4a6c1ce5-1189-48cf-945f-d6369f39ab2f,1738368000000,
62900750,4074,0616aa67-742f-482d-b50b-dd8cbb36dece.binning_data.json,2385067,6000,62900750,31,2025-02-02 23:00:00.948,com.sec.android.app.shealth,2025-02-02 06:23:08.092,0616aa67-742f-482d-b50b-dd8cbb36dece.source_info.json,1.2868145,3069.1396,149.92596,4043,VfS0qUERdZ,com.sec.android.app.shealth,0,0616aa67-742f-482d-b50b-dd8cbb36dece.achievement.json,0616aa67-742f-482d-b50b-dd8cbb36dece,1738454400000,
62900750,2625,d6382b7b-0cb6-4ea7-8809-b04e13a3fe43.binning_data.json,1590844,6000,62900750,0,2025-02-02 23:00:00.747,com.sec.android.app.shealth,2025-02-02 23:00:00.747,,1.2263991,1951.01,97.31,2625,R0X8Tl1DGH,com.sec.android.app.shealth,0,d6382b7b-0cb6-4ea7-8809-b04e13a3fe43.achievement.json,d6382b7b-0cb6-4ea7-8809-b04e13a3fe43,1738454400000,
62900750,2403,f1abd419-911a-4617-827e-12dd4a61a518.binning_data.json,1416666,6000,62900750,31,2025-02-02 23:00:01.005,com.sec.android.app.shealth,2025-02-02 23:00:01.005,,1.2870014,1823.252,88.444214,2372,MhLCbMNGdz,com.sec.android.app.shealth,0,f1abd419-911a-4617-827e-12dd4a61a518.achievement.json,f1abd419-911a-4617-827e-12dd4a61a518,1738454400000,
62900750,1515,235fffc5-ba0e-4eb4-b80b-528d3cd6938c.binning_data.json,878342,6000,62900750,0,2025-02-03 23:00:01.932,com.sec.android.app.shealth,2025-02-03 09:03:15.144,235fffc5-ba0e-4eb4-b80b-528d3cd6938c.source_info.json,1.2958947,1138.24,55.56,1515,VfS0qUERdZ,com.sec.android.app.shealth,0,235fffc5-ba0e-4eb4-b80b-528d3cd6938c.achievement.json,235fffc5-ba0e-4eb4-b80b-528d3cd6938c,1738540800000,
62900750,1515,4937c319-e3a3-4fb7-be33-86ee41c19580.binning_data.json,878342,6000,62900750,0,2025-02-03 23:00:01.618,com.sec.android.app.shealth,2025-02-03 23:00:01.618,,1.2958947,1138.24,55.56,1515,R0X8Tl1DGH,com.sec.android.app.shealth,0,4937c319-e3a3-4fb7-be33-86ee41c19580.achievement.json,4937c319-e3a3-4fb7-be33-86ee41c19580,1738540800000,
62900750,5004,2b2e21da-45a7-4e9f-a3e3-18096b6eedaa.binning_data.json,2901558,6000,62900750,0,2025-02-04 23:00:00.835,com.sec.android.app.shealth,2025-02-04 07:39:56.467,2b2e21da-45a7-4e9f-a3e3-18096b6eedaa.source_info.json,1.2946182,3756.41,182.4,5004,VfS0qUERdZ,com.sec.android.app.shealth,0,2b2e21da-45a7-4e9f-a3e3-18096b6eedaa.achievement.json,2b2e21da-45a7-4e9f-a3e3-18096b6eedaa,1738627200000,
62900750,5004,e9ddeecd-e27d-46df-b4e3-2a2c7c9025ba.binning_data.json,2901558,6000,62900750,0,2025-02-04 23:00:00.588,com.sec.android.app.shealth,2025-02-04 23:00:00.588,,1.2946182,3756.41,182.4,5004,R0X8Tl1DGH,com.sec.android.app.shealth,0,e9ddeecd-e27d-46df-b4e3-2a2c7c9025ba.achievement.json,e9ddeecd-e27d-46df-b4e3-2a2c7c9025ba,1738627200000,
62900750,5361,07b0d839-d1de-4927-9fc8-1f78bfdca3a5.binning_data.json,3096097,6000,62900750,4,2025-02-05 22:42:25.786,com.sec.android.app.shealth,2025-02-05 06:53:21.327,07b0d839-d1de-4927-9fc8-1f78bfdca3a5.source_info.json,1.301248,4028.79,198.87,5357,VfS0qUERdZ,com.sec.android.app.shealth,0,07b0d839-d1de-4927-9fc8-1f78bfdca3a5.achievement.json,07b0d839-d1de-4927-9fc8-1f78bfdca3a5,1738713600000,
62900750,5361,f5c69cf1-ed03-47a3-9e70-a63f364f4722.binning_data.json,3096097,6000,62900750,4,2025-02-05 23:00:00.921,com.sec.android.app.shealth,2025-02-05 23:00:00.921,,1.301248,4028.79,198.87,5357,R0X8Tl1DGH,com.sec.android.app.shealth,0,f5c69cf1-ed03-47a3-9e70-a63f364f4722.achievement.json,f5c69cf1-ed03-47a3-9e70-a63f364f4722,1738713600000,
62900750,4636,c8ad8a55-f058-4520-9a3f-908ac76b5131.binning_data.json,2628007,6000,62900750,6,2025-02-06 20:08:02.749,com.sec.android.app.shealth,2025-02-06 07:34:51.137,c8ad8a55-f058-4520-9a3f-908ac76b5131.source_info.json,1.3317391,3499.82,165.67,4630,VfS0qUERdZ,com.sec.android.app.shealth,0,c8ad8a55-f058-4520-9a3f-908ac76b5131.achievement.json,c8ad8a55-f058-4520-9a3f-908ac76b5131,1738800000000,
62900750,4636,859edc64-c7d8-4e96-92fc-8b9adc699ab1.binning_data.json,2628007,6000,62900750,6,2025-02-06 23:00:00.805,com.sec.android.app.shealth,2025-02-06 23:00:00.805,,1.3317391,3499.82,165.67,4630,R0X8Tl1DGH,com.sec.android.app.shealth,0,859edc64-c7d8-4e96-92fc-8b9adc699ab1.achievement.json,859edc64-c7d8-4e96-92fc-8b9adc699ab1,1738800000000,
62900750,925,e7479903-e9b9-4bda-952c-ba1302d2df10.binning_data.json,551117,6000,62900750,0,2025-02-07 22:13:58.455,com.sec.android.app.shealth,2025-02-06 23:19:42.092,e7479903-e9b9-4bda-952c-ba1302d2df10.source_info.json,1.2661737,697.81,34.86,925,VfS0qUERdZ,com.sec.android.app.shealth,0,e7479903-e9b9-4bda-952c-ba1302d2df10.achievement.json,e7479903-e9b9-4bda-952c-ba1302d2df10,1738886400000,
62900750,925,c0ae53d5-35b3-4914-822e-1c0c8257a1ee.binning_data.json,551117,6000,62900750,0,2025-02-07 23:00:01.811,com.sec.android.app.shealth,2025-02-07 23:00:01.811,,1.2661737,697.81,34.86,925,R0X8Tl1DGH,com.sec.android.app.shealth,0,c0ae53d5-35b3-4914-822e-1c0c8257a1ee.achievement.json,c0ae53d5-35b3-4914-822e-1c0c8257a1ee,1738886400000,
62900750,13813,b0244d4a-4923-4de0-8109-457057bcbae0.binning_data.json,8035156,6000,62900750,0,2025-02-08 20:15:08.047,com.sec.android.app.shealth,2025-02-08 06:41:25.145,b0244d4a-4923-4de0-8109-457057bcbae0.source_info.json,1.2899339,10364.82,511.49,13813,VfS0qUERdZ,com.sec.android.app.shealth,0,b0244d4a-4923-4de0-8109-457057bcbae0.achievement.json,b0244d4a-4923-4de0-8109-457057bcbae0,1738972800000,
62900750,13813,b819b5c5-b59b-44da-9f04-95cf514ed167.binning_data.json,8035156,6000,62900750,0,2025-02-08 23:00:01.179,com.sec.android.app.shealth,2025-02-08 23:00:01.179,,1.2899339,10364.82,511.49,13813,R0X8Tl1DGH,com.sec.android.app.shealth,0,b819b5c5-b59b-44da-9f04-95cf514ed167.achievement.json,b819b5c5-b59b-44da-9f04-95cf514ed167,1738972800000,
62900750,1371,73643a75-3bb5-465b-a228-56d54f8667ee.binning_data.json,803852,6000,62900750,0,2025-02-09 20:23:00.728,com.sec.android.app.shealth,2025-02-09 07:53:18.706,73643a75-3bb5-465b-a228-56d54f8667ee.source_info.json,1.2796993,1028.6901,49.829998,1371,VfS0qUERdZ,com.sec.android.app.shealth,0,73643a75-3bb5-465b-a228-56d54f8667ee.achievement.json,73643a75-3bb5-465b-a228-56d54f8667ee,1739059200000,
62900750,1371,082e841f-073b-4d59-a6f9-67a6405dd1da.binning_data.json,803852,6000,62900750,0,2025-02-09 23:00:01.080,com.sec.android.app.shealth,2025-02-09 23:00:01.080,,1.2796993,1028.6901,49.829998,1371,R0X8Tl1DGH,com.sec.android.app.shealth,0,082e841f-073b-4d59-a6f9-67a6405dd1da.achievement.json,082e841f-073b-4d59-a6f9-67a6405dd1da,1739059200000,
62900750,1054,e3bf8d4c-6c7c-44bf-825e-47e617cd8396.binning_data.json,595001,6000,62900750,0,2025-02-10 22:18:20.040,com.sec.android.app.shealth,2025-02-10 02:41:34.876,e3bf8d4c-6c7c-44bf-825e-47e617cd8396.source_info.json,1.3469536,801.44,38.47,1054,VfS0qUERdZ,com.sec.android.app.shealth,0,e3bf8d4c-6c7c-44bf-825e-47e617cd8396.achievement.json,e3bf8d4c-6c7c-44bf-825e-47e617cd8396,1739145600000,
62900750,1054,c9e318a6-99c3-4d91-8733-762a3ed90e34.binning_data.json,595001,6000,62900750,0,2025-02-10 23:00:00.668,com.sec.android.app.shealth,2025-02-10 23:00:00.668,,1.3469536,801.44,38.47,1054,R0X8Tl1DGH,com.sec.android.app.shealth,0,c9e318a6-99c3-4d91-8733-762a3ed90e34.achievement.json,c9e318a6-99c3-4d91-8733-762a3ed90e34,1739145600000,
62900750,5921,1377cf81-8235-4474-b799-900afd5e96c9.binning_data.json,3456464,6000,62900750,0,2025-02-11 18:46:40.294,com.sec.android.app.shealth,2025-02-11 05:05:33.488,1377cf81-8235-4474-b799-900afd5e96c9.source_info.json,1.2851166,4441.96,229.83998,5921,VfS0qUERdZ,com.sec.android.app.shealth,0,1377cf81-8235-4474-b799-900afd5e96c9.achievement.json,1377cf81-8235-4474-b799-900afd5e96c9,1739232000000,
62900750,5921,868444a7-e115-42c0-a7bd-0d2dd4360674.binning_data.json,3456464,6000,62900750,0,2025-02-11 23:00:00.510,com.sec.android.app.shealth,2025-02-11 23:00:00.510,,1.2851166,4441.96,229.83998,5921,R0X8Tl1DGH,com.sec.android.app.shealth,0,868444a7-e115-42c0-a7bd-0d2dd4360674.achievement.json,868444a7-e115-42c0-a7bd-0d2dd4360674,1739232000000,
62900750,8836,e09f042a-cfd6-42ae-badb-61b05839cb39.binning_data.json,5094453,6000,62900750,0,2025-02-12 21:20:01.862,com.sec.android.app.shealth,2025-02-12 07:52:07.193,e09f042a-cfd6-42ae-badb-61b05839cb39.source_info.json,1.30308,6638.48,346.46997,8836,VfS0qUERdZ,com.sec.android.app.shealth,0,e09f042a-cfd6-42ae-badb-61b05839cb39.achievement.json,e09f042a-cfd6-42ae-badb-61b05839cb39,1739318400000,
62900750,8836,b539198d-0d3d-4574-995c-602f440dd697.binning_data.json,5094453,6000,62900750,0,2025-02-12 23:00:00.852,com.sec.android.app.shealth,2025-02-12 23:00:00.852,,1.30308,6638.48,346.46997,8836,R0X8Tl1DGH,com.sec.android.app.shealth,0,b539198d-0d3d-4574-995c-602f440dd697.achievement.json,b539198d-0d3d-4574-995c-602f440dd697,1739318400000,
62900750,3959,f59bf9cf-ac1a-440e-9aca-ff3f64715d54.binning_data.json,2244466,6000,62900750,0,2025-02-13 21:15:34.244,com.sec.android.app.shealth,2025-02-13 09:20:03.971,f59bf9cf-ac1a-440e-9aca-ff3f64715d54.source_info.json,1.3317418,2989.05,151.86,3959,VfS0qUERdZ,com.sec.android.app.shealth,0,f59bf9cf-ac1a-440e-9aca-ff3f64715d54.achievement.json,f59bf9cf-ac1a-440e-9aca-ff3f64715d54,1739404800000,
62900750,3959,98ec1a7c-8464-4b8e-89bf-0d458f6017f0.binning_data.json,2244466,6000,62900750,0,2025-02-13 23:00:00.765,com.sec.android.app.shealth,2025-02-13 23:00:00.765,,1.3317418,2989.05,151.86,3959,R0X8Tl1DGH,com.sec.android.app.shealth,0,98ec1a7c-8464-4b8e-89bf-0d458f6017f0.achievement.json,98ec1a7c-8464-4b8e-89bf-0d458f6017f0,1739404800000,
62900750,6240,7aa733f8-86da-47d2-acd7-9ef1268d4a73.binning_data.json,3475734,6000,62900750,0,2025-02-14 23:00:01.820,com.sec.android.app.shealth,2025-02-14 07:27:31.692,7aa733f8-86da-47d2-acd7-9ef1268d4a73.source_info.json,1.362138,4734.4297,229.40997,6240,VfS0qUERdZ,com.sec.android.app.shealth,0,7aa733f8-86da-47d2-acd7-9ef1268d4a73.achievement.json,7aa733f8-86da-47d2-acd7-9ef1268d4a73,1739491200000,
62900750,6240,cae97e07-6f75-4522-8716-f88e035eff5b.binning_data.json,3475734,6000,62900750,0,2025-02-14 23:00:01.366,com.sec.android.app.shealth,2025-02-14 23:00:01.366,,1.362138,4734.4297,229.40997,6240,R0X8Tl1DGH,com.sec.android.app.shealth,0,cae97e07-6f75-4522-8716-f88e035eff5b.achievement.json,cae97e07-6f75-4522-8716-f88e035eff5b,1739491200000,
62920010,16363,f023cf67-ba58-4c53-9899-25dcef5eee81.binning_data.json,9386477,6000,62920010,11,2025-02-15 21:25:17.881,com.sec.android.app.shealth,2025-02-15 06:01:11.231,f023cf67-ba58-4c53-9899-25dcef5eee81.source_info.json,1.3111383,12306.969,600.5818,16352,VfS0qUERdZ,com.sec.android.app.shealth,0,f023cf67-ba58-4c53-9899-25dcef5eee81.achievement.json,f023cf67-ba58-4c53-9899-25dcef5eee81,1739577600000,
62920010,15885,3b8f7887-d6cf-43d9-bd4d-4bed8ac98f84.binning_data.json,9195162,6000,62920010,3,2025-02-15 23:00:00.642,com.sec.android.app.shealth,2025-02-15 23:00:00.642,,1.2980869,11936.12,582.61,15882,R0X8Tl1DGH,com.sec.android.app.shealth,0,3b8f7887-d6cf-43d9-bd4d-4bed8ac98f84.achievement.json,3b8f7887-d6cf-43d9-bd4d-4bed8ac98f84,1739577600000,
62920010,809,a792c78e-6f52-4289-8c68-fe6cb3a2b103.binning_data.json,383333,6000,62920010,8,2025-02-15 23:00:00.901,com.sec.android.app.shealth,2025-02-15 23:00:00.901,,1.6154581,619.259,29.121813,801,MhLCbMNGdz,com.sec.android.app.shealth,0,a792c78e-6f52-4289-8c68-fe6cb3a2b103.achievement.json,a792c78e-6f52-4289-8c68-fe6cb3a2b103,1739577600000,
62920010,6251,84eae3ac-1f2e-4b87-8058-862c1a2afa4c.binning_data.json,3116900,6000,62920010,32,2025-02-16 20:27:49.660,com.sec.android.app.shealth,2025-02-16 08:30:12.133,84eae3ac-1f2e-4b87-8058-862c1a2afa4c.source_info.json,1.5098412,4706.025,231.37349,6219,VfS0qUERdZ,com.sec.android.app.shealth,0,84eae3ac-1f2e-4b87-8058-862c1a2afa4c.achievement.json,84eae3ac-1f2e-4b87-8058-862c1a2afa4c,1739664000000,
62920010,5009,29ec69c6-7b66-4d59-a988-a236daf5a3ae.binning_data.json,2864235,6000,62920010,0,2025-02-16 23:00:00.741,com.sec.android.app.shealth,2025-02-16 23:00:00.741,,1.3157681,3768.67,151.1,5009,R0X8Tl1DGH,com.sec.android.app.shealth,0,29ec69c6-7b66-4d59-a988-a236daf5a3ae.achievement.json,29ec69c6-7b66-4d59-a988-a236daf5a3ae,1739664000000,
62920010,6100,b100f085-53f2-44f8-a5b3-3dcedb829ee2.binning_data.json,1916666,6000,62920010,34,2025-02-16 23:00:01.017,com.sec.android.app.shealth,2025-02-16 23:00:01.017,,2.3789554,4559.6646,281.42154,6066,MhLCbMNGdz,com.sec.android.app.shealth,0,b100f085-53f2-44f8-a5b3-3dcedb829ee2.achievement.json,b100f085-53f2-44f8-a5b3-3dcedb829ee2,1739664000000,
62920010,5317,5ad89afd-a369-45eb-ace5-8eb65060c671.binning_data.json,2726256,6000,62920010,234,2025-02-17 21:07:41.508,com.sec.android.app.shealth,2025-02-17 05:53:02.847,5ad89afd-a369-45eb-ace5-8eb65060c671.source_info.json,1.4862342,4051.8555,189.90718,5083,VfS0qUERdZ,com.sec.android.app.shealth,0,5ad89afd-a369-45eb-ace5-8eb65060c671.achievement.json,5ad89afd-a369-45eb-ace5-8eb65060c671,1739750400000,
62920010,3143,13b1dffc-ce7d-4d78-995d-f9af5449b01d.binning_data.json,1790887,6000,62920010,32,2025-02-17 23:00:10.419,com.sec.android.app.shealth,2025-02-17 23:00:10.419,,1.3281069,2378.49,98.45,3111,R0X8Tl1DGH,com.sec.android.app.shealth,0,13b1dffc-ce7d-4d78-995d-f9af5449b01d.achievement.json,13b1dffc-ce7d-4d78-995d-f9af5449b01d,1739750400000,
62920010,4870,c03cb4c1-d95e-4418-9075-ec40be3c3b98.binning_data.json,2166666,6000,62920010,236,2025-02-17 23:00:10.702,com.sec.android.app.shealth,2025-02-17 23:00:10.702,,1.7200955,3726.8735,185.09363,4634,MhLCbMNGdz,com.sec.android.app.shealth,0,c03cb4c1-d95e-4418-9075-ec40be3c3b98.achievement.json,c03cb4c1-d95e-4418-9075-ec40be3c3b98,1739750400000,
62920010,7030,5d007414-68a8-4801-93f9-a3534769081b.binning_data.json,3621892,6000,62920010,129,2025-02-18 22:02:58.876,com.sec.android.app.shealth,2025-02-18 07:07:15.859,5d007414-68a8-4801-93f9-a3534769081b.source_info.json,1.464194,5303.154,217.77739,6901,VfS0qUERdZ,com.sec.android.app.shealth,0,5d007414-68a8-4801-93f9-a3534769081b.achievement.json,5d007414-68a8-4801-93f9-a3534769081b,1739836800000,
62920010,5155,61382f23-5ed8-495c-b3ad-71ba76ac5c77.binning_data.json,2943916,6000,62920010,1,2025-02-18 23:00:00.529,com.sec.android.app.shealth,2025-02-18 23:00:00.529,,1.3193038,3883.92,156.17,5154,R0X8Tl1DGH,com.sec.android.app.shealth,0,61382f23-5ed8-495c-b3ad-71ba76ac5c77.achievement.json,61382f23-5ed8-495c-b3ad-71ba76ac5c77,1739836800000,
62920010,6744,801824ac-fa11-446e-a0e5-76b561c38b6d.binning_data.json,2499999,6000,62920010,131,2025-02-18 23:00:00.825,com.sec.android.app.shealth,2025-02-18 23:00:00.825,,2.028676,5071.6904,197.77322,6613,MhLCbMNGdz,com.sec.android.app.shealth,0,801824ac-fa11-446e-a0e5-76b561c38b6d.achievement.json,801824ac-fa11-446e-a0e5-76b561c38b6d,1739836800000,
62920010,6493,8b1fe6f4-e04e-4d26-8f76-0906af5a559a.binning_data.json,3273200,6000,62920010,46,2025-02-19 22:36:05.723,com.sec.android.app.shealth,2025-02-19 08:40:08.192,8b1fe6f4-e04e-4d26-8f76-0906af5a559a.source_info.json,1.5159832,4962.1167,220.12468,6447,VfS0qUERdZ,com.sec.android.app.shealth,0,8b1fe6f4-e04e-4d26-8f76-0906af5a559a.achievement.json,8b1fe6f4-e04e-4d26-8f76-0906af5a559a,1739923200000,
62920010,4613,1cf067de-c68b-4bc7-ba7b-c3a586e434bf.binning_data.json,2523257,6000,62920010,13,2025-02-19 23:00:00.740,com.sec.android.app.shealth,2025-02-19 23:00:00.740,,1.3928465,3514.51,141.59999,4600,R0X8Tl1DGH,com.sec.android.app.shealth,0,1cf067de-c68b-4bc7-ba7b-c3a586e434bf.achievement.json,1cf067de-c68b-4bc7-ba7b-c3a586e434bf,1739923200000,
62920010,5997,9dad5f39-8e5e-421a-9271-6df6fcae06ff.binning_data.json,2499999,6000,62920010,47,2025-02-19 23:00:01.038,com.sec.android.app.shealth,2025-02-19 23:00:01.038,,1.834898,4587.245,210.46051,5950,MhLCbMNGdz,com.sec.android.app.shealth,0,9dad5f39-8e5e-421a-9271-6df6fcae06ff.achievement.json,9dad5f39-8e5e-421a-9271-6df6fcae06ff,1739923200000,
62920010,19564,17f7c07c-d5fb-47ba-ab26-110877e02398.binning_data.json,8865926,6000,62920010,3531,2025-02-20 22:20:14.772,com.sec.android.app.shealth,2025-02-20 06:01:33.833,17f7c07c-d5fb-47ba-ab26-110877e02398.source_info.json,1.9306805,17117.271,807.7634,16033,VfS0qUERdZ,com.sec.android.app.shealth,0,17f7c07c-d5fb-47ba-ab26-110877e02398.achievement.json,17f7c07c-d5fb-47ba-ab26-110877e02398,1740009600000,
62920010,16594,c3e1e028-c6ed-49c1-b151-90d79116d525.binning_data.json,8208906,6000,62920010,3430,2025-02-20 23:00:00.940,com.sec.android.app.shealth,2025-02-20 23:00:00.940,,1.8075951,14838.38,711.0299,13164,R0X8Tl1DGH,com.sec.android.app.shealth,0,c3e1e028-c6ed-49c1-b151-90d79116d525.achievement.json,c3e1e028-c6ed-49c1-b151-90d79116d525,1740009600000,
62920010,10951,d731e8f7-aef9-45b8-8dc3-144743a07bf6.binning_data.json,3883333,6000,62920010,144,2025-02-20 23:00:01.283,com.sec.android.app.shealth,2025-02-20 23:00:01.283,,2.1325567,8281.428,341.66327,10807,MhLCbMNGdz,com.sec.android.app.shealth,0,d731e8f7-aef9-45b8-8dc3-144743a07bf6.achievement.json,d731e8f7-aef9-45b8-8dc3-144743a07bf6,1740009600000,
62920010,9186,1150adff-a44e-4622-92a3-b9a5eba486ce.binning_data.json,5209640,6000,62920010,426,2025-02-21 22:59:30.194,com.sec.android.app.shealth,2025-02-21 08:40:17.973,1150adff-a44e-4622-92a3-b9a5eba486ce.source_info.json,1.3778294,7177.9956,341.00204,8760,VfS0qUERdZ,com.sec.android.app.shealth,0,1150adff-a44e-4622-92a3-b9a5eba486ce.achievement.json,1150adff-a44e-4622-92a3-b9a5eba486ce,1740096000000,
62920010,5586,c6a46260-6f90-4022-b34e-456b3b5ec071.binning_data.json,3004177,6000,62920010,244,2025-02-21 23:00:02.162,com.sec.android.app.shealth,2025-02-21 23:00:02.162,,1.4750959,4431.45,216.40997,5342,R0X8Tl1DGH,com.sec.android.app.shealth,0,c6a46260-6f90-4022-b34e-456b3b5ec071.achievement.json,c6a46260-6f90-4022-b34e-456b3b5ec071,1740096000000,
62920010,6650,45051c94-23cf-4a04-84a0-22a157549068.binning_data.json,3733333,6000,62920010,208,2025-02-21 23:00:02.824,com.sec.android.app.shealth,2025-02-21 23:00:02.824,,1.3531343,5051.701,236.60608,6442,MhLCbMNGdz,com.sec.android.app.shealth,0,45051c94-23cf-4a04-84a0-22a157549068.achievement.json,45051c94-23cf-4a04-84a0-22a157549068,1740096000000,
62920010,18480,68e5ad37-c88e-4d20-b93b-58277487ee01.binning_data.json,10084062,6000,62920010,86,2025-02-22 21:58:54.958,com.sec.android.app.shealth,2025-02-21 23:17:52.887,68e5ad37-c88e-4d20-b93b-58277487ee01.source_info.json,1.381572,13931.857,667.3996,18394,VfS0qUERdZ,com.sec.android.app.shealth,0,68e5ad37-c88e-4d20-b93b-58277487ee01.achievement.json,68e5ad37-c88e-4d20-b93b-58277487ee01,1740182400000,
62920010,16805,7d56aa53-9052-4531-8345-4d6d85215611.binning_data.json,9648340,6000,62920010,16,2025-02-22 23:00:00.861,com.sec.android.app.shealth,2025-02-22 23:00:00.861,,1.3112504,12651.39,618.83,16789,R0X8Tl1DGH,com.sec.android.app.shealth,0,7d56aa53-9052-4531-8345-4d6d85215611.achievement.json,7d56aa53-9052-4531-8345-4d6d85215611,1740182400000,
62920010,11097,f5a9fef3-5365-4294-bef4-6148d26d4bb9.binning_data.json,5616666,6000,62920010,154,2025-02-22 23:00:01.242,com.sec.android.app.shealth,2025-02-22 23:00:01.242,,1.4920166,8380.16,349.97742,10943,MhLCbMNGdz,com.sec.android.app.shealth,0,f5a9fef3-5365-4294-bef4-6148d26d4bb9.achievement.json,f5a9fef3-5365-4294-bef4-6148d26d4bb9,1740182400000,
62920010,15918,d46bd7cc-9911-4946-a493-fad9a1b2f82e.binning_data.json,7723203,6000,62920010,154,2025-02-23 21:56:12.574,com.sec.android.app.shealth,2025-02-23 06:11:09.076,d46bd7cc-9911-4946-a493-fad9a1b2f82e.source_info.json,1.5449661,11932.087,553.0725,15764,VfS0qUERdZ,com.sec.android.app.shealth,0,d46bd7cc-9911-4946-a493-fad9a1b2f82e.achievement.json,d46bd7cc-9911-4946-a493-fad9a1b2f82e,1740268800000,
62920010,11528,da82c9cb-7b7d-49d0-9c5b-4a4472357c1b.binning_data.json,7456992,6000,62920010,0,2025-02-23 23:00:00.875,com.sec.android.app.shealth,2025-02-23 23:00:00.875,,1.1351801,8465.03,443.97998,11528,R0X8Tl1DGH,com.sec.android.app.shealth,0,da82c9cb-7b7d-49d0-9c5b-4a4472357c1b.achievement.json,da82c9cb-7b7d-49d0-9c5b-4a4472357c1b,1740268800000,
62920010,14408,46d76ead-8de8-4ab1-8264-7c077fa51157.binning_data.json,5383333,6000,62920010,186,2025-02-23 23:00:01.295,com.sec.android.app.shealth,2025-02-23 23:00:01.295,,2.0142398,10843.324,419.0913,14222,MhLCbMNGdz,com.sec.android.app.shealth,0,46d76ead-8de8-4ab1-8264-7c077fa51157.achievement.json,46d76ead-8de8-4ab1-8264-7c077fa51157,1740268800000,
62920010,4248,27c93d1b-94a2-4ded-9add-2f8c04cbaa3c.binning_data.json,2471739,6000,62920010,1,2025-02-24 23:00:01.944,com.sec.android.app.shealth,2025-02-23 23:12:20.965,27c93d1b-94a2-4ded-9add-2f8c04cbaa3c.source_info.json,1.2895006,3187.31,159.74,4247,VfS0qUERdZ,com.sec.android.app.shealth,0,27c93d1b-94a2-4ded-9add-2f8c04cbaa3c.achievement.json,27c93d1b-94a2-4ded-9add-2f8c04cbaa3c,1740355200000,
62920010,4248,736222f4-3ce7-4efe-835b-a01d4a11aef1.binning_data.json,2471739,6000,62920010,1,2025-02-24 23:00:01.428,com.sec.android.app.shealth,2025-02-24 23:00:01.428,,1.2895006,3187.31,159.74,4247,R0X8Tl1DGH,com.sec.android.app.shealth,0,736222f4-3ce7-4efe-835b-a01d4a11aef1.achievement.json,736222f4-3ce7-4efe-835b-a01d4a11aef1,1740355200000,
62920010,5125,c7073208-1ca2-425f-be02-1b6fd13c0825.binning_data.json,3101220,6000,62920010,0,2025-02-25 22:41:08.054,com.sec.android.app.shealth,2025-02-25 08:07:55.945,c7073208-1ca2-425f-be02-1b6fd13c0825.source_info.json,1.228455,3809.71,194.68,5125,VfS0qUERdZ,com.sec.android.app.shealth,0,c7073208-1ca2-425f-be02-1b6fd13c0825.achievement.json,c7073208-1ca2-425f-be02-1b6fd13c0825,1740441600000,
62920010,5125,bb211e99-9788-4006-b224-de0603b7848f.binning_data.json,3101220,6000,62920010,0,2025-02-25 23:00:01.175,com.sec.android.app.shealth,2025-02-25 23:00:01.175,,1.228455,3809.71,194.68,5125,R0X8Tl1DGH,com.sec.android.app.shealth,0,bb211e99-9788-4006-b224-de0603b7848f.achievement.json,bb211e99-9788-4006-b224-de0603b7848f,1740441600000,
62920010,3986,48c2791a-debc-4dd7-bf9f-d871ead0eaae.binning_data.json,2427044,6000,62920010,0,2025-02-26 20:50:09.347,com.sec.android.app.shealth,2025-02-25 23:35:22.784,48c2791a-debc-4dd7-bf9f-d871ead0eaae.source_info.json,1.2181026,2956.39,150.98,3986,VfS0qUERdZ,com.sec.android.app.shealth,0,48c2791a-debc-4dd7-bf9f-d871ead0eaae.achievement.json,48c2791a-debc-4dd7-bf9f-d871ead0eaae,1740528000000,
62920010,3986,ac154c12-89b2-47d9-b054-add1a8a06b2d.binning_data.json,2427044,6000,62920010,0,2025-02-26 23:03:52.108,com.sec.android.app.shealth,2025-02-26 23:03:52.108,,1.2181026,2956.39,150.98,3986,R0X8Tl1DGH,com.sec.android.app.shealth,0,ac154c12-89b2-47d9-b054-add1a8a06b2d.achievement.json,ac154c12-89b2-47d9-b054-add1a8a06b2d,1740528000000,
62920010,9859,33af0c2c-695d-4390-ae0c-373f938018f5.binning_data.json,5580306,6000,62920010,0,2025-02-27 21:44:45.011,com.sec.android.app.shealth,2025-02-26 23:13:28.911,33af0c2c-695d-4390-ae0c-373f938018f5.source_info.json,1.333925,7443.71,372.59998,9859,VfS0qUERdZ,com.sec.android.app.shealth,0,33af0c2c-695d-4390-ae0c-373f938018f5.achievement.json,33af0c2c-695d-4390-ae0c-373f938018f5,1740614400000,
62920010,9859,05b77260-c6f5-48de-99ca-cd0b7a4da23f.binning_data.json,5580306,6000,62920010,0,2025-02-27 23:00:00.843,com.sec.android.app.shealth,2025-02-27 23:00:00.843,,1.333925,7443.71,372.59998,9859,R0X8Tl1DGH,com.sec.android.app.shealth,0,05b77260-c6f5-48de-99ca-cd0b7a4da23f.achievement.json,05b77260-c6f5-48de-99ca-cd0b7a4da23f,1740614400000,
62920010,5206,1fcf2d5b-091d-409a-9276-f475fbf52717.binning_data.json,2998851,6000,62920010,0,2025-02-28 23:00:01.389,com.sec.android.app.shealth,2025-02-27 23:48:01.906,1fcf2d5b-091d-409a-9276-f475fbf52717.source_info.json,1.3030989,3907.8,191.31999,5206,VfS0qUERdZ,com.sec.android.app.shealth,0,1fcf2d5b-091d-409a-9276-f475fbf52717.achievement.json,1fcf2d5b-091d-409a-9276-f475fbf52717,1740700800000,
62920010,5206,bb9ea21c-ac79-4a11-bc29-fbd544130e1a.binning_data.json,2998851,6000,62920010,0,2025-02-28 23:00:01.147,com.sec.android.app.shealth,2025-02-28 23:00:01.147,,1.3030989,3907.8,191.31999,5206,R0X8Tl1DGH,com.sec.android.app.shealth,0,bb9ea21c-ac79-4a11-bc29-fbd544130e1a.achievement.json,bb9ea21c-ac79-4a11-bc29-fbd544130e1a,1740700800000,
62920010,16457,681e07b5-e611-4970-8d67-6b82e1adf01e.binning_data.json,9537460,6000,62920010,4,2025-03-01 22:12:27.685,com.sec.android.app.shealth,2025-03-01 06:12:58.474,681e07b5-e611-4970-8d67-6b82e1adf01e.source_info.json,1.2970654,12370.71,609.42,16453,VfS0qUERdZ,com.sec.android.app.shealth,0,681e07b5-e611-4970-8d67-6b82e1adf01e.achievement.json,681e07b5-e611-4970-8d67-6b82e1adf01e,1740787200000,
62920010,16457,edaac149-f7f2-4073-b86a-1fcb9f75b0ba.binning_data.json,9537460,6000,62920010,4,2025-03-01 23:00:00.665,com.sec.android.app.shealth,2025-03-01 23:00:00.665,,1.2970654,12370.71,609.42,16453,R0X8Tl1DGH,com.sec.android.app.shealth,0,edaac149-f7f2-4073-b86a-1fcb9f75b0ba.achievement.json,edaac149-f7f2-4073-b86a-1fcb9f75b0ba,1740787200000,
62920010,2432,b19f5a8d-6538-4e87-9771-a447939be1db.binning_data.json,1456210,6000,62920010,0,2025-03-02 18:58:17.979,com.sec.android.app.shealth,2025-03-02 10:11:43.643,b19f5a8d-6538-4e87-9771-a447939be1db.source_info.json,1.2436247,1810.98,89.58,2432,VfS0qUERdZ,com.sec.android.app.shealth,0,b19f5a8d-6538-4e87-9771-a447939be1db.achievement.json,b19f5a8d-6538-4e87-9771-a447939be1db,1740873600000,
62920010,2432,bdf5ef81-b78b-4d6a-8c0d-ecb96e01eb4c.binning_data.json,1456210,6000,62920010,0,2025-03-02 23:00:00.690,com.sec.android.app.shealth,2025-03-02 23:00:00.690,,1.2436247,1810.98,89.58,2432,R0X8Tl1DGH,com.sec.android.app.shealth,0,bdf5ef81-b78b-4d6a-8c0d-ecb96e01eb4c.achievement.json,bdf5ef81-b78b-4d6a-8c0d-ecb96e01eb4c,1740873600000,
62920010,8521,890f4692-bb27-42ad-b44f-39f738292801.binning_data.json,4316162,6000,62930070,36,2025-03-04 04:42:12.135,com.sec.android.app.shealth,2025-03-03 09:22:13.394,890f4692-bb27-42ad-b44f-39f738292801.source_info.json,1.4700158,6344.8267,255.89157,8485,VfS0qUERdZ,com.sec.android.app.shealth,0,890f4692-bb27-42ad-b44f-39f738292801.achievement.json,890f4692-bb27-42ad-b44f-39f738292801,1740960000000,
62930070,6929,db0891ac-453b-4567-98a0-23535b4d9719.binning_data.json,4170777,6000,62930070,9,2025-03-03 23:00:00.890,com.sec.android.app.shealth,2025-03-03 23:00:00.890,,1.2319188,5138.06,213.20999,6920,R0X8Tl1DGH,com.sec.android.app.shealth,0,db0891ac-453b-4567-98a0-23535b4d9719.achievement.json,db0891ac-453b-4567-98a0-23535b4d9719,1740960000000,
62930070,7184,b2beb7ed-1666-41b4-8831-96b43e00da51.binning_data.json,2216666,6000,62930070,27,2025-03-04 23:00:01.135,com.sec.android.app.shealth,2025-03-03 23:00:01.157,,2.3908315,5299.6763,183.25583,7157,MhLCbMNGdz,com.sec.android.app.shealth,0,b2beb7ed-1666-41b4-8831-96b43e00da51.achievement.json,b2beb7ed-1666-41b4-8831-96b43e00da51,1740960000000,
62930070,16563,78e37528-90b8-4567-bed0-c42a45e6dd47.binning_data.json,8359891,6000,62930070,34,2025-03-04 23:00:01.068,com.sec.android.app.shealth,2025-03-04 04:27:10.520,78e37528-90b8-4567-bed0-c42a45e6dd47.source_info.json,1.4778187,12354.404,508.02615,16529,VfS0qUERdZ,com.sec.android.app.shealth,0,78e37528-90b8-4567-bed0-c42a45e6dd47.achievement.json,78e37528-90b8-4567-bed0-c42a45e6dd47,1741046400000,
62930070,14847,242c7141-08ab-4f09-b649-011b6c1e1f86.binning_data.json,8843377,6000,62930070,0,2025-03-04 23:00:00.838,com.sec.android.app.shealth,2025-03-04 23:00:00.838,,1.2496921,11051.5,473.09998,14847,R0X8Tl1DGH,com.sec.android.app.shealth,0,242c7141-08ab-4f09-b649-011b6c1e1f86.achievement.json,242c7141-08ab-4f09-b649-011b6c1e1f86,1741046400000,
62930070,13418,e113004b-e029-4c4f-af91-05371a01f7e0.binning_data.json,3883333,6000,62930070,34,2025-03-04 23:00:01.150,com.sec.android.app.shealth,2025-03-04 23:00:01.150,,2.5730011,9991.82,344.22568,13384,MhLCbMNGdz,com.sec.android.app.shealth,0,e113004b-e029-4c4f-af91-05371a01f7e0.achievement.json,e113004b-e029-4c4f-af91-05371a01f7e0,1741046400000,
62930070,13931,1e9eb97c-ef7b-4028-8107-9b924134c523.binning_data.json,6370503,6000,62930070,6,2025-03-05 21:59:57.485,com.sec.android.app.shealth,2025-03-05 08:09:16.395,1e9eb97c-ef7b-4028-8107-9b924134c523.source_info.json,1.6363547,10424.403,467.72806,13925,VfS0qUERdZ,com.sec.android.app.shealth,0,1e9eb97c-ef7b-4028-8107-9b924134c523.achievement.json,1e9eb97c-ef7b-4028-8107-9b924134c523,1741132800000,
62930070,13082,b46de2bc-1f25-42d0-b239-4a9e69605571.binning_data.json,7685175,6000,62930070,0,2025-03-05 23:00:01.058,com.sec.android.app.shealth,2025-03-05 23:00:01.058,,1.2725395,9779.689,511.67996,13082,R0X8Tl1DGH,com.sec.android.app.shealth,0,b46de2bc-1f25-42d0-b239-4a9e69605571.achievement.json,b46de2bc-1f25-42d0-b239-4a9e69605571,1741132800000,
62930070,12332,9c90a938-0a26-48b8-a951-0376d11ba4fa.binning_data.json,2799999,6000,62930070,6,2025-03-05 23:00:01.383,com.sec.android.app.shealth,2025-03-05 23:00:01.383,,3.2826357,9191.38,262.85852,12326,MhLCbMNGdz,com.sec.android.app.shealth,0,9c90a938-0a26-48b8-a951-0376d11ba4fa.achievement.json,9c90a938-0a26-48b8-a951-0376d11ba4fa,1741132800000,
62930070,20245,37fe99e2-af7d-47f1-b090-67466be8fd2a.binning_data.json,9612468,6000,62930070,25,2025-03-06 19:35:10.428,com.sec.android.app.shealth,2025-03-06 08:04:18.503,37fe99e2-af7d-47f1-b090-67466be8fd2a.source_info.json,1.5751454,15141.037,642.2501,20220,VfS0qUERdZ,com.sec.android.app.shealth,0,37fe99e2-af7d-47f1-b090-67466be8fd2a.achievement.json,37fe99e2-af7d-47f1-b090-67466be8fd2a,1741219200000,
62930070,18938,65a079b0-d8ce-416a-ab59-7341760dbe57.binning_data.json,11237070,6000,62930070,0,2025-03-06 23:00:00.719,com.sec.android.app.shealth,2025-03-06 23:00:00.719,,1.2572547,14127.86,739.89996,18938,R0X8Tl1DGH,com.sec.android.app.shealth,0,65a079b0-d8ce-416a-ab59-7341760dbe57.achievement.json,65a079b0-d8ce-416a-ab59-7341760dbe57,1741219200000,
62930070,17554,5346162f-c214-474c-92b8-4e4613c4c0cb.binning_data.json,4016666,6000,62930070,36,2025-03-07 23:00:01.139,com.sec.android.app.shealth,2025-03-06 23:00:01.113,,3.2477548,13045.148,279.06165,17518,MhLCbMNGdz,com.sec.android.app.shealth,0,5346162f-c214-474c-92b8-4e4613c4c0cb.achievement.json,5346162f-c214-474c-92b8-4e4613c4c0cb,1741219200000,
62930070,18883,0b153ddd-0acc-47c5-8364-3f5742b4d509.binning_data.json,9480981,6000,62930070,66,2025-03-07 23:20:51.830,com.sec.android.app.shealth,2025-03-07 07:15:04.609,0b153ddd-0acc-47c5-8364-3f5742b4d509.source_info.json,1.4898272,14125.024,671.1233,18817,VfS0qUERdZ,com.sec.android.app.shealth,0,0b153ddd-0acc-47c5-8364-3f5742b4d509.achievement.json,0b153ddd-0acc-47c5-8364-3f5742b4d509,1741305600000,
62930070,16260,f82999fe-7376-48a1-b77a-9dfa58f65c09.binning_data.json,9538229,6000,62930070,8,2025-03-07 23:00:00.702,com.sec.android.app.shealth,2025-03-07 23:00:00.702,,1.2722003,12134.54,639.74,16252,R0X8Tl1DGH,com.sec.android.app.shealth,0,f82999fe-7376-48a1-b77a-9dfa58f65c09.achievement.json,f82999fe-7376-48a1-b77a-9dfa58f65c09,1741305600000,
62930070,17388,eb593dd5-4bdf-4da2-965f-fd2e28cb696f.binning_data.json,5050000,6000,62930070,92,2025-03-08 23:00:02.597,com.sec.android.app.shealth,2025-03-07 23:00:01.137,,2.5667706,12962.191,454.28284,17296,MhLCbMNGdz,com.sec.android.app.shealth,0,eb593dd5-4bdf-4da2-965f-fd2e28cb696f.achievement.json,eb593dd5-4bdf-4da2-965f-fd2e28cb696f,1741305600000,
62930070,15653,dd434e0f-c673-4760-8c13-bf6205072d1f.binning_data.json,9025865,6000,62930070,0,2025-03-08 23:00:02.469,com.sec.android.app.shealth,2025-03-07 23:23:26.122,dd434e0f-c673-4760-8c13-bf6205072d1f.source_info.json,1.3049886,11778.652,576.5883,15653,VfS0qUERdZ,com.sec.android.app.shealth,0,dd434e0f-c673-4760-8c13-bf6205072d1f.achievement.json,dd434e0f-c673-4760-8c13-bf6205072d1f,1741392000000,
62930070,15630,13fe6db7-d7ec-4eec-a6ca-8665ba40a270.binning_data.json,8992532,6000,62930070,0,2025-03-08 23:00:01.768,com.sec.android.app.shealth,2025-03-08 23:00:01.768,,1.3079463,11761.75,575.77997,15630,R0X8Tl1DGH,com.sec.android.app.shealth,0,13fe6db7-d7ec-4eec-a6ca-8665ba40a270.achievement.json,13fe6db7-d7ec-4eec-a6ca-8665ba40a270,1741392000000,
62930070,23,4c6840b7-cb12-4f5b-8f67-20421f8a6005.binning_data.json,33333,6000,62930070,0,2025-03-08 23:00:02.624,com.sec.android.app.shealth,2025-03-08 23:00:02.624,,0.5070703,16.902344,0.8083496,23,MhLCbMNGdz,com.sec.android.app.shealth,0,4c6840b7-cb12-4f5b-8f67-20421f8a6005.achievement.json,4c6840b7-cb12-4f5b-8f67-20421f8a6005,1741392000000,
62930070,7154,0df4977a-3f13-48ee-bbf1-1bc22489759a.binning_data.json,3352237,6000,62930070,1240,2025-03-09 21:55:08.017,com.sec.android.app.shealth,2025-03-09 09:30:46.422,0df4977a-3f13-48ee-bbf1-1bc22489759a.source_info.json,1.8729073,6278.43,316.53992,5914,VfS0qUERdZ,com.sec.android.app.shealth,0,0df4977a-3f13-48ee-bbf1-1bc22489759a.achievement.json,0df4977a-3f13-48ee-bbf1-1bc22489759a,1741478400000,
62930070,7154,853f0b8e-30c9-4bc7-b2ac-afba9802f89c.binning_data.json,3352237,6000,62930070,1240,2025-03-09 23:00:00.469,com.sec.android.app.shealth,2025-03-09 23:00:00.469,,1.8729073,6278.43,316.53992,5914,R0X8Tl1DGH,com.sec.android.app.shealth,0,853f0b8e-30c9-4bc7-b2ac-afba9802f89c.achievement.json,853f0b8e-30c9-4bc7-b2ac-afba9802f89c,1741478400000,
62930070,4036,806223ce-5690-479c-88a2-33c3c0fed17a.binning_data.json,2350548,6000,62930070,0,2025-03-10 23:35:02.832,com.sec.android.app.shealth,2025-03-09 23:26:46.631,806223ce-5690-479c-88a2-33c3c0fed17a.source_info.json,1.287461,3026.24,153.90999,4036,VfS0qUERdZ,com.sec.android.app.shealth,0,806223ce-5690-479c-88a2-33c3c0fed17a.achievement.json,806223ce-5690-479c-88a2-33c3c0fed17a,1741564800000,
62930070,4036,0c6d6e50-9353-450d-a39d-47adf8df3244.binning_data.json,2350548,6000,62930070,0,2025-03-10 23:35:02.541,com.sec.android.app.shealth,2025-03-10 23:35:02.541,,1.287461,3026.24,153.90999,4036,R0X8Tl1DGH,com.sec.android.app.shealth,0,0c6d6e50-9353-450d-a39d-47adf8df3244.achievement.json,0c6d6e50-9353-450d-a39d-47adf8df3244,1741564800000,
62930070,5331,d960cb38-814b-4899-a45d-b683a64b1e46.binning_data.json,3002577,6000,62930070,1,2025-03-11 23:00:02.072,com.sec.android.app.shealth,2025-03-11 07:06:13.898,d960cb38-814b-4899-a45d-b683a64b1e46.source_info.json,1.3394558,4021.82,207.84,5330,VfS0qUERdZ,com.sec.android.app.shealth,0,d960cb38-814b-4899-a45d-b683a64b1e46.achievement.json,d960cb38-814b-4899-a45d-b683a64b1e46,1741651200000,
62930070,5331,c0271816-5783-4540-9225-6849f3279e56.binning_data.json,3002577,6000,62930070,1,2025-03-11 23:00:01.706,com.sec.android.app.shealth,2025-03-11 23:00:01.706,,1.3394558,4021.82,207.84,5330,R0X8Tl1DGH,com.sec.android.app.shealth,0,c0271816-5783-4540-9225-6849f3279e56.achievement.json,c0271816-5783-4540-9225-6849f3279e56,1741651200000,
62930070,5044,5cbf3487-7b32-426d-9ec2-5e95a71a0183.binning_data.json,2820447,6000,62930070,0,2025-03-12 18:35:02.775,com.sec.android.app.shealth,2025-03-12 08:35:12.154,5cbf3487-7b32-426d-9ec2-5e95a71a0183.source_info.json,1.3523917,3814.3499,196.22998,5044,VfS0qUERdZ,com.sec.android.app.shealth,0,5cbf3487-7b32-426d-9ec2-5e95a71a0183.achievement.json,5cbf3487-7b32-426d-9ec2-5e95a71a0183,1741737600000,
62930070,5044,5c1b440a-001d-467a-b155-e723ad268f1f.binning_data.json,2820447,6000,62930070,0,2025-03-12 23:28:04.122,com.sec.android.app.shealth,2025-03-12 23:28:04.122,,1.3523917,3814.3499,196.22998,5044,R0X8Tl1DGH,com.sec.android.app.shealth,0,5c1b440a-001d-467a-b155-e723ad268f1f.achievement.json,5c1b440a-001d-467a-b155-e723ad268f1f,1741737600000,
62930070,4932,cdd42ea3-7bf5-4f2e-be3a-5ba41c6081aa.binning_data.json,2657101,6000,62930070,14,2025-03-14 23:00:02.567,com.sec.android.app.shealth,2025-03-13 09:22:49.789,cdd42ea3-7bf5-4f2e-be3a-5ba41c6081aa.source_info.json,1.4203936,3774.13,176.98999,4918,VfS0qUERdZ,com.sec.android.app.shealth,0,cdd42ea3-7bf5-4f2e-be3a-5ba41c6081aa.achievement.json,cdd42ea3-7bf5-4f2e-be3a-5ba41c6081aa,1741824000000,
62930070,4932,da5af2ef-a272-4d87-b1fe-71aa3552e5e6.binning_data.json,2657101,6000,62930070,14,2025-03-13 23:00:30.499,com.sec.android.app.shealth,2025-03-13 23:00:00.691,,1.4203936,3774.13,176.98999,4918,R0X8Tl1DGH,com.sec.android.app.shealth,0,da5af2ef-a272-4d87-b1fe-71aa3552e5e6.achievement.json,da5af2ef-a272-4d87-b1fe-71aa3552e5e6,1741824000000,
62930070,2390,f4291cd0-6eb6-43c0-b661-d263fd06d227.binning_data.json,1386579,6000,62930070,0,2025-03-14 23:00:02.704,com.sec.android.app.shealth,2025-03-13 23:03:09.808,f4291cd0-6eb6-43c0-b661-d263fd06d227.source_info.json,1.295389,1796.16,85.06,2390,VfS0qUERdZ,com.sec.android.app.shealth,0,f4291cd0-6eb6-43c0-b661-d263fd06d227.achievement.json,f4291cd0-6eb6-43c0-b661-d263fd06d227,1741910400000,
62930070,2390,75716bb7-ff52-4a84-9749-ffc2005bf230.binning_data.json,1386579,6000,62930070,0,2025-03-14 23:00:02.225,com.sec.android.app.shealth,2025-03-14 23:00:02.225,,1.295389,1796.16,85.06,2390,R0X8Tl1DGH,com.sec.android.app.shealth,0,75716bb7-ff52-4a84-9749-ffc2005bf230.achievement.json,75716bb7-ff52-4a84-9749-ffc2005bf230,1741910400000,
62930070,15211,4e0f8b91-9ea4-4780-80a7-3a2089a61c83.binning_data.json,8976969,6000,62930070,10,2025-03-15 21:35:37.786,com.sec.android.app.shealth,2025-03-15 06:33:28.068,4e0f8b91-9ea4-4780-80a7-3a2089a61c83.source_info.json,1.2683345,11385.8,474.13998,15201,VfS0qUERdZ,com.sec.android.app.shealth,0,4e0f8b91-9ea4-4780-80a7-3a2089a61c83.achievement.json,4e0f8b91-9ea4-4780-80a7-3a2089a61c83,1741996800000,
62930070,15211,27d6ae14-cc0d-4421-96f4-cb9fe3fd3348.binning_data.json,8976969,6000,62930070,10,2025-03-15 23:00:00.592,com.sec.android.app.shealth,2025-03-15 23:00:00.592,,1.2683345,11385.8,474.13998,15201,R0X8Tl1DGH,com.sec.android.app.shealth,0,27d6ae14-cc0d-4421-96f4-cb9fe3fd3348.achievement.json,27d6ae14-cc0d-4421-96f4-cb9fe3fd3348,1741996800000,
62930070,7367,aa31c8d0-9d6b-4d49-9e07-719d7233f3b8.binning_data.json,4230069,6000,62930070,13,2025-03-16 20:15:26.930,com.sec.android.app.shealth,2025-03-16 07:34:52.856,aa31c8d0-9d6b-4d49-9e07-719d7233f3b8.source_info.json,1.3100566,5541.63,225.97,7354,VfS0qUERdZ,com.sec.android.app.shealth,0,aa31c8d0-9d6b-4d49-9e07-719d7233f3b8.achievement.json,aa31c8d0-9d6b-4d49-9e07-719d7233f3b8,1742083200000,
62930070,7367,8e2724af-60a9-43d9-a0d1-c2514fe31b4a.binning_data.json,4230069,6000,62930070,13,2025-03-16 23:00:00.706,com.sec.android.app.shealth,2025-03-16 23:00:00.706,,1.3100566,5541.63,225.97,7354,R0X8Tl1DGH,com.sec.android.app.shealth,0,8e2724af-60a9-43d9-a0d1-c2514fe31b4a.achievement.json,8e2724af-60a9-43d9-a0d1-c2514fe31b4a,1742083200000,
62930070,1261,b9129479-87fd-424b-ae03-7fc7c3ee86c4.binning_data.json,701714,6000,62930070,2,2025-03-17 19:55:14.946,com.sec.android.app.shealth,2025-03-17 07:25:55.188,b9129479-87fd-424b-ae03-7fc7c3ee86c4.source_info.json,1.370657,961.81,40.47,1259,VfS0qUERdZ,com.sec.android.app.shealth,0,b9129479-87fd-424b-ae03-7fc7c3ee86c4.achievement.json,b9129479-87fd-424b-ae03-7fc7c3ee86c4,1742169600000,
62930070,1636,e87dfc60-577f-48cc-9017-9d4af8cf8e88.binning_data.json,968052,6000,62930070,0,2025-03-18 20:30:24.401,com.sec.android.app.shealth,2025-03-17 23:43:50.943,e87dfc60-577f-48cc-9017-9d4af8cf8e88.source_info.json,1.2620909,1221.77,51.82,1636,VfS0qUERdZ,com.sec.android.app.shealth,0,e87dfc60-577f-48cc-9017-9d4af8cf8e88.achievement.json,e87dfc60-577f-48cc-9017-9d4af8cf8e88,1742256000000,
62930070,1636,07cff863-a2df-46ad-af5c-6feab44c18d6.binning_data.json,968052,6000,62930070,0,2025-03-18 23:00:00.734,com.sec.android.app.shealth,2025-03-17 23:43:56.646,,1.2620909,1221.77,51.82,1636,R0X8Tl1DGH,com.sec.android.app.shealth,0,07cff863-a2df-46ad-af5c-6feab44c18d6.achievement.json,07cff863-a2df-46ad-af5c-6feab44c18d6,1742256000000,
62930070,1261,8811ef80-37ba-4102-8e43-588121839f88.binning_data.json,701714,6000,62930070,2,2025-03-17 23:43:56.672,com.sec.android.app.shealth,2025-03-17 23:43:56.672,,1.370657,961.81,40.47,1259,R0X8Tl1DGH,com.sec.android.app.shealth,0,8811ef80-37ba-4102-8e43-588121839f88.achievement.json,8811ef80-37ba-4102-8e43-588121839f88,1742169600000,
62930070,2263,978c054a-ead8-471c-9f90-4980d089ddd7.binning_data.json,1306177,6000,62930070,0,2025-03-19 19:21:19.829,com.sec.android.app.shealth,2025-03-19 08:15:23.495,978c054a-ead8-471c-9f90-4980d089ddd7.source_info.json,1.3048688,1704.39,70.79,2263,VfS0qUERdZ,com.sec.android.app.shealth,0,978c054a-ead8-471c-9f90-4980d089ddd7.achievement.json,978c054a-ead8-471c-9f90-4980d089ddd7,1742342400000,
62930070,2263,e06e78bb-4d40-409c-b170-5f76bf9952da.binning_data.json,1306177,6000,62930070,0,2025-03-19 23:00:01.567,com.sec.android.app.shealth,2025-03-19 23:00:01.567,,1.3048688,1704.39,70.79,2263,R0X8Tl1DGH,com.sec.android.app.shealth,0,e06e78bb-4d40-409c-b170-5f76bf9952da.achievement.json,e06e78bb-4d40-409c-b170-5f76bf9952da,1742342400000,
62930070,9398,e80617f2-23d1-46e9-92bd-0de71334d64c.binning_data.json,4190298,6000,62930070,2228,2025-03-20 23:08:58.486,com.sec.android.app.shealth,2025-03-20 07:00:18.396,e80617f2-23d1-46e9-92bd-0de71334d64c.source_info.json,2.0534766,8604.68,417.41992,7170,VfS0qUERdZ,com.sec.android.app.shealth,0,e80617f2-23d1-46e9-92bd-0de71334d64c.achievement.json,e80617f2-23d1-46e9-92bd-0de71334d64c,1742428800000,
62930070,9398,42a22261-b96a-49d0-8cc1-7e1f26a4af72.binning_data.json,4190298,6000,62930070,2228,2025-03-20 23:08:58.280,com.sec.android.app.shealth,2025-03-20 23:08:58.280,,2.0534766,8604.68,417.41992,7170,R0X8Tl1DGH,com.sec.android.app.shealth,0,42a22261-b96a-49d0-8cc1-7e1f26a4af72.achievement.json,42a22261-b96a-49d0-8cc1-7e1f26a4af72,1742428800000,
62930070,1615,d0d7e176-d5bb-4065-b647-02441953978e.binning_data.json,944508,6000,62930070,0,2025-03-21 20:47:49.223,com.sec.android.app.shealth,2025-03-21 00:04:34.581,d0d7e176-d5bb-4065-b647-02441953978e.source_info.json,1.2838215,1212.58,58.219997,1615,VfS0qUERdZ,com.sec.android.app.shealth,0,d0d7e176-d5bb-4065-b647-02441953978e.achievement.json,d0d7e176-d5bb-4065-b647-02441953978e,1742515200000,
62930070,1615,4116cd02-88fb-48f5-aa2f-b879982add78.binning_data.json,944508,6000,62930070,0,2025-03-21 23:00:00.791,com.sec.android.app.shealth,2025-03-21 23:00:00.791,,1.2838215,1212.58,58.219997,1615,R0X8Tl1DGH,com.sec.android.app.shealth,0,4116cd02-88fb-48f5-aa2f-b879982add78.achievement.json,4116cd02-88fb-48f5-aa2f-b879982add78,1742515200000,
62930070,16956,3bc47f66-b09b-4307-b411-d7d1b63e7676.binning_data.json,9847726,6000,62930070,99,2025-03-22 23:00:01.123,com.sec.android.app.shealth,2025-03-22 06:43:33.012,3bc47f66-b09b-4307-b411-d7d1b63e7676.source_info.json,1.2897638,12701.241,622.91656,16857,VfS0qUERdZ,com.sec.android.app.shealth,0,3bc47f66-b09b-4307-b411-d7d1b63e7676.achievement.json,3bc47f66-b09b-4307-b411-d7d1b63e7676,1742601600000,
62930070,14784,2a08c5ff-1312-410b-a9c8-0387a74cd52c.binning_data.json,8795591,6000,62930070,0,2025-03-22 23:00:00.865,com.sec.android.app.shealth,2025-03-22 23:00:00.865,,1.2550015,11038.48,559.33,14784,R0X8Tl1DGH,com.sec.android.app.shealth,0,2a08c5ff-1312-410b-a9c8-0387a74cd52c.achievement.json,2a08c5ff-1312-410b-a9c8-0387a74cd52c,1742601600000,
62930070,10,6af3e23d-59cd-4e20-8d8f-7f869cbc6355.binning_data.json,16666,6000,62930070,0,2025-03-22 23:00:01.194,com.sec.android.app.shealth,2025-03-22 23:00:01.194,,0.46982402,7.8304,0.3075183,10,MhLCbMNGdz,com.sec.android.app.shealth,0,6af3e23d-59cd-4e20-8d8f-7f869cbc6355.achievement.json,6af3e23d-59cd-4e20-8d8f-7f869cbc6355,1742515200000,
62930070,10407,43d6eed2-0426-4ff7-b32d-5d568c4f3f54.binning_data.json,5683333,6000,62930070,138,2025-03-22 23:00:01.198,com.sec.android.app.shealth,2025-03-22 23:00:01.198,,1.375481,7817.316,328.12088,10269,MhLCbMNGdz,com.sec.android.app.shealth,0,43d6eed2-0426-4ff7-b32d-5d568c4f3f54.achievement.json,43d6eed2-0426-4ff7-b32d-5d568c4f3f54,1742601600000,
62930070,573,3cba30f5-57c1-408f-bdef-c18c0c01f6d6.binning_data.json,340449,6000,62930070,0,2025-03-23 11:45:51.665,com.sec.android.app.shealth,2025-03-23 07:29:14.796,3cba30f5-57c1-408f-bdef-c18c0c01f6d6.source_info.json,1.2613628,429.43,21.15,573,VfS0qUERdZ,com.sec.android.app.shealth,0,3cba30f5-57c1-408f-bdef-c18c0c01f6d6.achievement.json,3cba30f5-57c1-408f-bdef-c18c0c01f6d6,1742688000000,
