Unnamed: 0,heart_rate_min,heart_rate_max,date_time_start_hourly,date_time_end_hourly,time_offset,sample_size,location,name,datetime,temp,feelslike,dew,humidity,precip,precipprob,preciptype,snow,snowdepth,windgust,windspeed,winddir,sealevelpressure,cloudcover,visibility,solarradiation,uvindex,Clear,Overcast,Partially cloudy,Rain,Snow
0,58.0,100.0,2025-02-12 10:00:00,2025-02-12 11:00:00,UTC+0100,1,Eindhoven,Eindhoven,2025-02-12 10:00:00,3.7,1.8,2.8,94.02,0.0,0.0,,0.0,0.0,10.9,7.2,200.0,1018.0,96.7,6.3,85.0,1,0,1,0,0,0
1,62.0,83.0,2025-02-12 11:00:00,2025-02-12 12:00:00,UTC+0100,1,Eindhoven,Eindhoven,2025-02-12 11:00:00,4.2,2.4,3.1,92.58,0.0,0.0,,0.0,0.0,7.7,7.3,227.0,1018.2,96.7,6.4,125.0,1,0,1,0,0,0
2,69.0,109.0,2025-02-12 12:00:00,2025-02-12 13:00:00,UTC+0100,1,Eindhoven,Eindhoven,2025-02-12 12:00:00,4.4,4.4,3.2,91.68,0.0,0.0,,0.0,0.0,7.7,4.0,245.0,1018.3,100.0,5.4,103.0,1,0,1,0,0,0
3,71.0,110.0,2025-02-12 13:00:00,2025-02-12 14:00:00,UTC+0100,1,Eindhoven,Eindhoven,2025-02-12 13:00:00,4.9,3.3,3.4,90.15,0.0,0.0,,0.0,0.0,11.1,7.0,238.0,1018.1,97.2,5.6,123.0,1,0,1,0,0,0
4,65.0,114.0,2025-02-12 14:00:00,2025-02-12 15:00:00,UTC+0100,1,Eindhoven,Eindhoven,2025-02-12 14:00:00,5.1,3.6,3.5,89.22,0.0,0.0,,0.0,0.0,10.6,6.8,256.0,1017.8,97.2,5.8,83.0,1,0,1,0,0,0
5,76.0,76.0,2025-02-14 19:00:00,2025-02-14 20:00:00,UTC+0100,1,Eindhoven,Eindhoven,2025-02-14 19:00:00,1.3,1.3,-0.9,85.35,0.0,0.0,,0.0,0.0,4.8,3.5,164.0,1028.2,99.1,8.1,0.0,0,0,1,0,0,0
6,103.0,103.0,2025-02-15 18:00:00,2025-02-15 19:00:00,UTC+0100,1,Eindhoven,Eindhoven,2025-02-15 18:00:00,2.2,0.0,-3.9,64.38,0.0,0.0,,0.0,0.0,14.8,7.5,107.0,1022.0,100.0,26.0,0.0,0,0,1,0,0,0
7,91.0,104.0,2025-02-15 19:00:00,2025-02-15 20:00:00,UTC+0100,1,Eindhoven,Eindhoven,2025-02-15 19:00:00,2.0,-1.0,-3.9,65.12,0.0,0.0,,0.0,0.0,21.8,10.2,114.0,1022.1,98.8,32.9,0.0,0,0,1,0,0,0
8,64.0,64.0,2025-02-15 21:00:00,2025-02-15 22:00:00,UTC+0100,1,Eindhoven,Eindhoven,2025-02-15 21:00:00,1.5,-0.7,-3.7,67.96,0.0,0.0,,0.0,0.0,14.4,7.3,106.0,1022.0,99.4,36.7,0.0,0,0,1,0,0,0
9,61.0,61.0,2025-02-15 22:00:00,2025-02-15 23:00:00,UTC+0100,1,Eindhoven,Eindhoven,2025-02-15 22:00:00,1.0,-1.4,-4.1,68.74,0.0,0.0,,0.0,0.0,14.6,7.5,88.0,1021.6,99.4,37.1,0.0,0,0,1,0,0,0
10,64.0,64.0,2025-02-15 23:00:00,2025-02-16 00:00:00,UTC+0100,1,Eindhoven,Eindhoven,2025-02-15 23:00:00,1.0,-1.3,-4.1,68.84,0.0,0.0,,0.0,0.0,11.2,7.3,70.0,1021.5,99.4,40.6,0.0,0,0,1,0,0,0
11,61.0,61.0,2025-02-16 00:00:00,2025-02-16 01:00:00,UTC+0100,1,Eindhoven,Eindhoven,2025-02-16 00:00:00,1.0,-2.3,-3.9,69.86,0.0,0.0,,0.0,0.0,14.6,10.6,69.0,1021.4,99.1,36.9,0.0,0,0,1,0,0,0
12,60.0,60.0,2025-02-16 01:00:00,2025-02-16 02:00:00,UTC+0100,1,Eindhoven,Eindhoven,2025-02-16 01:00:00,0.5,-3.6,-3.3,75.92,0.0,0.0,,0.0,0.0,21.8,14.0,67.0,1021.4,99.5,12.0,0.0,0,0,1,0,0,0
13,58.0,58.0,2025-02-16 02:00:00,2025-02-16 03:00:00,UTC+0100,1,Eindhoven,Eindhoven,2025-02-16 02:00:00,0.1,-3.4,-2.7,81.39,0.003,100.0,"rain,snow",0.0,0.0,14.6,10.6,60.0,1021.3,95.8,20.4,0.0,0,0,1,0,1,1
14,58.0,58.0,2025-02-16 03:00:00,2025-02-16 04:00:00,UTC+0100,1,Eindhoven,Eindhoven,2025-02-16 03:00:00,0.0,-2.6,-2.7,82.35,0.0,0.0,,0.0,0.0,11.4,7.6,55.0,1021.1,98.1,25.5,0.0,0,0,1,0,0,0
15,60.0,60.0,2025-02-16 04:00:00,2025-02-16 05:00:00,UTC+0100,1,Eindhoven,Eindhoven,2025-02-16 04:00:00,-0.1,-3.7,-2.7,82.45,0.0,0.0,,0.0,0.0,18.1,11.2,54.0,1020.7,100.0,16.2,0.0,0,0,1,0,0,0
16,59.0,59.0,2025-02-16 05:00:00,2025-02-16 06:00:00,UTC+0100,1,Eindhoven,Eindhoven,2025-02-16 05:00:00,-0.6,-4.8,-3.0,83.64,0.0,0.0,,0.0,0.0,17.5,13.3,54.0,1021.0,83.4,16.2,0.0,0,0,0,1,0,0
17,61.0,61.0,2025-02-16 06:00:00,2025-02-16 07:00:00,UTC+0100,1,Eindhoven,Eindhoven,2025-02-16 06:00:00,-0.5,-4.1,-3.3,81.43,0.0,0.0,,0.0,0.0,14.3,10.6,62.0,1021.1,99.4,24.7,0.0,0,0,1,0,0,0
18,68.0,68.0,2025-02-16 07:00:00,2025-02-16 08:00:00,UTC+0100,1,Eindhoven,Eindhoven,2025-02-16 07:00:00,-1.1,-4.9,-4.1,80.56,0.0,0.0,,0.0,0.0,21.4,10.8,60.0,1021.0,90.9,37.0,0.0,0,0,1,0,0,0
19,75.0,75.0,2025-02-16 08:00:00,2025-02-16 09:00:00,UTC+0100,1,Eindhoven,Eindhoven,2025-02-16 08:00:00,-0.9,-5.3,-3.9,80.05,0.0,0.0,,0.0,0.0,18.1,14.1,52.0,1021.4,91.4,33.8,10.0,0,0,1,0,0,0
20,72.0,72.0,2025-02-16 09:00:00,2025-02-16 10:00:00,UTC+0100,1,Eindhoven,Eindhoven,2025-02-16 09:00:00,-1.1,-6.9,-3.8,81.88,0.0,0.0,,0.0,0.0,27.4,21.6,61.0,1022.6,50.0,18.0,35.0,0,0,0,1,0,0
21,70.0,70.0,2025-02-16 10:00:00,2025-02-16 11:00:00,UTC+0100,1,Eindhoven,Eindhoven,2025-02-16 10:00:00,0.2,-4.7,-3.4,76.61,0.0,0.0,,0.0,0.0,28.5,17.9,62.0,1022.1,93.7,25.5,194.0,2,0,1,0,0,0
22,70.0,70.0,2025-02-16 11:00:00,2025-02-16 12:00:00,UTC+0100,1,Eindhoven,Eindhoven,2025-02-16 11:00:00,1.6,-3.4,-4.1,65.82,0.0,0.0,,0.0,0.0,28.7,21.4,71.0,1022.2,92.6,34.3,253.0,3,0,1,0,0,0
23,68.0,68.0,2025-02-16 12:00:00,2025-02-16 13:00:00,UTC+0100,1,Eindhoven,Eindhoven,2025-02-16 12:00:00,2.2,-2.7,-4.8,59.78,0.0,0.0,,0.0,0.0,35.2,21.7,82.0,1022.3,52.5,35.1,373.0,4,0,0,1,0,0
24,74.0,74.0,2025-02-16 13:00:00,2025-02-16 14:00:00,UTC+0100,1,Eindhoven,Eindhoven,2025-02-16 13:00:00,3.2,-1.1,-5.0,55.03,0.0,0.0,,0.0,0.0,36.0,18.7,97.0,1021.8,46.0,35.0,309.0,3,0,0,1,0,0
25,83.0,83.0,2025-02-16 14:00:00,2025-02-16 15:00:00,UTC+0100,1,Eindhoven,Eindhoven,2025-02-16 14:00:00,4.0,-0.4,-5.5,49.95,0.0,0.0,,0.0,0.0,32.2,22.1,96.0,1021.8,30.0,35.4,404.0,4,0,0,1,0,0
26,66.0,66.0,2025-02-16 15:00:00,2025-02-16 16:00:00,UTC+0100,1,Eindhoven,Eindhoven,2025-02-16 15:00:00,4.1,0.0,-5.6,49.36,0.0,0.0,,0.0,0.0,32.4,19.2,93.0,1021.6,2.2,34.9,330.0,3,1,0,0,0,0
27,56.0,65.0,2025-02-16 16:00:00,2025-02-16 17:00:00,UTC+0100,1,Eindhoven,Eindhoven,2025-02-16 16:00:00,4.1,-0.3,-4.4,53.97,0.0,0.0,,0.0,0.0,32.5,21.5,62.0,1022.0,0.3,43.9,230.0,2,1,0,0,0,0
28,71.0,71.0,2025-02-16 17:00:00,2025-02-16 18:00:00,UTC+0100,1,Eindhoven,Eindhoven,2025-02-16 17:00:00,3.3,-1.5,-4.3,57.33,0.0,0.0,,0.0,0.0,32.3,23.6,62.0,1022.2,0.0,43.1,50.0,1,1,0,0,0,0
29,68.0,68.0,2025-02-16 18:00:00,2025-02-16 19:00:00,UTC+0100,1,Eindhoven,Eindhoven,2025-02-16 18:00:00,2.4,-1.8,-4.1,62.0,0.0,0.0,,0.0,0.0,21.7,17.2,60.0,1022.5,0.0,43.3,0.0,0,1,0,0,0,0
30,63.0,63.0,2025-02-16 19:00:00,2025-02-16 20:00:00,UTC+0100,1,Eindhoven,Eindhoven,2025-02-16 19:00:00,1.3,-3.1,-3.4,70.42,0.0,0.0,,0.0,0.0,28.8,17.1,51.0,1023.2,0.0,23.5,0.0,0,1,0,0,0,0
31,61.0,61.0,2025-02-16 20:00:00,2025-02-16 21:00:00,UTC+0100,1,Eindhoven,Eindhoven,2025-02-16 20:00:00,0.6,-4.0,-3.4,74.24,0.0,0.0,,0.0,0.0,25.1,17.1,60.0,1023.4,0.0,19.0,0.0,0,1,0,0,0,0
32,56.0,56.0,2025-02-16 21:00:00,2025-02-16 22:00:00,UTC+0100,1,Eindhoven,Eindhoven,2025-02-16 21:00:00,0.0,-4.8,-3.5,77.35,0.0,0.0,,0.0,0.0,25.0,17.2,69.0,1023.5,0.0,19.5,0.0,0,1,0,0,0,0
33,54.0,54.0,2025-02-16 22:00:00,2025-02-16 23:00:00,UTC+0100,1,Eindhoven,Eindhoven,2025-02-16 22:00:00,-0.6,-4.8,-3.7,79.32,0.0,0.0,,0.0,0.0,22.0,13.8,69.0,1023.9,0.0,19.5,0.0,0,1,0,0,0,0
34,56.0,56.0,2025-02-16 23:00:00,2025-02-17 00:00:00,UTC+0100,1,Eindhoven,Eindhoven,2025-02-16 23:00:00,-1.0,-5.4,-4.3,78.66,0.0,0.0,,0.0,0.0,18.1,13.7,60.0,1023.9,0.3,21.8,0.0,0,1,0,0,0,0
35,58.0,58.0,2025-02-17 00:00:00,2025-02-17 01:00:00,UTC+0100,1,Eindhoven,Eindhoven,2025-02-17 00:00:00,-1.8,-5.7,-4.7,80.36,0.0,0.0,,0.0,0.0,14.3,10.8,67.0,1024.0,1.6,21.9,0.0,0,1,0,0,0,0
36,57.0,57.0,2025-02-17 01:00:00,2025-02-17 02:00:00,UTC+0100,1,Eindhoven,Eindhoven,2025-02-17 01:00:00,-2.3,-5.4,-4.9,82.37,0.0,0.0,,0.0,0.0,31.4,7.7,58.0,1024.1,44.9,20.1,0.0,0,0,0,1,0,0
37,56.0,56.0,2025-02-17 02:00:00,2025-02-17 03:00:00,UTC+0100,1,Eindhoven,Eindhoven,2025-02-17 02:00:00,-2.8,-6.7,-5.1,84.02,0.0,0.0,,0.0,0.0,14.5,10.3,59.0,1024.1,12.4,19.3,0.0,0,1,0,0,0,0
38,56.0,56.0,2025-02-17 03:00:00,2025-02-17 04:00:00,UTC+0100,1,Eindhoven,Eindhoven,2025-02-17 03:00:00,-3.1,-7.1,-5.2,85.66,0.0,0.0,,0.0,0.0,14.2,10.4,60.0,1024.1,88.0,17.0,0.0,0,0,0,1,0,0
39,55.0,55.0,2025-02-17 04:00:00,2025-02-17 05:00:00,UTC+0100,1,Eindhoven,Eindhoven,2025-02-17 04:00:00,-3.7,-7.7,-5.5,87.31,0.0,0.0,,0.0,0.0,14.5,10.2,59.0,1024.2,45.6,15.1,0.0,0,0,0,1,0,0
40,67.0,67.0,2025-02-17 05:00:00,2025-02-17 06:00:00,UTC+0100,1,Eindhoven,Eindhoven,2025-02-17 05:00:00,-4.0,-7.1,-5.7,87.96,0.0,0.0,,0.0,0.0,14.4,7.3,60.0,1024.3,1.6,16.6,0.0,0,1,0,0,0,0
41,78.0,78.0,2025-02-17 06:00:00,2025-02-17 07:00:00,UTC+0100,1,Eindhoven,Eindhoven,2025-02-17 06:00:00,-4.4,-7.5,-5.8,89.73,0.0,0.0,,0.0,0.0,10.9,7.1,58.0,1024.4,11.0,14.0,0.0,0,1,0,0,0,0
42,75.0,75.0,2025-02-17 07:00:00,2025-02-17 08:00:00,UTC+0100,1,Eindhoven,Eindhoven,2025-02-17 07:00:00,-4.5,-7.6,-5.7,91.09,0.0,0.0,,0.0,0.0,11.2,7.1,68.0,1024.3,2.1,12.6,0.0,0,1,0,0,0,0
43,76.0,76.0,2025-02-17 08:00:00,2025-02-17 09:00:00,UTC+0100,1,Eindhoven,Eindhoven,2025-02-17 08:00:00,-4.4,-8.5,-5.5,91.63,0.0,0.0,,0.0,0.0,13.9,10.1,69.0,1024.6,1.8,10.0,16.0,0,1,0,0,0,0
44,68.0,68.0,2025-02-17 09:00:00,2025-02-17 10:00:00,UTC+0100,1,Eindhoven,Eindhoven,2025-02-17 09:00:00,-2.9,-5.8,-4.8,86.66,0.0,0.0,,0.0,0.0,12.6,7.1,62.0,1024.9,2.4,11.8,149.0,1,1,0,0,0,0
45,72.0,72.0,2025-02-17 10:00:00,2025-02-17 11:00:00,UTC+0100,1,Eindhoven,Eindhoven,2025-02-17 10:00:00,-1.0,-3.7,-4.4,77.73,0.0,0.0,,0.0,0.0,11.1,7.6,95.0,1024.8,2.7,16.5,281.0,3,1,0,0,0,0
46,81.0,81.0,2025-02-17 11:00:00,2025-02-17 12:00:00,UTC+0100,1,Eindhoven,Eindhoven,2025-02-17 11:00:00,0.4,-2.2,-4.3,70.84,0.0,0.0,,0.0,0.0,11.1,7.7,81.0,1024.8,2.2,18.1,383.0,4,1,0,0,0,0
47,73.0,73.0,2025-02-17 12:00:00,2025-02-17 13:00:00,UTC+0100,1,Eindhoven,Eindhoven,2025-02-17 12:00:00,2.1,-0.2,-3.8,65.06,0.0,0.0,,0.0,0.0,11.4,7.9,61.0,1025.1,1.8,22.6,449.0,4,1,0,0,0,0
48,69.0,69.0,2025-02-17 13:00:00,2025-02-17 14:00:00,UTC+0100,1,Eindhoven,Eindhoven,2025-02-17 13:00:00,3.0,0.8,-4.6,57.29,0.0,0.0,,0.0,0.0,21.5,8.1,103.0,1024.5,1.8,30.3,472.0,5,1,0,0,0,0
49,71.0,71.0,2025-02-17 14:00:00,2025-02-17 15:00:00,UTC+0100,1,Eindhoven,Eindhoven,2025-02-17 14:00:00,3.5,0.1,-5.5,51.47,0.0,0.0,,0.0,0.0,21.8,14.4,81.0,1024.1,1.8,27.8,442.0,4,1,0,0,0,0
50,74.0,74.0,2025-02-17 15:00:00,2025-02-17 16:00:00,UTC+0100,1,Eindhoven,Eindhoven,2025-02-17 15:00:00,3.8,0.4,-5.6,50.41,0.0,0.0,,0.0,0.0,22.4,14.4,79.0,1023.4,0.0,30.8,356.0,4,1,0,0,0,0
51,76.0,76.0,2025-02-17 16:00:00,2025-02-17 17:00:00,UTC+0100,1,Eindhoven,Eindhoven,2025-02-17 16:00:00,3.6,0.1,-6.3,48.41,0.0,0.0,,0.0,0.0,22.4,14.4,87.0,1023.2,0.0,39.1,239.0,2,1,0,0,0,0
52,78.0,78.0,2025-02-17 17:00:00,2025-02-17 18:00:00,UTC+0100,1,Eindhoven,Eindhoven,2025-02-17 17:00:00,2.7,-0.9,-6.4,51.09,0.0,0.0,,0.0,0.0,21.5,14.2,79.0,1023.2,0.0,33.6,55.0,1,1,0,0,0,0
53,83.0,83.0,2025-02-17 18:00:00,2025-02-17 19:00:00,UTC+0100,1,Eindhoven,Eindhoven,2025-02-17 18:00:00,1.2,-1.9,-6.1,58.24,0.0,0.0,,0.0,0.0,18.2,10.2,70.0,1023.6,1.6,34.1,0.0,0,1,0,0,0,0
54,75.0,75.0,2025-02-17 19:00:00,2025-02-17 20:00:00,UTC+0100,1,Eindhoven,Eindhoven,2025-02-17 19:00:00,-1.2,-4.0,-6.5,67.33,0.0,0.0,,0.0,0.0,31.4,7.6,41.0,1024.2,13.2,33.9,0.0,0,1,0,0,0,0
55,79.0,79.0,2025-02-17 20:00:00,2025-02-17 21:00:00,UTC+0100,1,Eindhoven,Eindhoven,2025-02-17 20:00:00,-0.4,-4.6,-6.5,63.62,0.0,0.0,,0.0,0.0,17.5,13.4,58.0,1024.4,77.1,37.9,0.0,0,0,0,1,0,0
56,64.0,64.0,2025-02-17 21:00:00,2025-02-17 22:00:00,UTC+0100,1,Eindhoven,Eindhoven,2025-02-17 21:00:00,-1.1,-4.7,-6.5,66.59,0.0,0.0,,0.0,0.0,17.8,10.3,58.0,1025.0,93.8,33.3,0.0,0,0,1,0,0,0
57,66.0,66.0,2025-02-17 22:00:00,2025-02-17 23:00:00,UTC+0100,1,Eindhoven,Eindhoven,2025-02-17 22:00:00,-1.8,-5.5,-6.6,69.81,0.0,0.0,,0.0,0.0,17.8,10.2,58.0,1025.1,72.3,28.8,0.0,0,0,0,1,0,0
58,63.0,63.0,2025-02-17 23:00:00,2025-02-18 00:00:00,UTC+0100,1,Eindhoven,Eindhoven,2025-02-17 23:00:00,-3.1,-6.2,-7.0,74.34,0.0,0.0,,0.0,0.0,11.1,7.4,49.0,1025.0,0.3,22.5,0.0,0,1,0,0,0,0
59,59.0,59.0,2025-02-18 00:00:00,2025-02-18 01:00:00,UTC+0100,1,Eindhoven,Eindhoven,2025-02-18 00:00:00,-3.4,-7.4,-6.8,77.28,0.0,0.0,,0.0,0.0,14.5,10.2,59.0,1024.7,42.4,21.4,0.0,0,0,0,1,0,0
60,59.0,59.0,2025-02-18 01:00:00,2025-02-18 02:00:00,UTC+0100,1,Eindhoven,Eindhoven,2025-02-18 01:00:00,-3.8,-7.0,-6.9,78.72,0.0,0.0,,0.0,0.0,11.7,7.8,61.0,1024.9,1.2,19.5,0.0,0,1,0,0,0,0
61,56.0,56.0,2025-02-18 02:00:00,2025-02-18 03:00:00,UTC+0100,1,Eindhoven,Eindhoven,2025-02-18 02:00:00,-3.9,-7.0,-6.8,80.43,0.0,0.0,,0.0,0.0,11.2,7.2,61.0,1025.0,3.5,18.6,0.0,0,1,0,0,0,0
62,56.0,56.0,2025-02-18 03:00:00,2025-02-18 04:00:00,UTC+0100,1,Eindhoven,Eindhoven,2025-02-18 03:00:00,-4.0,-7.1,-6.7,81.17,0.0,0.0,,0.0,0.0,11.0,7.3,68.0,1025.3,2.8,17.1,0.0,0,1,0,0,0,0
63,56.0,56.0,2025-02-18 04:00:00,2025-02-18 05:00:00,UTC+0100,1,Eindhoven,Eindhoven,2025-02-18 04:00:00,-3.9,-8.1,-6.7,80.77,0.0,0.0,,0.0,0.0,14.4,10.3,70.0,1025.0,89.8,15.1,0.0,0,0,0,1,0,0
64,58.0,58.0,2025-02-18 05:00:00,2025-02-18 06:00:00,UTC+0100,1,Eindhoven,Eindhoven,2025-02-18 05:00:00,-3.6,-7.8,-6.5,80.34,0.0,0.0,,0.0,0.0,17.4,10.6,79.0,1024.6,37.5,16.7,0.0,0,0,0,1,0,0
65,60.0,60.0,2025-02-18 06:00:00,2025-02-18 07:00:00,UTC+0100,1,Eindhoven,Eindhoven,2025-02-18 06:00:00,-4.0,-7.0,-6.5,82.31,0.0,0.0,,0.0,0.0,14.2,7.1,80.0,1025.0,86.3,15.7,0.0,0,0,0,1,0,0
66,89.0,89.0,2025-02-18 07:00:00,2025-02-18 08:00:00,UTC+0100,1,Eindhoven,Eindhoven,2025-02-18 07:00:00,-4.1,-8.4,-6.7,82.24,0.0,0.0,,0.0,0.0,17.8,10.5,78.0,1025.3,30.3,13.9,0.0,0,0,0,1,0,0
67,75.5,77.5,2025-02-18 08:00:00,2025-02-18 09:00:00,UTC+0100,2,Eindhoven,Eindhoven,2025-02-18 08:00:00,-4.1,-7.4,-6.7,82.28,0.0,0.0,,0.0,0.0,14.2,7.6,80.0,1025.9,91.9,14.0,20.0,0,0,1,0,0,0
68,70.0,72.0,2025-02-18 09:00:00,2025-02-18 10:00:00,UTC+0100,2,Eindhoven,Eindhoven,2025-02-18 09:00:00,-2.4,-7.2,-6.1,75.66,0.0,0.0,,0.0,0.0,18.0,14.2,90.0,1025.9,100.0,16.3,128.0,1,0,1,0,0,0
69,80.0,80.0,2025-02-18 10:00:00,2025-02-18 11:00:00,UTC+0100,2,Eindhoven,Eindhoven,2025-02-18 10:00:00,-1.2,-5.8,-6.0,69.73,0.0,0.0,,0.0,0.0,21.7,14.6,90.0,1026.2,18.7,16.8,290.0,3,1,0,0,0,0
70,83.5,83.5,2025-02-18 11:00:00,2025-02-18 12:00:00,UTC+0100,2,Eindhoven,Eindhoven,2025-02-18 11:00:00,0.7,-3.5,-5.8,61.79,0.0,0.0,,0.0,0.0,25.2,15.0,91.0,1026.2,60.0,24.7,377.0,4,0,0,1,0,0
71,85.5,85.5,2025-02-18 12:00:00,2025-02-18 13:00:00,UTC+0100,2,Eindhoven,Eindhoven,2025-02-18 12:00:00,1.7,-3.2,-6.7,53.69,0.0,0.0,,0.0,0.0,32.3,21.2,99.0,1026.2,80.8,27.0,458.0,5,0,0,1,0,0
72,91.5,91.5,2025-02-18 13:00:00,2025-02-18 14:00:00,UTC+0100,2,Eindhoven,Eindhoven,2025-02-18 13:00:00,2.6,-1.8,-6.3,51.86,0.0,0.0,,0.0,0.0,35.8,18.4,108.0,1025.9,13.3,27.6,472.0,5,1,0,0,0,0
73,88.0,88.0,2025-02-18 14:00:00,2025-02-18 15:00:00,UTC+0100,1,Eindhoven,Eindhoven,2025-02-18 14:00:00,2.8,-1.4,-6.9,48.64,0.0,0.0,,0.0,0.0,32.5,18.4,97.0,1025.2,23.9,28.8,439.0,4,0,0,1,0,0
74,68.0,68.0,2025-02-18 16:00:00,2025-02-18 17:00:00,UTC+0100,1,Eindhoven,Eindhoven,2025-02-18 16:00:00,3.2,-0.9,-7.6,44.88,0.0,0.0,,0.0,0.0,26.3,18.3,99.0,1024.6,72.9,29.0,259.0,3,0,0,1,0,0
75,72.0,72.0,2025-02-18 17:00:00,2025-02-18 18:00:00,UTC+0100,1,Eindhoven,Eindhoven,2025-02-18 17:00:00,3.0,-1.2,-7.9,44.76,0.0,0.0,,0.0,0.0,28.9,18.1,97.0,1024.2,68.7,29.5,84.0,1,0,0,1,0,0
76,69.0,69.0,2025-02-18 18:00:00,2025-02-18 19:00:00,UTC+0100,1,Eindhoven,Eindhoven,2025-02-18 18:00:00,2.3,-1.5,-7.2,49.33,0.0,0.0,,0.0,0.0,22.6,14.5,82.0,1024.1,52.0,29.2,0.0,0,0,0,1,0,0
77,64.0,64.0,2025-02-18 19:00:00,2025-02-18 20:00:00,UTC+0100,1,Eindhoven,Eindhoven,2025-02-18 19:00:00,1.2,-2.9,-6.7,55.9,0.0,0.0,,0.0,0.0,22.9,14.6,83.0,1024.2,4.9,28.0,0.0,0,1,0,0,0,0
78,65.0,65.0,2025-02-18 20:00:00,2025-02-18 21:00:00,UTC+0100,1,Eindhoven,Eindhoven,2025-02-18 20:00:00,0.6,-3.0,-6.8,57.68,0.0,0.0,,0.0,0.0,15.6,12.0,90.0,1024.4,5.5,29.7,0.0,0,1,0,0,0,0
79,65.0,65.0,2025-02-18 21:00:00,2025-02-18 22:00:00,UTC+0100,1,Eindhoven,Eindhoven,2025-02-18 21:00:00,0.5,-3.1,-6.7,58.14,0.0,0.0,,0.0,0.0,19.0,11.8,99.0,1024.2,51.4,29.0,0.0,0,0,0,1,0,0
80,60.0,62.0,2025-02-18 22:00:00,2025-02-18 23:00:00,UTC+0100,1,Eindhoven,Eindhoven,2025-02-18 22:00:00,0.2,-3.4,-6.6,60.11,0.0,0.0,,0.0,0.0,19.1,11.5,99.0,1024.2,48.3,29.2,0.0,0,0,0,1,0,0
81,57.0,57.0,2025-02-18 23:00:00,2025-02-19 00:00:00,UTC+0100,1,Eindhoven,Eindhoven,2025-02-18 23:00:00,0.0,-3.7,-6.4,62.08,0.0,0.0,,0.0,0.0,21.9,11.7,99.0,1024.0,79.4,27.5,0.0,0,0,0,1,0,0
82,58.0,58.0,2025-02-19 00:00:00,2025-02-19 01:00:00,UTC+0100,1,Eindhoven,Eindhoven,2025-02-19 00:00:00,0.0,-4.8,-6.3,62.43,0.0,0.0,,0.0,0.0,28.5,17.3,99.0,1023.5,76.2,24.4,0.0,0,0,0,1,0,0
83,58.0,58.0,2025-02-19 01:00:00,2025-02-19 02:00:00,UTC+0100,1,Eindhoven,Eindhoven,2025-02-19 01:00:00,-0.2,-4.6,-6.4,63.29,0.0,0.0,,0.0,0.0,28.6,14.6,99.0,1023.4,93.1,22.7,0.0,0,0,1,0,0,0
84,57.0,57.0,2025-02-19 02:00:00,2025-02-19 03:00:00,UTC+0100,1,Eindhoven,Eindhoven,2025-02-19 02:00:00,0.0,-4.3,-6.5,61.57,0.0,0.0,,0.0,0.0,22.5,15.0,99.0,1023.3,94.1,26.1,0.0,0,0,1,0,0,0
85,56.0,56.0,2025-02-19 03:00:00,2025-02-19 04:00:00,UTC+0100,1,Eindhoven,Eindhoven,2025-02-19 03:00:00,0.0,-4.4,-7.1,59.03,0.0,0.0,,0.0,0.0,25.6,14.7,100.0,1023.0,93.8,29.0,0.0,0,0,1,0,0,0
86,57.0,57.0,2025-02-19 04:00:00,2025-02-19 05:00:00,UTC+0100,1,Eindhoven,Eindhoven,2025-02-19 04:00:00,-0.5,-4.9,-7.3,60.09,0.0,0.0,,0.0,0.0,22.8,14.7,99.0,1022.5,86.6,33.1,0.0,0,0,0,1,0,0
87,57.0,57.0,2025-02-19 05:00:00,2025-02-19 06:00:00,UTC+0100,1,Eindhoven,Eindhoven,2025-02-19 05:00:00,-0.6,-5.1,-7.6,59.06,0.0,0.0,,0.0,0.0,22.1,14.7,99.0,1022.3,94.4,33.1,0.0,0,0,1,0,0,0
88,60.0,60.0,2025-02-19 06:00:00,2025-02-19 07:00:00,UTC+0100,1,Eindhoven,Eindhoven,2025-02-19 06:00:00,-0.9,-5.4,-7.6,60.73,0.0,0.0,,0.0,0.0,22.4,14.5,100.0,1022.3,97.2,33.1,0.0,0,0,1,0,0,0
89,77.5,77.5,2025-02-19 07:00:00,2025-02-19 08:00:00,UTC+0100,2,Eindhoven,Eindhoven,2025-02-19 07:00:00,-1.0,-5.5,-7.6,60.72,0.0,0.0,,0.0,0.0,29.2,14.7,100.0,1022.0,99.4,33.1,0.0,0,0,1,0,0,0
90,73.5,73.5,2025-02-19 08:00:00,2025-02-19 09:00:00,UTC+0100,2,Eindhoven,Eindhoven,2025-02-19 08:00:00,-0.9,-5.5,-7.8,59.6,0.0,0.0,,0.0,0.0,25.5,14.7,116.0,1022.0,97.2,28.3,21.0,0,0,1,0,0,0
91,78.5,78.5,2025-02-19 09:00:00,2025-02-19 10:00:00,UTC+0100,2,Eindhoven,Eindhoven,2025-02-19 09:00:00,-0.3,-4.8,-7.6,57.95,0.0,0.0,,0.0,0.0,21.6,15.1,109.0,1022.2,97.1,29.9,95.0,1,0,1,0,0,0
92,75.0,83.33333333333333,2025-02-19 10:00:00,2025-02-19 11:00:00,UTC+0100,3,Eindhoven,Eindhoven,2025-02-19 10:00:00,0.6,-4.2,-7.7,53.77,0.0,0.0,,0.0,0.0,29.0,17.9,118.0,1022.0,97.2,28.4,191.0,2,0,1,0,0,0
93,79.0,86.33333333333333,2025-02-19 11:00:00,2025-02-19 12:00:00,UTC+0100,3,Eindhoven,Eindhoven,2025-02-19 11:00:00,1.6,-2.9,-7.7,50.12,0.0,0.0,,0.0,0.0,28.9,18.4,109.0,1022.0,97.2,25.5,285.0,3,0,1,0,0,0
94,80.66666666666667,89.66666666666667,2025-02-19 12:00:00,2025-02-19 13:00:00,UTC+0100,3,Eindhoven,Eindhoven,2025-02-19 12:00:00,2.8,-1.4,-7.4,47.14,0.0,0.0,,0.0,0.0,25.6,18.2,109.0,1022.0,97.2,29.8,339.0,3,0,1,0,0,0
95,85.33333333333333,91.66666666666669,2025-02-19 13:00:00,2025-02-19 14:00:00,UTC+0100,3,Eindhoven,Eindhoven,2025-02-19 13:00:00,4.2,0.7,-7.0,44.13,0.0,0.0,,0.0,0.0,25.8,15.1,100.0,1021.7,99.4,28.5,386.0,4,0,1,0,0,0
96,87.66666666666667,96.0,2025-02-19 14:00:00,2025-02-19 15:00:00,UTC+0100,3,Eindhoven,Eindhoven,2025-02-19 14:00:00,4.8,1.1,-6.7,43.27,0.0,0.0,,0.0,0.0,25.5,18.1,109.0,1021.0,99.4,29.5,435.0,4,0,1,0,0,0
97,80.0,93.5,2025-02-19 15:00:00,2025-02-19 16:00:00,UTC+0100,2,Eindhoven,Eindhoven,2025-02-19 15:00:00,5.3,1.8,-6.5,42.36,0.0,0.0,,0.0,0.0,25.3,17.2,119.0,1020.9,99.4,25.9,340.0,3,0,1,0,0,0
98,77.0,88.0,2025-02-19 16:00:00,2025-02-19 17:00:00,UTC+0100,2,Eindhoven,Eindhoven,2025-02-19 16:00:00,5.5,2.5,-6.0,43.32,0.0,0.0,,0.0,0.0,22.9,14.4,118.0,1020.7,97.2,26.7,108.0,1,0,1,0,0,0
99,85.5,95.5,2025-02-19 17:00:00,2025-02-19 18:00:00,UTC+0100,2,Eindhoven,Eindhoven,2025-02-19 17:00:00,4.5,1.8,-5.7,47.58,0.0,0.0,,0.0,0.0,18.1,11.0,125.0,1020.8,98.8,33.5,35.0,0,0,1,0,0,0
100,86.0,99.5,2025-02-19 18:00:00,2025-02-19 19:00:00,UTC+0100,2,Eindhoven,Eindhoven,2025-02-19 18:00:00,3.8,1.8,-5.4,51.07,0.0,0.0,,0.0,0.0,14.8,7.8,117.0,1020.7,99.4,29.2,0.0,0,0,1,0,0,0
101,83.0,83.0,2025-02-19 19:00:00,2025-02-19 20:00:00,UTC+0100,1,Eindhoven,Eindhoven,2025-02-19 19:00:00,3.6,0.9,-5.1,53.08,0.0,0.0,,0.0,0.0,28.9,10.7,117.0,1020.7,99.4,25.8,0.0,0,0,1,0,0,0
102,79.0,79.0,2025-02-19 20:00:00,2025-02-19 21:00:00,UTC+0100,1,Eindhoven,Eindhoven,2025-02-19 20:00:00,3.4,0.1,-4.5,56.1,0.0,0.0,,0.0,0.0,17.9,13.4,128.0,1020.8,100.0,28.6,0.0,0,0,1,0,0,0
103,72.0,72.0,2025-02-19 21:00:00,2025-02-19 22:00:00,UTC+0100,1,Eindhoven,Eindhoven,2025-02-19 21:00:00,3.0,0.2,-3.8,60.97,0.0,0.0,,0.0,0.0,17.9,10.7,129.0,1021.0,99.4,25.0,0.0,0,0,1,0,0,0
104,71.0,71.0,2025-02-19 22:00:00,2025-02-19 23:00:00,UTC+0100,1,Eindhoven,Eindhoven,2025-02-19 22:00:00,2.7,-0.2,-3.1,65.5,0.0,0.0,,0.0,0.0,18.0,10.6,129.0,1021.1,99.4,20.4,0.0,0,0,1,0,0,0
105,65.0,66.0,2025-02-19 23:00:00,2025-02-20 00:00:00,UTC+0100,1,Eindhoven,Eindhoven,2025-02-19 23:00:00,2.1,-0.9,-2.8,70.09,0.0,0.0,,0.0,0.0,17.6,10.4,128.0,1020.9,78.2,16.6,0.0,0,0,0,1,0,0
106,64.0,64.0,2025-02-20 00:00:00,2025-02-20 01:00:00,UTC+0100,1,Eindhoven,Eindhoven,2025-02-20 00:00:00,1.6,-1.5,-2.7,73.47,0.0,0.0,,0.0,0.0,17.6,10.2,137.0,1020.9,31.5,16.6,0.0,0,0,0,1,0,0
107,65.0,65.0,2025-02-20 01:00:00,2025-02-20 02:00:00,UTC+0100,1,Eindhoven,Eindhoven,2025-02-20 01:00:00,1.4,-1.7,-2.4,76.18,0.0,0.0,,0.0,0.0,17.9,10.0,128.0,1020.9,96.6,14.9,0.0,0,0,1,0,0,0
108,62.0,62.0,2025-02-20 02:00:00,2025-02-20 03:00:00,UTC+0100,1,Eindhoven,Eindhoven,2025-02-20 02:00:00,1.8,-1.1,-2.1,75.32,0.0,0.0,,0.0,0.0,17.5,9.7,137.0,1021.1,98.9,14.9,0.0,0,0,1,0,0,0
109,61.0,61.0,2025-02-20 03:00:00,2025-02-20 04:00:00,UTC+0100,1,Eindhoven,Eindhoven,2025-02-20 03:00:00,1.5,-0.6,-1.8,78.5,0.0,0.0,,0.0,0.0,14.1,6.8,129.0,1020.9,96.5,13.8,0.0,0,0,1,0,0,0
110,62.0,62.0,2025-02-20 04:00:00,2025-02-20 05:00:00,UTC+0100,1,Eindhoven,Eindhoven,2025-02-20 04:00:00,2.2,-0.7,-1.0,79.12,0.0,0.0,,0.0,0.0,17.6,10.1,139.0,1020.1,97.6,13.8,0.0,0,0,1,0,0,0
111,61.0,61.0,2025-02-20 05:00:00,2025-02-20 06:00:00,UTC+0100,1,Eindhoven,Eindhoven,2025-02-20 05:00:00,2.3,-0.5,-0.7,80.88,0.0,0.0,,0.0,0.0,17.5,9.7,159.0,1020.2,88.0,12.1,0.0,0,0,0,1,0,0
112,83.0,83.0,2025-02-20 06:00:00,2025-02-20 07:00:00,UTC+0100,1,Eindhoven,Eindhoven,2025-02-20 06:00:00,3.1,-0.2,0.1,80.9,0.0,0.0,,0.0,0.0,17.7,12.8,150.0,1020.1,99.5,11.1,0.0,0,0,1,0,0,0
113,111.0,111.0,2025-02-20 07:00:00,2025-02-20 08:00:00,UTC+0100,1,Eindhoven,Eindhoven,2025-02-20 07:00:00,3.9,0.7,1.2,82.4,0.0,0.0,,0.0,0.0,17.9,12.9,160.0,1020.3,99.0,11.1,0.0,0,0,1,0,0,0
114,99.0,99.0,2025-02-20 08:00:00,2025-02-20 09:00:00,UTC+0100,1,Eindhoven,Eindhoven,2025-02-20 08:00:00,4.7,2.3,2.1,82.76,0.0,0.0,,0.0,0.0,14.1,10.4,161.0,1020.4,99.4,10.9,13.0,0,0,1,0,0,0
115,82.0,97.5,2025-02-20 09:00:00,2025-02-20 10:00:00,UTC+0100,2,Eindhoven,Eindhoven,2025-02-20 09:00:00,6.6,4.3,3.8,82.44,0.0,0.0,,0.0,0.0,14.4,11.3,169.0,1020.3,90.9,10.2,86.0,1,0,1,0,0,0
116,77.0,92.0,2025-02-20 10:00:00,2025-02-20 11:00:00,UTC+0100,2,Eindhoven,Eindhoven,2025-02-20 10:00:00,8.1,5.7,5.5,83.56,0.0,0.0,,0.0,0.0,17.8,13.8,179.0,1020.3,99.4,10.1,134.0,1,0,1,0,0,0
117,85.5,93.0,2025-02-20 11:00:00,2025-02-20 12:00:00,UTC+0100,2,Eindhoven,Eindhoven,2025-02-20 11:00:00,10.4,10.4,7.1,80.05,0.0,0.0,,0.0,0.0,21.8,14.6,181.0,1020.4,99.4,12.0,329.0,3,0,1,0,0,0
118,84.5,95.0,2025-02-20 12:00:00,2025-02-20 13:00:00,UTC+0100,2,Eindhoven,Eindhoven,2025-02-20 12:00:00,11.3,11.3,7.2,76.13,0.0,0.0,,0.0,0.0,27.9,17.3,190.0,1020.5,97.1,14.6,222.0,2,0,1,0,0,0
119,88.33333333333333,100.0,2025-02-20 13:00:00,2025-02-20 14:00:00,UTC+0100,3,Eindhoven,Eindhoven,2025-02-20 13:00:00,12.1,12.1,7.3,72.32,0.0,0.0,,0.0,0.0,35.0,18.1,193.0,1020.0,99.4,17.9,179.0,2,0,1,0,0,0
120,86.33333333333333,97.33333333333331,2025-02-20 14:00:00,2025-02-20 15:00:00,UTC+0100,3,Eindhoven,Eindhoven,2025-02-20 14:00:00,12.3,12.3,7.8,74.05,0.0,0.0,,0.0,0.0,28.6,21.0,201.0,1020.4,98.8,18.1,149.0,1,0,1,0,0,0
121,79.0,103.0,2025-02-20 15:00:00,2025-02-20 16:00:00,UTC+0100,3,Eindhoven,Eindhoven,2025-02-20 15:00:00,12.2,12.2,8.2,76.63,0.0,0.0,,0.0,0.0,25.8,17.7,202.0,1020.3,99.4,17.5,155.0,2,0,1,0,0,0
122,83.66666666666667,90.33333333333331,2025-02-20 16:00:00,2025-02-20 17:00:00,UTC+0100,3,Eindhoven,Eindhoven,2025-02-20 16:00:00,12.4,12.4,8.9,79.27,0.0,0.0,,0.0,0.0,26.0,17.7,201.0,1020.3,99.4,19.9,36.0,0,0,1,0,0,0
123,88.5,88.5,2025-02-20 17:00:00,2025-02-20 18:00:00,UTC+0100,2,Eindhoven,Eindhoven,2025-02-20 17:00:00,11.8,11.8,9.1,83.83,0.0,0.0,,0.0,0.0,26.1,17.8,209.0,1020.9,98.5,22.1,22.0,0,0,1,0,0,0
124,93.0,93.0,2025-02-20 18:00:00,2025-02-20 19:00:00,UTC+0100,1,Eindhoven,Eindhoven,2025-02-20 18:00:00,10.8,10.8,9.2,89.41,0.0,0.0,,0.0,0.0,25.5,14.2,190.0,1020.7,99.5,14.8,0.0,0,0,1,0,0,0
125,85.5,85.5,2025-02-20 19:00:00,2025-02-20 20:00:00,UTC+0100,2,Eindhoven,Eindhoven,2025-02-20 19:00:00,10.8,10.8,9.1,89.8,0.0,0.0,,0.0,0.0,21.4,14.2,180.0,1020.9,100.0,19.2,0.0,0,0,1,0,0,0
126,90.5,90.5,2025-02-20 20:00:00,2025-02-20 21:00:00,UTC+0100,2,Eindhoven,Eindhoven,2025-02-20 20:00:00,10.1,10.1,8.1,87.39,0.0,0.0,,0.0,0.0,30.2,11.2,180.0,1020.0,90.0,10.0,0.0,0,0,0,1,0,0
127,81.5,81.5,2025-02-20 21:00:00,2025-02-20 22:00:00,UTC+0100,2,Eindhoven,Eindhoven,2025-02-20 21:00:00,11.1,11.1,8.1,81.76,0.0,0.0,,0.0,0.0,30.2,5.4,310.0,1021.0,100.0,10.0,0.0,0,0,1,0,0,0
128,83.33333333333333,83.33333333333333,2025-02-20 22:00:00,2025-02-20 23:00:00,UTC+0100,3,Eindhoven,Eindhoven,2025-02-20 22:00:00,11.3,11.3,8.7,84.01,0.0,0.0,,0.0,0.0,21.6,14.4,200.0,1021.2,100.0,29.9,0.0,0,0,1,0,0,0
129,59.0,59.0,2025-02-20 23:00:00,2025-02-21 00:00:00,UTC+0100,1,Eindhoven,Eindhoven,2025-02-20 23:00:00,10.8,10.8,8.6,86.17,0.0,0.0,,0.0,0.0,21.4,14.0,191.0,1021.4,99.4,26.5,0.0,0,0,1,0,0,0
130,61.0,61.0,2025-02-21 00:00:00,2025-02-21 01:00:00,UTC+0100,1,Eindhoven,Eindhoven,2025-02-21 00:00:00,11.1,11.1,8.6,84.87,0.0,0.0,,0.0,0.0,21.1,13.7,183.0,1021.6,99.4,22.6,0.0,0,0,1,0,0,0
131,62.0,62.0,2025-02-21 01:00:00,2025-02-21 02:00:00,UTC+0100,1,Eindhoven,Eindhoven,2025-02-21 01:00:00,10.8,10.8,8.8,87.66,0.0,0.0,,0.0,0.0,28.1,11.1,190.0,1021.8,100.0,26.8,0.0,0,0,1,0,0,0
132,62.0,62.0,2025-02-21 02:00:00,2025-02-21 03:00:00,UTC+0100,1,Eindhoven,Eindhoven,2025-02-21 02:00:00,10.8,10.8,9.0,88.84,0.0,0.0,,0.0,0.0,17.9,14.1,173.0,1021.3,99.1,28.2,0.0,0,0,1,0,0,0
133,60.0,60.0,2025-02-21 03:00:00,2025-02-21 04:00:00,UTC+0100,1,Eindhoven,Eindhoven,2025-02-21 03:00:00,10.6,10.6,8.9,89.17,0.0,0.0,,0.0,0.0,17.7,11.2,172.0,1020.8,99.4,26.5,0.0,0,0,1,0,0,0
134,58.0,58.0,2025-02-21 04:00:00,2025-02-21 05:00:00,UTC+0100,1,Eindhoven,Eindhoven,2025-02-21 04:00:00,10.3,10.3,9.1,92.46,0.0,0.0,,0.0,0.0,21.3,13.6,172.0,1020.2,99.4,23.2,0.0,0,0,1,0,0,0
135,59.0,59.0,2025-02-21 05:00:00,2025-02-21 06:00:00,UTC+0100,1,Eindhoven,Eindhoven,2025-02-21 05:00:00,9.7,8.1,8.8,94.13,0.0,0.0,,0.0,0.0,14.7,10.7,162.0,1019.8,99.4,17.9,0.0,0,0,1,0,0,0
136,63.0,63.0,2025-02-21 06:00:00,2025-02-21 07:00:00,UTC+0100,1,Eindhoven,Eindhoven,2025-02-21 06:00:00,9.2,7.6,8.6,95.88,0.0,0.0,,0.0,0.0,14.5,10.8,155.0,1019.5,99.4,15.2,0.0,0,0,1,0,0,0
137,64.0,64.0,2025-02-21 07:00:00,2025-02-21 08:00:00,UTC+0100,1,Eindhoven,Eindhoven,2025-02-21 07:00:00,10.1,10.1,8.8,91.13,0.0,0.0,,0.0,0.0,21.5,13.5,162.0,1019.3,99.4,20.8,0.0,0,0,1,0,0,0
138,73.0,73.0,2025-02-21 08:00:00,2025-02-21 09:00:00,UTC+0100,1,Eindhoven,Eindhoven,2025-02-21 08:00:00,10.4,10.4,8.8,89.5,0.0,0.0,,0.0,0.0,18.1,10.8,171.0,1019.9,99.4,24.1,14.0,0,0,1,0,0,0
139,77.0,90.0,2025-02-21 09:00:00,2025-02-21 10:00:00,UTC+0100,2,Eindhoven,Eindhoven,2025-02-21 09:00:00,11.4,11.4,9.1,86.19,0.0,0.0,,0.0,0.0,23.0,10.7,162.0,1019.7,99.4,29.2,105.0,1,0,1,0,0,0
140,73.5,86.5,2025-02-21 10:00:00,2025-02-21 11:00:00,UTC+0100,2,Eindhoven,Eindhoven,2025-02-21 10:00:00,12.9,12.9,9.4,79.09,0.0,0.0,,0.0,0.0,18.3,14.3,162.0,1019.3,99.4,34.8,148.0,1,0,1,0,0,0
141,105.33333333333331,113.66666666666669,2025-02-21 11:00:00,2025-02-21 12:00:00,UTC+0100,3,Eindhoven,Eindhoven,2025-02-21 11:00:00,14.2,14.2,9.4,72.63,0.0,0.0,,0.0,0.0,25.1,17.4,163.0,1019.0,98.3,30.0,123.0,1,0,1,0,0,0
142,96.33333333333331,118.33333333333331,2025-02-21 12:00:00,2025-02-21 13:00:00,UTC+0100,3,Eindhoven,Eindhoven,2025-02-21 12:00:00,16.9,16.9,9.6,61.78,0.0,0.0,,0.0,0.0,28.4,17.9,170.0,1018.4,98.3,30.9,444.0,4,0,1,0,0,0
143,85.33333333333333,99.66666666666669,2025-02-21 13:00:00,2025-02-21 14:00:00,UTC+0100,3,Eindhoven,Eindhoven,2025-02-21 13:00:00,17.9,17.9,8.6,54.51,0.0,0.0,,0.0,0.0,35.8,18.6,171.0,1017.4,90.5,31.0,412.0,4,0,1,0,0,0
144,78.33333333333333,80.33333333333333,2025-02-21 14:00:00,2025-02-21 15:00:00,UTC+0100,3,Eindhoven,Eindhoven,2025-02-21 14:00:00,18.4,18.4,7.9,50.44,0.0,0.0,,0.0,0.0,38.9,24.6,171.0,1016.4,95.9,35.0,321.0,3,0,1,0,0,0
145,83.0,92.0,2025-02-21 15:00:00,2025-02-21 16:00:00,UTC+0100,3,Eindhoven,Eindhoven,2025-02-21 15:00:00,18.3,18.3,8.2,51.51,0.0,0.0,,0.0,0.0,36.6,24.3,170.0,1015.8,98.3,39.7,221.0,2,0,1,0,0,0
146,84.0,90.33333333333331,2025-02-21 16:00:00,2025-02-21 17:00:00,UTC+0100,3,Eindhoven,Eindhoven,2025-02-21 16:00:00,17.8,17.8,8.1,52.85,0.0,0.0,,0.0,0.0,36.3,20.8,162.0,1014.9,98.8,44.3,97.0,1,0,1,0,0,0
147,68.5,104.5,2025-02-21 17:00:00,2025-02-21 18:00:00,UTC+0100,2,Eindhoven,Eindhoven,2025-02-21 17:00:00,17.5,17.5,8.2,54.57,0.0,0.0,,0.0,0.0,25.8,14.7,160.0,1014.3,99.4,44.2,76.0,1,0,1,0,0,0
148,82.0,82.0,2025-02-21 18:00:00,2025-02-21 19:00:00,UTC+0100,2,Eindhoven,Eindhoven,2025-02-21 18:00:00,16.3,16.3,7.9,57.44,0.0,0.0,,0.0,0.0,15.3,11.2,158.0,1014.2,97.2,44.0,0.0,0,0,1,0,0,0
149,89.0,89.0,2025-02-21 19:00:00,2025-02-21 20:00:00,UTC+0100,1,Eindhoven,Eindhoven,2025-02-21 19:00:00,15.6,15.6,8.2,61.29,0.0,0.0,,0.0,0.0,42.3,11.0,150.0,1014.6,100.0,43.3,0.0,0,0,1,0,0,0
150,98.0,98.0,2025-02-21 20:00:00,2025-02-21 21:00:00,UTC+0100,1,Eindhoven,Eindhoven,2025-02-21 20:00:00,15.0,15.0,8.5,65.17,0.0,0.0,,0.0,0.0,18.6,11.3,150.0,1014.5,100.0,39.4,0.0,0,0,1,0,0,0
151,90.0,90.0,2025-02-21 21:00:00,2025-02-21 22:00:00,UTC+0100,1,Eindhoven,Eindhoven,2025-02-21 21:00:00,14.5,14.5,8.3,66.44,0.0,0.0,,0.0,0.0,18.4,14.0,151.0,1014.7,100.0,43.1,0.0,0,0,1,0,0,0
152,70.0,70.0,2025-02-21 23:00:00,2025-02-22 00:00:00,UTC+0100,1,Eindhoven,Eindhoven,2025-02-21 23:00:00,13.2,13.2,7.7,69.64,0.0,0.0,,0.0,0.0,21.8,13.7,150.0,1014.0,100.0,38.3,0.0,0,0,1,0,0,0
153,68.0,68.0,2025-02-22 00:00:00,2025-02-22 01:00:00,UTC+0100,1,Eindhoven,Eindhoven,2025-02-22 00:00:00,12.6,12.6,7.6,71.29,0.0,0.0,,0.0,0.0,18.4,10.8,159.0,1013.7,99.4,33.2,0.0,0,0,1,0,0,0
154,64.0,64.0,2025-02-22 01:00:00,2025-02-22 02:00:00,UTC+0100,1,Eindhoven,Eindhoven,2025-02-22 01:00:00,11.8,11.8,7.5,74.94,0.0,0.0,,0.0,0.0,18.4,10.7,152.0,1013.5,100.0,33.6,0.0,0,0,1,0,0,0
155,64.0,64.0,2025-02-22 02:00:00,2025-02-22 03:00:00,UTC+0100,1,Eindhoven,Eindhoven,2025-02-22 02:00:00,10.9,10.9,7.3,78.32,0.0,0.0,,0.0,0.0,14.5,10.5,168.0,1013.1,99.4,28.6,0.0,0,0,1,0,0,0
156,63.0,63.0,2025-02-22 03:00:00,2025-02-22 04:00:00,UTC+0100,1,Eindhoven,Eindhoven,2025-02-22 03:00:00,11.1,11.1,7.5,78.66,0.003,100.0,rain,0.0,0.0,11.8,8.1,152.0,1012.7,99.7,26.2,0.0,0,0,1,0,1,0
157,66.0,66.0,2025-02-22 04:00:00,2025-02-22 05:00:00,UTC+0100,1,Eindhoven,Eindhoven,2025-02-22 04:00:00,10.9,10.9,7.3,78.43,0.0,0.0,,0.0,0.0,15.2,11.1,152.0,1012.1,100.0,28.3,0.0,0,0,1,0,0,0
158,62.0,62.0,2025-02-22 05:00:00,2025-02-22 06:00:00,UTC+0100,1,Eindhoven,Eindhoven,2025-02-22 05:00:00,11.6,11.6,7.2,74.4,0.0,0.0,,0.0,0.0,15.0,11.2,153.0,1011.9,100.0,33.1,0.0,0,0,1,0,0,0
159,82.0,82.0,2025-02-22 06:00:00,2025-02-22 07:00:00,UTC+0100,1,Eindhoven,Eindhoven,2025-02-22 06:00:00,11.2,11.2,7.5,77.85,0.006,100.0,rain,0.0,0.0,18.0,13.8,170.0,1012.4,100.0,29.4,0.0,0,0,1,0,1,0
160,91.0,91.0,2025-02-22 07:00:00,2025-02-22 08:00:00,UTC+0100,1,Eindhoven,Eindhoven,2025-02-22 07:00:00,10.5,10.5,7.7,82.58,0.01,100.0,rain,0.0,0.0,21.6,13.9,160.0,1012.5,100.0,26.1,0.0,0,0,1,0,1,0
161,90.0,90.0,2025-02-22 08:00:00,2025-02-22 09:00:00,UTC+0100,1,Eindhoven,Eindhoven,2025-02-22 08:00:00,9.8,7.8,8.1,89.27,0.162,100.0,rain,0.0,0.0,25.1,14.3,169.0,1013.2,100.0,18.9,4.0,0,0,1,0,1,0
162,87.0,87.0,2025-02-22 09:00:00,2025-02-22 10:00:00,UTC+0100,1,Eindhoven,Eindhoven,2025-02-22 09:00:00,9.6,7.7,8.5,92.43,0.638,100.0,rain,0.0,0.0,25.2,13.7,161.0,1013.7,100.0,11.4,18.0,0,0,1,0,1,0
163,89.0,89.0,2025-02-22 10:00:00,2025-02-22 11:00:00,UTC+0100,1,Eindhoven,Eindhoven,2025-02-22 10:00:00,9.6,7.6,8.8,94.15,0.549,100.0,rain,0.0,0.0,18.8,14.0,170.0,1013.9,100.0,16.8,44.0,0,0,1,0,1,0
164,95.0,95.0,2025-02-22 11:00:00,2025-02-22 12:00:00,UTC+0100,1,Eindhoven,Eindhoven,2025-02-22 11:00:00,10.0,10.0,9.1,93.88,0.336,100.0,rain,0.0,0.0,21.0,13.8,171.0,1013.9,100.0,15.3,56.0,1,0,1,0,1,0
165,98.0,98.0,2025-02-22 12:00:00,2025-02-22 13:00:00,UTC+0100,1,Eindhoven,Eindhoven,2025-02-22 12:00:00,10.4,10.4,9.3,92.85,0.316,100.0,rain,0.0,0.0,21.3,13.9,171.0,1013.9,100.0,19.8,106.0,1,0,1,0,1,0
166,107.0,107.0,2025-02-22 13:00:00,2025-02-22 14:00:00,UTC+0100,1,Eindhoven,Eindhoven,2025-02-22 13:00:00,11.2,11.2,9.9,91.7,0.045,100.0,rain,0.0,0.0,25.4,17.2,179.0,1013.9,98.8,27.3,150.0,2,0,1,0,1,0
167,103.0,103.0,2025-02-22 14:00:00,2025-02-22 15:00:00,UTC+0100,1,Eindhoven,Eindhoven,2025-02-22 14:00:00,12.2,12.2,10.0,86.55,0.0,0.0,,0.0,0.0,22.5,14.9,181.0,1014.2,99.4,42.6,73.0,1,0,1,0,0,0
168,91.0,91.0,2025-02-22 15:00:00,2025-02-22 16:00:00,UTC+0100,1,Eindhoven,Eindhoven,2025-02-22 15:00:00,12.6,12.6,10.0,83.78,0.0,0.0,,0.0,0.0,22.9,14.9,190.0,1014.2,100.0,29.6,35.0,0,0,1,0,0,0
169,93.0,93.0,2025-02-22 16:00:00,2025-02-22 17:00:00,UTC+0100,1,Eindhoven,Eindhoven,2025-02-22 16:00:00,11.9,11.9,10.8,93.04,0.392,100.0,rain,0.0,0.0,23.6,12.6,194.0,1014.5,100.0,29.0,86.0,1,0,1,0,1,0
170,97.0,97.0,2025-02-22 17:00:00,2025-02-22 18:00:00,UTC+0100,1,Eindhoven,Eindhoven,2025-02-22 17:00:00,11.4,11.4,10.2,92.31,0.003,100.0,rain,0.0,0.0,32.0,23.1,227.0,1015.5,100.0,26.3,22.0,0,0,1,0,1,0
171,69.0,70.0,2025-02-22 21:00:00,2025-02-22 22:00:00,UTC+0100,1,Eindhoven,Eindhoven,2025-02-22 21:00:00,10.2,10.2,9.6,96.24,0.0,0.0,,0.0,0.0,18.4,14.0,241.0,1020.5,97.2,9.2,0.0,0,0,1,0,0,0
172,67.0,67.0,2025-02-22 22:00:00,2025-02-22 23:00:00,UTC+0100,1,Eindhoven,Eindhoven,2025-02-22 22:00:00,10.1,10.1,9.7,97.32,0.0,0.0,,0.0,0.0,15.6,11.2,233.0,1021.7,98.5,7.4,0.0,0,0,1,0,0,0
173,69.0,69.0,2025-02-22 23:00:00,2025-02-23 00:00:00,UTC+0100,1,Eindhoven,Eindhoven,2025-02-22 23:00:00,9.9,7.9,9.6,97.85,0.0,0.0,,0.0,0.0,21.1,14.1,232.0,1022.9,99.0,6.2,0.0,0,0,1,0,0,0
174,67.0,67.0,2025-02-23 00:00:00,2025-02-23 01:00:00,UTC+0100,1,Eindhoven,Eindhoven,2025-02-23 00:00:00,9.8,7.8,9.4,96.85,0.0,0.0,,0.0,0.0,21.4,14.3,224.0,1023.8,99.4,5.9,0.0,0,0,1,0,0,0
175,61.0,61.0,2025-02-23 01:00:00,2025-02-23 02:00:00,UTC+0100,1,Eindhoven,Eindhoven,2025-02-23 01:00:00,9.3,7.2,8.5,94.68,0.0,0.0,,0.0,0.0,25.3,14.6,233.0,1024.3,95.3,7.8,0.0,0,0,1,0,0,0
176,64.0,64.0,2025-02-23 02:00:00,2025-02-23 03:00:00,UTC+0100,1,Eindhoven,Eindhoven,2025-02-23 02:00:00,9.1,7.0,8.0,93.08,0.0,0.0,,0.0,0.0,22.0,13.4,247.0,1025.0,97.7,8.7,0.0,0,0,1,0,0,0
177,61.0,61.0,2025-02-23 03:00:00,2025-02-23 04:00:00,UTC+0100,1,Eindhoven,Eindhoven,2025-02-23 03:00:00,8.6,6.4,7.6,93.38,0.0,0.0,,0.0,0.0,21.4,14.2,229.0,1025.3,100.0,9.2,0.0,0,0,1,0,0,0
178,57.0,57.0,2025-02-23 04:00:00,2025-02-23 05:00:00,UTC+0100,1,Eindhoven,Eindhoven,2025-02-23 04:00:00,8.2,5.8,7.4,94.54,0.0,0.0,,0.0,0.0,22.3,14.4,239.0,1026.2,100.0,9.2,0.0,0,0,1,0,0,0
179,60.0,60.0,2025-02-23 05:00:00,2025-02-23 06:00:00,UTC+0100,1,Eindhoven,Eindhoven,2025-02-23 05:00:00,7.9,6.6,7.1,94.66,0.0,0.0,,0.0,0.0,14.9,7.8,229.0,1026.5,99.5,8.5,0.0,0,0,1,0,0,0
180,74.0,74.0,2025-02-23 06:00:00,2025-02-23 07:00:00,UTC+0100,1,Eindhoven,Eindhoven,2025-02-23 06:00:00,8.0,6.2,7.3,95.45,0.0,0.0,,0.0,0.0,14.7,10.5,201.0,1026.8,99.5,6.6,0.0,0,0,1,0,0,0
181,74.0,76.0,2025-02-23 07:00:00,2025-02-23 08:00:00,UTC+0100,1,Eindhoven,Eindhoven,2025-02-23 07:00:00,8.1,6.9,7.3,94.86,0.259,100.0,rain,0.0,0.0,28.3,7.6,177.0,1027.0,97.7,8.6,0.0,0,0,1,0,1,0
182,78.0,78.0,2025-02-23 08:00:00,2025-02-23 09:00:00,UTC+0100,1,Eindhoven,Eindhoven,2025-02-23 08:00:00,8.1,6.3,7.6,96.7,0.0,0.0,,0.0,0.0,14.4,10.7,176.0,1027.3,100.0,7.2,12.0,0,0,1,0,0,0
183,88.0,88.0,2025-02-23 09:00:00,2025-02-23 10:00:00,UTC+0100,1,Eindhoven,Eindhoven,2025-02-23 09:00:00,8.4,6.2,7.7,95.27,0.0,0.0,,0.0,0.0,14.4,13.6,200.0,1028.0,100.0,7.2,65.0,1,0,1,0,0,0
184,77.5,83.0,2025-02-23 10:00:00,2025-02-23 11:00:00,UTC+0100,2,Eindhoven,Eindhoven,2025-02-23 10:00:00,8.5,6.3,8.0,96.16,0.0,0.0,,0.0,0.0,18.5,13.9,200.0,1028.1,99.5,7.0,118.0,1,0,1,0,0,0
185,72.0,112.5,2025-02-23 11:00:00,2025-02-23 12:00:00,UTC+0100,2,Eindhoven,Eindhoven,2025-02-23 11:00:00,9.6,7.5,8.3,91.72,0.0,0.0,,0.0,0.0,18.4,14.4,191.0,1028.3,90.7,8.7,242.0,2,0,1,0,0,0
186,79.5,101.0,2025-02-23 12:00:00,2025-02-23 13:00:00,UTC+0100,2,Eindhoven,Eindhoven,2025-02-23 12:00:00,11.8,11.8,8.6,80.81,0.0,0.0,,0.0,0.0,21.6,17.6,193.0,1028.2,9.1,14.6,476.0,5,1,0,0,0,0
187,75.0,81.0,2025-02-23 13:00:00,2025-02-23 14:00:00,UTC+0100,2,Eindhoven,Eindhoven,2025-02-23 13:00:00,13.8,13.8,8.8,71.56,0.0,0.0,,0.0,0.0,28.8,18.2,200.0,1027.5,11.7,24.9,442.0,4,1,0,0,0,0
188,76.5,88.5,2025-02-23 14:00:00,2025-02-23 15:00:00,UTC+0100,2,Eindhoven,Eindhoven,2025-02-23 14:00:00,14.4,14.4,7.9,64.94,0.0,0.0,,0.0,0.0,29.4,18.7,201.0,1026.5,44.6,34.4,506.0,5,0,0,1,0,0
189,80.5,80.5,2025-02-23 15:00:00,2025-02-23 16:00:00,UTC+0100,2,Eindhoven,Eindhoven,2025-02-23 15:00:00,14.1,14.1,7.9,65.96,0.0,0.0,,0.0,0.0,35.9,24.4,193.0,1025.8,87.8,30.6,411.0,4,0,0,1,0,0
190,78.0,78.0,2025-02-23 16:00:00,2025-02-23 17:00:00,UTC+0100,1,Eindhoven,Eindhoven,2025-02-23 16:00:00,14.5,14.5,7.9,64.47,0.0,0.0,,0.0,0.0,32.9,18.8,194.0,1025.4,80.4,31.6,232.0,2,0,0,1,0,0
191,84.0,132.0,2025-02-25 07:00:00,2025-02-25 08:00:00,UTC+0100,1,Eindhoven,Eindhoven,2025-02-25 07:00:00,6.1,3.8,6.0,99.43,0.073,100.0,rain,0.0,0.0,21.2,10.8,172.0,1014.1,96.5,1.0,0.0,0,0,1,0,1,0
192,72.0,90.0,2025-02-25 08:00:00,2025-02-25 09:00:00,UTC+0100,1,Eindhoven,Eindhoven,2025-02-25 08:00:00,6.1,4.5,6.1,99.85,0.0,0.0,,0.0,0.0,11.2,7.5,182.0,1014.4,87.2,5.2,31.0,0,0,0,1,0,0
193,59.0,86.0,2025-02-25 09:00:00,2025-02-25 10:00:00,UTC+0100,1,Eindhoven,Eindhoven,2025-02-25 09:00:00,7.4,7.4,7.2,98.97,0.0,0.0,,0.0,0.0,7.9,4.5,182.0,1014.1,85.7,9.0,56.0,1,0,0,1,0,0
194,57.0,76.0,2025-02-25 10:00:00,2025-02-25 11:00:00,UTC+0100,1,Eindhoven,Eindhoven,2025-02-25 10:00:00,8.8,7.2,7.5,91.27,0.0,0.0,,0.0,0.0,14.8,10.2,190.0,1013.7,95.3,14.5,359.0,4,0,1,0,0,0
195,60.5,73.0,2025-02-25 11:00:00,2025-02-25 12:00:00,UTC+0100,2,Eindhoven,Eindhoven,2025-02-25 11:00:00,10.4,10.4,8.2,86.6,0.0,0.0,,0.0,0.0,27.6,16.3,208.0,1013.5,96.6,23.6,254.0,3,0,1,0,0,0
196,60.5,110.5,2025-02-25 12:00:00,2025-02-25 13:00:00,UTC+0100,2,Eindhoven,Eindhoven,2025-02-25 12:00:00,11.4,11.4,7.8,78.31,0.0,0.0,,0.0,0.0,24.4,16.2,200.0,1013.6,99.4,30.5,204.0,2,0,1,0,0,0
197,88.0,109.0,2025-02-25 13:00:00,2025-02-25 14:00:00,UTC+0100,2,Eindhoven,Eindhoven,2025-02-25 13:00:00,12.2,12.2,7.1,71.26,0.0,0.0,,0.0,0.0,27.5,7.4,197.0,1013.1,99.4,34.6,322.0,3,0,1,0,0,0
198,57.0,113.0,2025-02-25 14:00:00,2025-02-25 15:00:00,UTC+0100,1,Eindhoven,Eindhoven,2025-02-25 14:00:00,12.3,12.3,7.5,72.41,0.0,0.0,,0.0,0.0,4.7,1.6,118.0,1012.2,98.8,31.0,227.0,2,0,1,0,0,0
199,67.0,75.5,2025-02-25 15:00:00,2025-02-25 16:00:00,UTC+0100,2,Eindhoven,Eindhoven,2025-02-25 15:00:00,12.5,12.5,7.2,69.75,0.0,0.0,,0.0,0.0,7.8,4.6,140.0,1011.9,99.4,31.0,175.0,2,0,1,0,0,0
200,68.5,76.0,2025-02-25 16:00:00,2025-02-25 17:00:00,UTC+0100,2,Eindhoven,Eindhoven,2025-02-25 16:00:00,12.2,12.2,6.5,67.8,0.0,0.0,,0.0,0.0,8.1,7.4,74.0,1011.6,99.4,38.6,108.0,1,0,1,0,0,0
201,55.0,73.0,2025-02-25 17:00:00,2025-02-25 18:00:00,UTC+0100,1,Eindhoven,Eindhoven,2025-02-25 17:00:00,11.6,11.6,6.9,73.11,0.0,0.0,,0.0,0.0,11.3,10.4,38.0,1011.5,99.4,38.1,29.0,0,0,1,0,0,0
202,55.0,75.0,2025-02-25 18:00:00,2025-02-25 19:00:00,UTC+0100,1,Eindhoven,Eindhoven,2025-02-25 18:00:00,10.3,10.3,7.1,80.51,0.0,0.0,,0.0,0.0,14.5,9.9,20.0,1011.7,99.4,33.7,0.0,0,0,1,0,0,0
203,55.0,60.0,2025-02-25 19:00:00,2025-02-25 20:00:00,UTC+0100,1,Eindhoven,Eindhoven,2025-02-25 19:00:00,9.4,7.9,7.1,85.72,0.0,0.0,,0.0,0.0,14.8,10.5,18.0,1012.0,99.4,24.8,0.0,0,0,1,0,0,0
204,55.0,65.0,2025-02-25 20:00:00,2025-02-25 21:00:00,UTC+0100,1,Eindhoven,Eindhoven,2025-02-25 20:00:00,9.7,8.3,7.5,86.25,0.0,0.0,,0.0,0.0,14.2,9.9,20.0,1012.3,99.4,22.1,0.0,0,0,1,0,0,0
205,58.0,58.0,2025-02-25 21:00:00,2025-02-25 22:00:00,UTC+0100,1,Eindhoven,Eindhoven,2025-02-25 21:00:00,9.0,8.0,7.8,92.13,0.012,100.0,rain,0.0,0.0,11.1,7.4,343.0,1012.8,99.4,16.3,0.0,0,0,1,0,1,0
206,91.0,91.0,2025-02-26 06:00:00,2025-02-26 07:00:00,UTC+0100,1,Eindhoven,Eindhoven,2025-02-26 06:00:00,5.3,3.7,5.0,97.67,0.0,0.0,,0.0,0.0,14.7,7.5,269.0,1016.4,96.2,8.6,0.0,0,0,1,0,0,0
207,92.0,92.0,2025-02-26 07:00:00,2025-02-26 08:00:00,UTC+0100,1,Eindhoven,Eindhoven,2025-02-26 07:00:00,4.0,2.2,3.8,98.55,0.731,100.0,rain,0.0,0.0,21.5,7.2,249.0,1016.6,97.4,5.8,0.0,0,0,1,0,1,0
208,75.0,75.0,2025-02-26 08:00:00,2025-02-26 09:00:00,UTC+0100,1,Eindhoven,Eindhoven,2025-02-26 08:00:00,3.6,1.7,3.5,99.28,0.0,0.0,,0.0,0.0,10.7,7.1,230.0,1017.1,59.4,5.2,17.0,0,0,0,1,0,0
209,80.0,80.0,2025-02-26 09:00:00,2025-02-26 10:00:00,UTC+0100,1,Eindhoven,Eindhoven,2025-02-26 09:00:00,4.2,1.6,4.0,99.2,0.0,0.0,,0.0,0.0,9.4,10.3,222.0,1017.4,11.9,5.4,168.0,2,1,0,0,0,0
210,79.5,80.5,2025-02-26 10:00:00,2025-02-26 11:00:00,UTC+0100,2,Eindhoven,Eindhoven,2025-02-26 10:00:00,7.3,4.7,6.1,91.94,0.0,0.0,,0.0,0.0,18.0,14.4,232.0,1017.8,36.8,10.0,238.0,2,0,0,1,0,0
211,72.0,91.5,2025-02-26 11:00:00,2025-02-26 12:00:00,UTC+0100,2,Eindhoven,Eindhoven,2025-02-26 11:00:00,8.6,6.2,6.4,86.16,0.0,0.0,,0.0,0.0,24.7,14.4,230.0,1017.9,35.7,16.0,417.0,4,0,0,1,0,0
212,73.5,82.5,2025-02-26 12:00:00,2025-02-26 13:00:00,UTC+0100,2,Eindhoven,Eindhoven,2025-02-26 12:00:00,9.6,7.2,5.9,77.54,0.0,0.0,,0.0,0.0,22.0,17.3,230.0,1017.5,12.0,19.1,499.0,5,1,0,0,0,0
213,61.0,70.5,2025-02-26 13:00:00,2025-02-26 14:00:00,UTC+0100,2,Eindhoven,Eindhoven,2025-02-26 13:00:00,11.0,11.0,5.0,66.89,0.0,0.0,,0.0,0.0,32.1,21.2,230.0,1017.0,39.8,28.9,142.0,1,0,0,1,0,0
214,67.0,76.0,2025-02-26 14:00:00,2025-02-26 15:00:00,UTC+0100,2,Eindhoven,Eindhoven,2025-02-26 14:00:00,10.5,10.5,3.5,61.87,0.0,0.0,,0.0,0.0,29.0,17.8,231.0,1016.4,15.1,29.8,317.0,3,1,0,0,0,0
215,65.5,73.5,2025-02-26 15:00:00,2025-02-26 16:00:00,UTC+0100,2,Eindhoven,Eindhoven,2025-02-26 15:00:00,11.3,11.3,3.0,56.87,0.0,0.0,,0.0,0.0,31.9,20.5,221.0,1015.9,13.8,30.9,218.0,2,1,0,0,0,0
216,77.0,79.5,2025-02-26 16:00:00,2025-02-26 17:00:00,UTC+0100,2,Eindhoven,Eindhoven,2025-02-26 16:00:00,10.0,10.0,2.5,59.53,0.0,0.0,,0.0,0.0,32.5,21.2,212.0,1015.5,96.0,35.6,155.0,2,0,1,0,0,0
217,66.0,74.5,2025-02-26 17:00:00,2025-02-26 18:00:00,UTC+0100,2,Eindhoven,Eindhoven,2025-02-26 17:00:00,9.6,7.0,2.7,62.26,0.0,0.0,,0.0,0.0,29.6,18.2,194.0,1014.9,99.4,39.7,49.0,0,0,1,0,0,0
218,67.0,77.0,2025-02-26 18:00:00,2025-02-26 19:00:00,UTC+0100,2,Eindhoven,Eindhoven,2025-02-26 18:00:00,8.6,5.9,2.3,64.82,0.0,0.0,,0.0,0.0,32.3,17.7,198.0,1014.6,99.4,44.3,0.0,0,0,1,0,0,0
219,61.0,67.5,2025-02-26 19:00:00,2025-02-26 20:00:00,UTC+0100,2,Eindhoven,Eindhoven,2025-02-26 19:00:00,8.3,5.9,2.7,67.73,0.0,0.0,,0.0,0.0,35.6,14.4,171.0,1014.1,100.0,44.4,0.0,0,0,1,0,0,0
220,65.5,68.0,2025-02-26 20:00:00,2025-02-26 21:00:00,UTC+0100,2,Eindhoven,Eindhoven,2025-02-26 20:00:00,7.9,5.0,3.3,73.02,0.0,0.0,,0.0,0.0,28.8,17.6,171.0,1013.6,99.4,35.7,0.0,0,0,1,0,0,0
221,66.0,75.5,2025-02-26 21:00:00,2025-02-26 22:00:00,UTC+0100,2,Eindhoven,Eindhoven,2025-02-26 21:00:00,6.7,3.9,5.0,88.85,0.784,100.0,rain,0.0,0.0,22.3,14.8,179.0,1013.1,100.0,10.9,0.0,0,0,1,0,1,0
222,64.5,67.0,2025-02-26 22:00:00,2025-02-26 23:00:00,UTC+0100,2,Eindhoven,Eindhoven,2025-02-26 22:00:00,6.6,3.0,5.3,91.31,0.792,100.0,rain,0.0,0.0,32.3,20.8,163.0,1012.1,100.0,13.8,0.0,0,0,1,0,1,0
223,55.0,60.0,2025-02-26 23:00:00,2025-02-27 00:00:00,UTC+0100,1,Eindhoven,Eindhoven,2025-02-26 23:00:00,6.6,3.0,5.6,93.28,0.421,100.0,rain,0.0,0.0,32.0,20.5,182.0,1011.9,99.5,11.9,0.0,0,0,1,0,1,0
224,60.0,60.0,2025-02-27 06:00:00,2025-02-27 07:00:00,UTC+0100,1,Eindhoven,Eindhoven,2025-02-27 06:00:00,4.0,0.7,3.7,97.73,0.0,0.0,,0.0,0.0,17.9,14.3,211.0,1013.5,97.6,17.0,0.0,0,0,1,0,0,0
225,56.0,56.0,2025-02-27 07:00:00,2025-02-27 08:00:00,UTC+0100,1,Eindhoven,Eindhoven,2025-02-27 07:00:00,4.5,0.8,4.0,97.07,0.236,100.0,rain,0.0,0.0,21.7,17.2,221.0,1013.9,99.0,19.7,0.0,0,0,1,0,1,0
226,56.0,56.0,2025-02-27 08:00:00,2025-02-27 09:00:00,UTC+0100,1,Eindhoven,Eindhoven,2025-02-27 08:00:00,4.2,0.9,3.6,96.04,0.0,0.0,,0.0,0.0,21.4,14.3,214.0,1014.5,86.6,15.0,46.0,0,0,0,1,0,0
227,59.0,59.0,2025-02-27 09:00:00,2025-02-27 10:00:00,UTC+0100,1,Eindhoven,Eindhoven,2025-02-27 09:00:00,5.1,1.5,4.2,93.47,0.0,0.0,,0.0,0.0,16.9,17.6,222.0,1014.9,38.3,15.5,104.0,1,0,0,1,0,0
228,69.5,71.0,2025-02-27 10:00:00,2025-02-27 11:00:00,UTC+0100,2,Eindhoven,Eindhoven,2025-02-27 10:00:00,6.4,2.7,4.9,90.55,0.0,0.0,,0.0,0.0,28.3,20.7,222.0,1015.2,54.8,20.0,345.0,3,0,0,1,0,0
229,72.5,74.5,2025-02-27 11:00:00,2025-02-27 12:00:00,UTC+0100,2,Eindhoven,Eindhoven,2025-02-27 11:00:00,8.0,4.9,5.2,82.15,0.0,0.0,,0.0,0.0,28.3,20.6,215.0,1015.4,92.4,21.2,427.0,4,0,1,0,0,0
230,122.0,122.0,2025-02-27 12:00:00,2025-02-27 13:00:00,UTC+0100,1,Eindhoven,Eindhoven,2025-02-27 12:00:00,7.8,4.5,4.3,78.64,0.0,0.0,,0.0,0.0,28.7,21.1,231.0,1015.7,96.3,27.4,232.0,2,0,1,0,0,0
231,122.0,122.0,2025-02-27 13:00:00,2025-02-27 14:00:00,UTC+0100,1,Eindhoven,Eindhoven,2025-02-27 13:00:00,8.1,4.9,3.5,72.71,0.0,0.0,,0.0,0.0,32.2,21.3,232.0,1015.8,82.2,28.7,172.0,2,0,0,1,0,0
232,97.0,97.0,2025-02-27 14:00:00,2025-02-27 15:00:00,UTC+0100,1,Eindhoven,Eindhoven,2025-02-27 14:00:00,8.0,5.1,3.4,72.48,0.003,100.0,rain,0.0,0.0,26.5,18.3,264.0,1015.6,96.1,26.1,319.0,3,0,1,0,1,0
233,87.0,87.0,2025-02-27 15:00:00,2025-02-27 16:00:00,UTC+0100,1,Eindhoven,Eindhoven,2025-02-27 15:00:00,7.5,4.5,4.1,78.69,0.026,100.0,rain,0.0,0.0,25.7,17.6,257.0,1015.9,92.3,34.3,114.0,1,0,1,0,1,0
234,102.0,102.0,2025-02-27 16:00:00,2025-02-27 17:00:00,UTC+0100,1,Eindhoven,Eindhoven,2025-02-27 16:00:00,7.1,3.7,3.3,76.88,0.0,0.0,,0.0,0.0,30.2,20.4,258.0,1016.2,98.8,44.0,116.0,1,0,1,0,0,0
235,102.5,102.5,2025-02-27 17:00:00,2025-02-27 18:00:00,UTC+0100,2,Eindhoven,Eindhoven,2025-02-27 17:00:00,6.9,3.8,2.7,74.39,0.0,0.0,,0.0,0.0,25.1,17.4,260.0,1016.6,90.6,43.6,40.0,0,0,1,0,0,0
236,84.0,84.0,2025-02-27 18:00:00,2025-02-27 19:00:00,UTC+0100,1,Eindhoven,Eindhoven,2025-02-27 18:00:00,6.4,3.2,2.9,78.06,0.02,100.0,rain,0.0,0.0,28.5,17.1,250.0,1016.5,99.4,43.1,3.0,0,0,1,0,1,0
237,99.0,99.0,2025-02-27 19:00:00,2025-02-27 20:00:00,UTC+0100,1,Eindhoven,Eindhoven,2025-02-27 19:00:00,5.2,1.4,3.9,90.84,0.005,100.0,rain,0.0,0.0,42.9,20.1,248.0,1017.0,100.0,13.7,0.0,0,0,1,0,1,0
238,104.0,104.0,2025-02-27 20:00:00,2025-02-27 21:00:00,UTC+0100,1,Eindhoven,Eindhoven,2025-02-27 20:00:00,5.1,1.6,4.6,95.98,0.18,100.0,rain,0.0,0.0,24.8,17.2,239.0,1017.1,99.1,12.0,0.0,0,0,1,0,1,0
239,93.0,93.0,2025-02-27 21:00:00,2025-02-27 22:00:00,UTC+0100,1,Eindhoven,Eindhoven,2025-02-27 21:00:00,5.1,3.3,5.0,98.71,0.078,100.0,rain,0.0,0.0,12.6,8.2,250.0,1017.5,99.5,14.2,0.0,0,0,1,0,1,0
240,79.0,79.0,2025-02-27 22:00:00,2025-02-27 23:00:00,UTC+0100,1,Eindhoven,Eindhoven,2025-02-27 22:00:00,5.6,3.2,5.2,97.75,0.0,0.0,,0.0,0.0,16.0,10.6,273.0,1018.0,99.5,11.6,0.0,0,0,1,0,0,0
241,81.0,81.0,2025-02-27 23:00:00,2025-02-28 00:00:00,UTC+0100,1,Eindhoven,Eindhoven,2025-02-27 23:00:00,5.5,3.1,5.1,97.32,0.006,100.0,rain,0.0,0.0,18.7,11.0,333.0,1018.9,99.5,15.3,0.0,0,0,1,0,1,0
242,80.0,80.0,2025-02-28 00:00:00,2025-02-28 01:00:00,UTC+0100,1,Eindhoven,Eindhoven,2025-02-28 00:00:00,4.9,1.8,4.1,94.56,0.107,100.0,rain,0.0,0.0,21.5,13.7,328.0,1020.0,99.5,26.5,0.0,0,0,1,0,1,0
243,66.0,74.0,2025-03-03 09:00:00,2025-03-03 10:00:00,UTC+0100,1,Eindhoven,Eindhoven,2025-03-03 09:00:00,0.5,0.5,0.5,99.41,0.0,0.0,,0.0,0.0,4.0,0.1,165.7,1030.8,0.0,7.3,211.0,2,1,0,0,0,0
244,70.0,70.0,2025-03-03 10:00:00,2025-03-03 11:00:00,UTC+0100,1,Eindhoven,Eindhoven,2025-03-03 10:00:00,4.5,4.5,1.9,83.31,0.0,0.0,,0.0,0.0,3.8,3.5,159.0,1030.6,0.0,6.7,367.0,4,1,0,0,0,0
245,71.0,71.0,2025-03-03 11:00:00,2025-03-03 12:00:00,UTC+0100,1,Eindhoven,Eindhoven,2025-03-03 11:00:00,7.7,7.7,2.7,70.4,0.0,0.0,,0.0,0.0,3.9,3.4,135.0,1030.8,0.0,8.8,473.0,5,1,0,0,0,0
246,77.0,77.0,2025-03-03 12:00:00,2025-03-03 13:00:00,UTC+0100,1,Eindhoven,Eindhoven,2025-03-03 12:00:00,9.7,9.7,2.0,58.72,0.0,0.0,,0.0,0.0,7.3,3.7,212.0,1030.7,0.0,13.5,532.0,5,1,0,0,0,0
247,95.0,95.0,2025-03-03 13:00:00,2025-03-03 14:00:00,UTC+0100,1,Eindhoven,Eindhoven,2025-03-03 13:00:00,10.5,10.5,1.9,55.23,0.0,0.0,,0.0,0.0,10.8,3.7,41.0,1030.2,0.0,15.6,553.0,6,1,0,0,0,0
248,83.0,83.0,2025-03-03 14:00:00,2025-03-03 15:00:00,UTC+0100,1,Eindhoven,Eindhoven,2025-03-03 14:00:00,10.9,10.9,1.0,50.39,0.0,0.0,,0.0,0.0,10.7,6.5,34.0,1029.5,0.0,19.6,522.0,5,1,0,0,0,0
249,78.0,78.0,2025-03-03 15:00:00,2025-03-03 16:00:00,UTC+0100,1,Eindhoven,Eindhoven,2025-03-03 15:00:00,11.4,11.4,0.8,48.13,0.0,0.0,,0.0,0.0,10.8,6.8,358.0,1028.9,0.0,20.1,427.0,4,1,0,0,0,0
250,78.0,78.0,2025-03-04 04:00:00,2025-03-04 05:00:00,UTC+0100,1,Torremolinos,Torremolinos,2025-03-04 04:00:00,11.7,11.7,11.5,98.74,0.0,0.0,,0.0,0.0,19.8,14.8,280.0,1011.0,27.4,9.0,0.0,0,0,0,1,0,0
251,69.0,72.0,2025-03-04 05:00:00,2025-03-04 06:00:00,UTC+0100,1,Torremolinos,Torremolinos,2025-03-04 05:00:00,11.5,11.5,11.3,98.74,0.0,0.0,,0.0,0.0,18.0,13.8,295.0,1010.5,25.0,9.0,0.0,0,0,0,1,0,0
252,86.0,86.0,2025-03-04 06:00:00,2025-03-04 07:00:00,UTC+0100,1,Torremolinos,Torremolinos,2025-03-04 06:00:00,10.6,10.6,10.6,100.0,0.0,0.0,,0.0,0.0,14.8,11.2,285.0,1011.1,25.0,6.0,0.0,0,0,0,1,0,0
253,77.0,77.0,2025-03-04 07:00:00,2025-03-04 08:00:00,UTC+0100,1,Torremolinos,Torremolinos,2025-03-04 07:00:00,11.5,11.5,11.2,98.43,0.0,0.0,,0.0,0.0,13.3,13.8,280.0,1011.3,56.1,8.0,0.0,0,0,0,1,0,0
254,73.0,73.0,2025-03-04 08:00:00,2025-03-04 09:00:00,UTC+0100,1,Torremolinos,Torremolinos,2025-03-04 08:00:00,11.5,11.5,10.7,95.08,0.0,0.0,,0.0,0.0,12.6,10.2,280.0,1012.0,51.3,10.0,6.0,0,0,0,1,0,0
255,74.0,74.0,2025-03-04 09:00:00,2025-03-04 10:00:00,UTC+0100,1,Torremolinos,Torremolinos,2025-03-04 09:00:00,12.5,12.5,11.3,92.16,0.0,0.0,,0.0,0.0,14.0,10.2,285.0,1012.3,25.0,10.0,51.0,1,0,0,1,0,0
256,74.0,74.0,2025-03-04 10:00:00,2025-03-04 11:00:00,UTC+0100,1,Torremolinos,Torremolinos,2025-03-04 10:00:00,13.5,13.5,11.4,87.15,0.0,0.0,,0.0,0.0,15.1,7.6,320.0,1013.0,69.1,11.0,213.0,2,0,0,1,0,0
257,82.0,82.0,2025-03-04 11:00:00,2025-03-04 12:00:00,UTC+0100,1,Torremolinos,Torremolinos,2025-03-04 11:00:00,15.5,15.5,11.7,78.3,0.0,0.0,,0.0,0.0,20.5,2.7,69.0,1013.2,88.0,10.0,213.0,2,0,0,1,0,0
258,74.0,74.0,2025-03-04 12:00:00,2025-03-04 13:00:00,UTC+0100,1,Torremolinos,Torremolinos,2025-03-04 12:00:00,17.2,17.2,13.3,77.59,0.0,0.0,,0.0,0.0,20.9,13.0,170.0,1013.2,88.0,10.0,233.0,2,0,0,1,0,0
259,72.0,72.0,2025-03-04 13:00:00,2025-03-04 14:00:00,UTC+0100,1,Torremolinos,Torremolinos,2025-03-04 13:00:00,17.2,17.2,12.6,74.29,0.0,0.0,,0.0,0.0,19.1,11.2,190.0,1013.0,56.1,10.0,807.0,8,0,0,1,0,0
260,76.0,76.0,2025-03-04 14:00:00,2025-03-04 15:00:00,UTC+0100,1,Torremolinos,Torremolinos,2025-03-04 14:00:00,17.4,17.4,12.4,72.47,0.0,0.0,,0.0,0.0,15.5,11.2,170.0,1012.4,69.1,10.0,729.0,7,0,0,1,0,0
261,79.0,79.0,2025-03-04 17:00:00,2025-03-04 18:00:00,UTC+0100,1,Torremolinos,Torremolinos,2025-03-04 17:00:00,19.5,19.5,12.2,62.96,0.0,0.0,,0.0,0.0,13.0,4.5,213.0,1010.3,25.0,10.0,184.0,2,0,0,1,0,0
262,73.0,73.0,2025-03-04 18:00:00,2025-03-04 19:00:00,UTC+0100,1,Torremolinos,Torremolinos,2025-03-04 18:00:00,17.8,17.8,11.4,66.23,0.0,0.0,,0.0,0.0,12.2,11.2,165.0,1010.4,25.0,10.0,58.0,1,0,0,1,0,0
263,83.0,83.0,2025-03-04 19:00:00,2025-03-04 20:00:00,UTC+0100,1,Torremolinos,Torremolinos,2025-03-04 19:00:00,16.7,16.7,11.5,71.44,0.0,0.0,,0.0,0.0,9.4,8.4,155.0,1011.2,56.1,12.4,6.0,0,0,0,1,0,0
264,86.0,86.0,2025-03-05 09:00:00,2025-03-05 10:00:00,UTC+0100,1,Torremolinos,Torremolinos,2025-03-05 09:00:00,15.1,15.1,12.5,84.11,0.0,0.0,,0.0,0.0,37.1,12.0,120.0,1011.4,88.0,9.0,39.0,0,0,0,1,0,0
265,82.0,82.0,2025-03-05 10:00:00,2025-03-05 11:00:00,UTC+0100,1,Torremolinos,Torremolinos,2025-03-05 10:00:00,15.3,15.3,12.5,83.6,0.0,0.0,,0.0,0.0,37.8,18.4,100.0,1012.1,93.7,11.0,77.0,1,0,1,0,0,0
266,77.0,77.0,2025-03-05 11:00:00,2025-03-05 12:00:00,UTC+0100,1,Torremolinos,Torremolinos,2025-03-05 11:00:00,14.6,14.6,12.4,86.44,0.0,0.0,,0.0,0.0,40.7,23.2,100.0,1012.2,88.0,10.0,100.0,1,0,0,1,0,0
267,75.0,75.0,2025-03-05 12:00:00,2025-03-05 13:00:00,UTC+0100,1,Torremolinos,Torremolinos,2025-03-05 12:00:00,14.5,14.5,13.4,92.85,0.0,0.0,,0.0,0.0,45.7,10.2,80.0,1012.3,100.0,9.0,129.0,1,0,1,0,0,0
268,67.0,67.0,2025-03-05 13:00:00,2025-03-05 14:00:00,UTC+0100,1,Torremolinos,Torremolinos,2025-03-05 13:00:00,14.5,14.5,12.4,87.24,0.0,0.0,,0.0,0.0,45.0,9.4,55.0,1012.1,100.0,9.0,111.0,1,0,1,0,0,0
269,79.0,79.0,2025-03-05 14:00:00,2025-03-05 15:00:00,UTC+0100,1,Torremolinos,Torremolinos,2025-03-05 14:00:00,15.1,15.1,12.4,83.58,0.0,0.0,,0.0,0.0,45.0,10.2,80.0,1011.3,100.0,11.0,183.0,2,0,1,0,0,0
270,74.0,75.0,2025-03-05 21:00:00,2025-03-05 22:00:00,UTC+0100,1,Torremolinos,Torremolinos,2025-03-05 21:00:00,15.6,15.6,13.3,86.0,0.0,0.0,,0.0,0.0,40.7,13.0,105.0,1012.0,100.0,10.0,0.0,0,0,1,0,0,0
271,73.0,73.0,2025-03-05 22:00:00,2025-03-05 23:00:00,UTC+0100,1,Torremolinos,Torremolinos,2025-03-05 22:00:00,16.3,16.3,12.5,78.17,0.0,0.0,,0.0,0.0,39.6,26.8,120.0,1012.1,100.0,11.0,0.0,0,0,1,0,0,0
272,73.0,73.0,2025-03-05 23:00:00,2025-03-06 00:00:00,UTC+0100,1,Torremolinos,Torremolinos,2025-03-05 23:00:00,16.3,16.3,12.6,78.91,0.0,0.0,,0.0,0.0,42.5,22.3,115.0,1012.2,100.0,10.0,0.0,0,0,1,0,0,0
273,69.0,69.0,2025-03-06 00:00:00,2025-03-06 01:00:00,UTC+0100,1,Torremolinos,Torremolinos,2025-03-06 00:00:00,15.7,15.7,13.3,85.47,0.0,0.0,,0.0,0.0,43.9,19.4,105.0,1012.1,100.0,10.0,0.0,0,0,1,0,0,0
274,73.0,73.0,2025-03-06 01:00:00,2025-03-06 02:00:00,UTC+0100,1,Torremolinos,Torremolinos,2025-03-06 01:00:00,16.0,16.0,12.5,79.38,0.0,0.0,,0.0,0.0,43.2,22.3,120.0,1012.1,100.0,12.4,0.0,0,0,1,0,0,0
275,72.0,72.0,2025-03-06 02:00:00,2025-03-06 03:00:00,UTC+0100,1,Torremolinos,Torremolinos,2025-03-06 02:00:00,15.6,15.6,12.7,82.86,0.0,0.0,,0.0,0.0,40.3,18.4,125.0,1012.0,100.0,10.0,0.0,0,0,1,0,0,0
276,69.0,69.0,2025-03-06 03:00:00,2025-03-06 04:00:00,UTC+0100,1,Torremolinos,Torremolinos,2025-03-06 03:00:00,15.7,15.7,12.6,81.84,0.0,0.0,,0.0,0.0,33.8,14.8,130.0,1011.3,100.0,10.0,0.0,0,0,1,0,0,0
277,64.0,64.0,2025-03-06 04:00:00,2025-03-06 05:00:00,UTC+0100,1,Torremolinos,Torremolinos,2025-03-06 04:00:00,15.5,15.5,12.8,83.63,0.0,0.0,,0.0,0.0,28.4,1.8,190.0,1011.1,100.0,12.4,0.0,0,0,1,0,0,0
278,65.0,65.0,2025-03-06 05:00:00,2025-03-06 06:00:00,UTC+0100,1,Torremolinos,Torremolinos,2025-03-06 05:00:00,15.1,15.1,13.0,87.05,0.0,0.0,,0.0,0.0,24.1,0.9,5.0,1010.4,100.0,10.0,0.0,0,0,1,0,0,0
279,63.0,63.0,2025-03-06 06:00:00,2025-03-06 07:00:00,UTC+0100,1,Torremolinos,Torremolinos,2025-03-06 06:00:00,14.3,14.3,13.3,93.71,0.0,0.0,,0.0,0.0,22.7,13.0,270.0,1010.4,100.0,10.0,0.0,0,0,1,0,0,0
280,66.0,66.0,2025-03-06 07:00:00,2025-03-06 08:00:00,UTC+0100,1,Torremolinos,Torremolinos,2025-03-06 07:00:00,14.5,14.5,11.3,81.16,0.0,0.0,,0.0,0.0,20.2,13.8,270.0,1011.0,93.7,12.4,0.0,0,0,1,0,0,0
281,80.0,80.0,2025-03-06 08:00:00,2025-03-06 09:00:00,UTC+0100,1,Torremolinos,Torremolinos,2025-03-06 08:00:00,13.5,13.5,11.2,86.06,0.0,0.0,,0.0,0.0,14.0,10.2,305.0,1011.2,93.7,12.4,19.0,0,0,1,0,0,0
282,78.0,78.0,2025-03-06 09:00:00,2025-03-06 10:00:00,UTC+0100,1,Torremolinos,Torremolinos,2025-03-06 09:00:00,13.5,13.5,11.4,86.88,0.0,0.0,,0.0,0.0,11.5,9.4,300.0,1012.1,88.0,10.0,104.0,1,0,0,1,0,0
283,79.0,79.0,2025-03-06 10:00:00,2025-03-06 11:00:00,UTC+0100,1,Torremolinos,Torremolinos,2025-03-06 10:00:00,15.3,15.3,12.5,83.6,0.0,0.0,,0.0,0.0,10.8,10.2,300.0,1012.3,89.0,13.8,131.0,1,0,0,1,0,0
284,70.0,77.0,2025-03-06 11:00:00,2025-03-06 12:00:00,UTC+0100,1,Torremolinos,Torremolinos,2025-03-06 11:00:00,16.4,16.4,12.5,77.94,0.0,0.0,,0.0,0.0,12.2,8.4,320.0,1012.2,88.0,10.0,180.0,2,0,0,1,0,0
285,78.0,78.0,2025-03-06 12:00:00,2025-03-06 13:00:00,UTC+0100,1,Torremolinos,Torremolinos,2025-03-06 12:00:00,16.7,16.7,13.3,80.2,0.0,0.0,,0.0,0.0,13.3,5.4,280.0,1012.3,88.0,10.0,302.0,3,0,0,1,0,0
286,85.0,85.0,2025-03-06 13:00:00,2025-03-06 14:00:00,UTC+0100,1,Torremolinos,Torremolinos,2025-03-06 13:00:00,17.8,17.8,12.3,70.3,0.0,0.0,,0.0,0.0,14.0,2.7,195.0,1012.1,89.0,14.8,398.0,4,0,0,1,0,0
287,70.0,70.0,2025-03-06 14:00:00,2025-03-06 15:00:00,UTC+0100,1,Torremolinos,Torremolinos,2025-03-06 14:00:00,17.4,17.4,12.5,73.16,0.0,0.0,,0.0,0.0,15.1,10.2,250.0,1012.0,89.0,14.8,713.0,7,0,0,1,0,0
288,91.0,91.0,2025-03-06 16:00:00,2025-03-06 17:00:00,UTC+0100,1,Torremolinos,Torremolinos,2025-03-06 16:00:00,15.5,15.5,13.1,85.72,0.0,0.0,,0.0,0.0,19.4,9.4,295.0,1011.3,56.1,17.2,353.0,4,0,0,1,0,0
289,77.0,77.0,2025-03-06 17:00:00,2025-03-06 18:00:00,UTC+0100,1,Torremolinos,Torremolinos,2025-03-06 17:00:00,16.6,16.6,12.5,76.53,0.0,0.0,,0.0,0.0,22.7,9.4,275.0,1011.4,25.0,10.0,144.0,1,0,0,1,0,0
290,79.0,79.0,2025-03-06 18:00:00,2025-03-06 19:00:00,UTC+0100,1,Torremolinos,Torremolinos,2025-03-06 18:00:00,17.4,17.4,12.3,72.02,0.0,0.0,,0.0,0.0,23.8,0.9,322.0,1012.1,50.0,10.0,84.0,1,0,0,1,0,0
291,89.0,89.0,2025-03-06 19:00:00,2025-03-06 20:00:00,UTC+0100,1,Torremolinos,Torremolinos,2025-03-06 19:00:00,16.5,16.5,13.0,79.92,0.0,0.0,,0.0,0.0,24.1,2.7,285.0,1012.2,54.8,14.8,21.0,0,0,0,1,0,0
292,85.0,85.0,2025-03-07 07:00:00,2025-03-07 08:00:00,UTC+0100,1,Eindhoven,Eindhoven,2025-03-07 07:00:00,4.1,2.5,0.9,79.74,0.0,0.0,,0.0,0.0,14.2,6.6,147.0,1016.9,29.1,37.4,0.0,0,0,0,1,0,0
293,79.0,79.0,2025-03-07 08:00:00,2025-03-07 09:00:00,UTC+0100,1,Eindhoven,Eindhoven,2025-03-07 08:00:00,5.8,3.7,2.0,76.31,0.0,0.0,,0.0,0.0,13.9,10.1,160.0,1017.2,79.6,37.5,54.0,1,0,0,1,0,0
294,84.0,84.0,2025-03-07 09:00:00,2025-03-07 10:00:00,UTC+0100,1,Eindhoven,Eindhoven,2025-03-07 09:00:00,9.9,8.5,3.1,62.89,0.0,0.0,,0.0,0.0,14.4,10.3,170.0,1017.7,7.1,38.8,231.0,2,1,0,0,0,0
295,80.0,80.0,2025-03-07 10:00:00,2025-03-07 11:00:00,UTC+0100,1,Eindhoven,Eindhoven,2025-03-07 10:00:00,12.7,12.7,3.7,54.15,0.0,0.0,,0.0,0.0,24.7,14.2,181.0,1017.7,3.6,35.2,374.0,4,1,0,0,0,0
296,78.0,78.0,2025-03-07 11:00:00,2025-03-07 12:00:00,UTC+0100,1,Eindhoven,Eindhoven,2025-03-07 11:00:00,14.9,14.9,4.5,49.99,0.0,0.0,,0.0,0.0,18.0,11.0,186.0,1017.5,3.1,25.8,481.0,5,1,0,0,0,0
297,73.0,73.0,2025-03-07 12:00:00,2025-03-07 13:00:00,UTC+0100,1,Eindhoven,Eindhoven,2025-03-07 12:00:00,16.2,16.2,5.3,48.57,0.0,0.0,,0.0,0.0,21.6,14.2,164.0,1017.3,5.4,30.9,543.0,5,1,0,0,0,0
298,85.0,85.0,2025-03-07 13:00:00,2025-03-07 14:00:00,UTC+0100,1,Eindhoven,Eindhoven,2025-03-07 13:00:00,17.2,17.2,5.7,46.73,0.0,0.0,,0.0,0.0,25.2,17.6,179.0,1016.8,28.6,26.5,562.0,6,0,0,1,0,0
299,78.0,78.0,2025-03-07 14:00:00,2025-03-07 15:00:00,UTC+0100,1,Eindhoven,Eindhoven,2025-03-07 14:00:00,17.8,17.8,6.0,45.88,0.0,0.0,,0.0,0.0,25.4,17.3,182.0,1016.3,76.3,30.7,530.0,5,0,0,1,0,0
300,85.0,85.0,2025-03-07 15:00:00,2025-03-07 16:00:00,UTC+0100,1,Eindhoven,Eindhoven,2025-03-07 15:00:00,17.8,17.8,5.8,45.5,0.0,0.0,,0.0,0.0,28.8,17.6,198.0,1015.8,20.1,38.8,448.0,4,0,0,1,0,0
301,80.0,80.0,2025-03-07 16:00:00,2025-03-07 17:00:00,UTC+0100,1,Eindhoven,Eindhoven,2025-03-07 16:00:00,17.6,17.6,4.9,42.99,0.0,0.0,,0.0,0.0,25.7,14.3,183.0,1015.6,95.9,35.8,263.0,3,0,1,0,0,0
302,83.0,83.0,2025-03-07 17:00:00,2025-03-07 18:00:00,UTC+0100,1,Eindhoven,Eindhoven,2025-03-07 17:00:00,17.5,17.5,3.3,38.76,0.0,0.0,,0.0,0.0,21.7,13.5,191.0,1015.5,93.9,40.0,110.0,1,0,1,0,0,0
303,83.0,83.0,2025-03-07 18:00:00,2025-03-07 19:00:00,UTC+0100,1,Eindhoven,Eindhoven,2025-03-07 18:00:00,15.6,15.6,3.6,44.61,0.0,0.0,,0.0,0.0,7.6,4.2,141.0,1015.4,85.0,43.9,20.0,0,0,0,1,0,0
304,80.0,80.0,2025-03-07 19:00:00,2025-03-07 20:00:00,UTC+0100,1,Eindhoven,Eindhoven,2025-03-07 19:00:00,11.1,11.1,3.4,59.12,0.0,0.0,,0.0,0.0,6.3,3.6,106.0,1015.7,43.0,43.7,0.0,0,0,0,1,0,0
305,84.0,84.0,2025-03-07 20:00:00,2025-03-07 21:00:00,UTC+0100,1,Eindhoven,Eindhoven,2025-03-07 20:00:00,8.2,8.2,3.0,69.98,0.0,0.0,,0.0,0.0,7.3,3.7,115.0,1015.8,76.3,43.1,0.0,0,0,0,1,0,0
306,77.0,86.0,2025-03-07 21:00:00,2025-03-07 22:00:00,UTC+0100,1,Eindhoven,Eindhoven,2025-03-07 21:00:00,9.9,9.3,2.5,60.24,0.0,0.0,,0.0,0.0,10.1,6.2,116.0,1015.8,1.2,41.7,0.0,0,1,0,0,0,0
307,70.0,70.0,2025-03-07 22:00:00,2025-03-07 23:00:00,UTC+0100,1,Eindhoven,Eindhoven,2025-03-07 22:00:00,6.7,6.7,2.3,73.46,0.0,0.0,,0.0,0.0,7.6,3.9,114.0,1015.8,0.0,41.9,0.0,0,1,0,0,0,0
308,62.0,64.0,2025-03-07 23:00:00,2025-03-08 00:00:00,UTC+0100,1,Eindhoven,Eindhoven,2025-03-07 23:00:00,5.7,5.7,1.9,76.46,0.0,0.0,,0.0,0.0,7.5,3.9,116.0,1015.9,0.0,36.9,0.0,0,1,0,0,0,0
309,64.0,64.0,2025-03-08 00:00:00,2025-03-08 01:00:00,UTC+0100,1,Eindhoven,Eindhoven,2025-03-08 00:00:00,4.3,4.3,1.7,83.17,0.0,0.0,,0.0,0.0,4.2,3.9,88.0,1015.7,0.0,31.8,0.0,0,1,0,0,0,0
310,60.0,60.0,2025-03-08 01:00:00,2025-03-08 02:00:00,UTC+0100,1,Eindhoven,Eindhoven,2025-03-08 01:00:00,3.7,3.7,1.3,84.38,0.0,0.0,,0.0,0.0,4.3,3.5,106.0,1015.6,0.0,28.1,0.0,0,1,0,0,0,0
311,60.0,60.0,2025-03-08 02:00:00,2025-03-08 03:00:00,UTC+0100,1,Eindhoven,Eindhoven,2025-03-08 02:00:00,3.8,2.3,1.7,86.25,0.0,0.0,,0.0,0.0,6.9,6.2,106.0,1015.5,0.0,28.3,0.0,0,1,0,0,0,0
312,59.0,59.0,2025-03-08 03:00:00,2025-03-08 04:00:00,UTC+0100,1,Eindhoven,Eindhoven,2025-03-08 03:00:00,3.5,3.5,1.1,84.5,0.0,0.0,,0.0,0.0,6.9,3.6,112.0,1015.1,0.0,25.6,0.0,0,1,0,0,0,0
313,60.0,60.0,2025-03-08 04:00:00,2025-03-08 05:00:00,UTC+0100,1,Eindhoven,Eindhoven,2025-03-08 04:00:00,4.6,3.2,1.5,80.36,0.0,0.0,,0.0,0.0,7.2,6.3,116.0,1014.8,0.0,27.5,0.0,0,1,0,0,0,0
314,61.0,61.0,2025-03-08 05:00:00,2025-03-08 06:00:00,UTC+0100,1,Eindhoven,Eindhoven,2025-03-08 05:00:00,3.5,3.5,1.1,84.58,0.0,0.0,,0.0,0.0,7.1,3.7,113.0,1014.8,0.3,26.7,0.0,0,1,0,0,0,0
315,78.0,78.0,2025-03-08 06:00:00,2025-03-08 07:00:00,UTC+0100,1,Eindhoven,Eindhoven,2025-03-08 06:00:00,4.1,2.5,1.0,80.0,0.0,0.0,,0.0,0.0,10.4,6.6,105.0,1014.3,84.8,23.3,0.0,0,0,0,1,0,0
316,69.0,69.0,2025-03-14 13:00:00,2025-03-14 14:00:00,UTC+0100,1,Eindhoven,Eindhoven,2025-03-14 13:00:00,5.5,3.2,-2.2,57.8,0.005,100.0,rain,0.0,0.0,21.5,10.2,23.0,1009.9,91.3,38.4,532.0,5,0,1,0,1,0
317,66.0,69.0,2025-03-14 14:00:00,2025-03-14 15:00:00,UTC+0100,1,Eindhoven,Eindhoven,2025-03-14 14:00:00,6.4,4.8,-1.2,58.18,0.0,0.0,,0.0,0.0,15.3,7.9,72.0,1010.1,88.0,35.9,224.0,2,0,0,1,0,0
318,80.0,113.0,2025-03-15 16:00:00,2025-03-15 17:00:00,UTC+0100,1,Eindhoven,Eindhoven,2025-03-15 16:00:00,6.7,2.5,-1.3,56.36,0.0,0.0,,0.0,0.0,39.4,27.5,41.0,1019.0,55.4,38.8,165.0,2,0,0,1,0,0
319,103.0,113.0,2025-03-15 17:00:00,2025-03-15 18:00:00,UTC+0100,1,Eindhoven,Eindhoven,2025-03-15 17:00:00,7.4,3.7,-1.4,53.54,0.0,0.0,,0.0,0.0,35.7,24.3,40.0,1018.8,44.1,39.9,209.0,2,0,0,1,0,0
320,100.0,107.0,2025-03-15 18:00:00,2025-03-15 19:00:00,UTC+0100,1,Eindhoven,Eindhoven,2025-03-15 18:00:00,6.4,2.5,-1.3,57.69,0.0,0.0,,0.0,0.0,35.5,23.1,38.0,1019.2,55.8,39.2,43.0,0,0,0,1,0,0
321,80.0,95.0,2025-03-16 16:00:00,2025-03-16 17:00:00,UTC+0100,1,Eindhoven,Eindhoven,2025-03-16 16:00:00,9.8,7.3,-2.7,41.58,0.0,0.0,,0.0,0.0,29.0,17.8,23.0,1021.9,0.5,31.0,376.0,4,1,0,0,0,0
322,81.0,108.0,2025-03-16 17:00:00,2025-03-16 18:00:00,UTC+0100,1,Eindhoven,Eindhoven,2025-03-16 17:00:00,9.5,7.4,-4.2,37.76,0.0,0.0,,0.0,0.0,22.0,14.5,20.0,1021.8,0.0,36.1,232.0,2,1,0,0,0,0
323,74.0,90.0,2025-03-16 18:00:00,2025-03-16 19:00:00,UTC+0100,1,Eindhoven,Eindhoven,2025-03-16 18:00:00,8.1,5.3,-2.8,46.32,0.0,0.0,,0.0,0.0,25.3,16.9,6.0,1022.2,0.0,44.3,35.0,0,1,0,0,0,0
324,73.0,90.0,2025-03-17 10:00:00,2025-03-17 11:00:00,UTC+0100,1,Eindhoven,Eindhoven,2025-03-17 10:00:00,6.7,3.9,2.3,73.7,0.0,0.0,,0.0,0.0,24.7,14.3,68.0,1028.6,82.7,19.2,206.0,2,0,0,1,0,0
325,74.0,113.0,2025-03-17 11:00:00,2025-03-17 12:00:00,UTC+0100,1,Eindhoven,Eindhoven,2025-03-17 11:00:00,8.2,5.7,1.8,64.18,0.0,0.0,,0.0,0.0,25.2,15.0,54.0,1028.8,40.4,20.7,586.0,6,0,0,1,0,0
326,78.0,91.0,2025-03-17 12:00:00,2025-03-17 13:00:00,UTC+0100,1,Eindhoven,Eindhoven,2025-03-17 12:00:00,9.4,6.8,1.7,58.81,0.0,0.0,,0.0,0.0,29.0,18.8,57.0,1028.9,81.0,24.8,125.0,1,0,0,1,0,0
327,73.0,103.0,2025-03-17 13:00:00,2025-03-17 14:00:00,UTC+0100,1,Eindhoven,Eindhoven,2025-03-17 13:00:00,9.9,7.1,0.1,50.64,0.0,0.0,,0.0,0.0,35.8,21.7,63.0,1028.9,73.0,38.2,206.0,2,0,0,1,0,0
328,76.0,88.0,2025-03-17 14:00:00,2025-03-17 15:00:00,UTC+0100,1,Eindhoven,Eindhoven,2025-03-17 14:00:00,10.0,10.0,-1.3,45.21,0.0,0.0,,0.0,0.0,32.5,24.5,70.0,1028.5,17.2,31.2,606.0,6,1,0,0,0,0
329,74.0,84.0,2025-03-17 15:00:00,2025-03-17 16:00:00,UTC+0100,1,Eindhoven,Eindhoven,2025-03-17 15:00:00,10.1,10.1,-1.7,43.76,0.0,0.0,,0.0,0.0,25.8,15.2,96.0,1028.2,5.4,35.5,507.0,5,1,0,0,0,0
330,84.0,99.0,2025-03-17 16:00:00,2025-03-17 17:00:00,UTC+0100,1,Eindhoven,Eindhoven,2025-03-17 16:00:00,10.1,10.1,-2.8,40.25,0.0,0.0,,0.0,0.0,29.4,18.2,78.0,1028.2,5.8,35.4,377.0,4,1,0,0,0,0
331,89.0,111.0,2025-03-17 17:00:00,2025-03-17 18:00:00,UTC+0100,1,Eindhoven,Eindhoven,2025-03-17 17:00:00,9.6,6.7,-4.9,35.55,0.0,0.0,,0.0,0.0,32.2,21.6,61.0,1028.0,0.0,41.6,219.0,2,1,0,0,0,0
332,95.0,104.0,2025-03-17 18:00:00,2025-03-17 19:00:00,UTC+0100,1,Eindhoven,Eindhoven,2025-03-17 18:00:00,8.7,5.4,-6.3,34.08,0.0,0.0,,0.0,0.0,38.7,24.0,60.0,1028.2,1.8,44.0,138.0,1,1,0,0,0,0
333,61.0,86.0,2025-03-19 15:00:00,2025-03-19 16:00:00,UTC+0100,1,Eindhoven,Eindhoven,2025-03-19 15:00:00,17.9,17.9,2.9,36.85,0.0,0.0,,0.0,0.0,18.7,9.5,160.0,1023.0,0.0,10.0,501.0,5,1,0,0,0,0
334,74.0,113.0,2025-03-19 16:00:00,2025-03-19 17:00:00,UTC+0100,1,Eindhoven,Eindhoven,2025-03-19 16:00:00,18.9,18.9,2.9,34.69,0.0,0.0,,0.0,0.0,18.4,12.9,200.0,1022.0,17.7,10.0,401.0,4,1,0,0,0,0
335,98.0,114.0,2025-03-19 17:00:00,2025-03-19 18:00:00,UTC+0100,1,Eindhoven,Eindhoven,2025-03-19 17:00:00,17.9,17.9,2.0,34.44,0.0,0.0,,0.0,0.0,16.9,16.3,199.0,1022.0,0.0,10.0,224.0,2,1,0,0,0,0
336,103.0,106.0,2025-03-19 18:00:00,2025-03-19 19:00:00,UTC+0100,1,Eindhoven,Eindhoven,2025-03-19 18:00:00,16.9,16.9,1.1,34.41,0.0,0.0,,0.0,0.0,15.8,11.0,199.0,1022.0,0.0,10.0,44.0,0,1,0,0,0,0
337,87.0,87.0,2025-03-22 06:00:00,2025-03-22 07:00:00,UTC+0100,1,Eindhoven,Eindhoven,2025-03-22 06:00:00,12.9,12.9,5.0,58.9,0.1,100.0,rain,0.0,0.0,16.6,7.7,42.0,1005.0,99.5,10.0,0.0,0,0,1,0,1,0
338,92.0,92.0,2025-03-22 07:00:00,2025-03-22 08:00:00,UTC+0100,1,Eindhoven,Eindhoven,2025-03-22 07:00:00,13.8,13.8,5.0,55.15,0.1,100.0,rain,0.0,0.0,13.7,9.6,80.0,1005.0,99.8,10.0,19.0,0,0,1,0,1,0
339,87.0,87.0,2025-03-22 08:00:00,2025-03-22 09:00:00,UTC+0100,1,Eindhoven,Eindhoven,2025-03-22 08:00:00,13.8,13.8,5.0,55.12,0.0,0.0,,0.0,0.0,16.6,14.6,90.0,1004.0,98.2,10.0,105.0,1,0,1,0,0,0
340,93.0,93.0,2025-03-22 09:00:00,2025-03-22 10:00:00,UTC+0100,1,Eindhoven,Eindhoven,2025-03-22 09:00:00,13.9,13.9,5.0,54.83,0.0,0.0,,0.0,0.0,16.9,13.0,100.0,1004.0,98.8,10.0,142.0,1,0,1,0,0,0
341,96.0,96.0,2025-03-22 10:00:00,2025-03-22 11:00:00,UTC+0100,1,Eindhoven,Eindhoven,2025-03-22 10:00:00,14.9,14.9,5.0,51.32,0.0,0.0,,0.0,0.0,20.5,11.3,119.0,1004.0,98.8,10.0,220.0,2,0,1,0,0,0
342,93.0,93.0,2025-03-22 11:00:00,2025-03-22 12:00:00,UTC+0100,1,Eindhoven,Eindhoven,2025-03-22 11:00:00,15.9,15.9,5.9,51.33,0.0,0.0,,0.0,0.0,20.5,11.4,129.0,1004.0,98.8,10.0,501.0,5,0,1,0,0,0
343,104.0,104.0,2025-03-22 12:00:00,2025-03-22 13:00:00,UTC+0100,1,Eindhoven,Eindhoven,2025-03-22 12:00:00,18.8,18.8,6.0,42.97,0.0,0.0,,0.0,0.0,23.0,11.6,95.0,1003.0,99.7,10.0,547.0,5,0,1,0,0,0
344,100.0,100.0,2025-03-22 13:00:00,2025-03-22 14:00:00,UTC+0100,1,Eindhoven,Eindhoven,2025-03-22 13:00:00,19.8,19.8,7.9,46.21,0.0,0.0,,0.0,0.0,31.3,16.6,149.0,1003.0,99.3,10.0,289.0,3,0,1,0,0,0
345,102.0,102.0,2025-03-22 14:00:00,2025-03-22 15:00:00,UTC+0100,1,Eindhoven,Eindhoven,2025-03-22 14:00:00,18.0,18.0,7.9,51.78,0.0,0.0,,0.0,0.0,33.1,18.1,177.0,1002.0,99.3,10.0,199.0,2,0,1,0,0,0
346,104.0,104.0,2025-03-22 15:00:00,2025-03-22 16:00:00,UTC+0100,1,Eindhoven,Eindhoven,2025-03-22 15:00:00,17.0,17.0,7.9,54.8,0.1,100.0,rain,0.0,0.0,36.0,14.8,169.0,1002.0,98.5,10.0,243.0,2,0,1,0,1,0
347,91.0,91.0,2025-03-22 16:00:00,2025-03-22 17:00:00,UTC+0100,1,Eindhoven,Eindhoven,2025-03-22 16:00:00,18.9,18.9,7.9,48.78,0.0,0.0,rain,0.0,0.0,36.4,16.4,132.0,1001.0,52.9,10.0,231.0,2,0,0,1,0,0
348,83.0,83.0,2025-03-22 17:00:00,2025-03-22 18:00:00,UTC+0100,1,Eindhoven,Eindhoven,2025-03-22 17:00:00,17.9,17.9,7.9,51.89,0.0,0.0,,0.0,0.0,30.6,14.5,138.0,1001.0,99.4,10.0,170.0,2,0,1,0,0,0
349,76.0,76.0,2025-03-22 18:00:00,2025-03-22 19:00:00,UTC+0100,1,Eindhoven,Eindhoven,2025-03-22 18:00:00,17.9,17.9,7.9,51.93,0.0,0.0,,0.0,0.0,25.6,15.9,158.0,1001.0,99.4,10.0,74.0,1,0,1,0,0,0
350,74.0,74.0,2025-03-22 19:00:00,2025-03-22 20:00:00,UTC+0100,1,Eindhoven,Eindhoven,2025-03-22 19:00:00,15.9,15.9,7.1,55.74,0.0,0.0,,0.0,0.0,8.6,3.9,123.0,1001.0,99.3,10.0,10.0,0,0,1,0,0,0
351,70.0,77.0,2025-03-22 20:00:00,2025-03-22 21:00:00,UTC+0100,1,Eindhoven,Eindhoven,2025-03-22 20:00:00,13.9,13.9,9.9,76.46,0.0,0.0,,0.0,0.0,21.6,7.6,91.0,1001.0,86.6,10.0,0.0,0,0,0,1,0,0
352,80.0,80.0,2025-03-22 21:00:00,2025-03-22 22:00:00,UTC+0100,1,Eindhoven,Eindhoven,2025-03-22 21:00:00,13.9,13.9,8.9,72.08,0.0,0.0,rain,0.0,0.0,14.8,7.6,82.0,1001.0,99.7,10.0,0.0,0,0,1,0,0,0
