Unnamed: 0,step_count,distance_covered,speed,calories_burned,start_time_interval_daily,end_time_interval_daily,time_offset,test_subject,location,name,datetime,tempmax,tempmin,temp,feelslikemax,feelslikemin,feelslike,dew,humidity,precip,precipprob,precipcover,preciptype,snow,snowdepth,windgust,windspeed,winddir,sealevelpressure,cloudcover,visibility,solarradiation,uvindex,sunrise,sunset,moonphase,description,Clear,Overcast,Partially cloudy,Rain,Snow
0,7703.0,6152.8098336,,304.16999013,2025-02-10 00:00:00,2025-02-11 00:00:00,UTC+0100,1,Eindhoven,Eindhoven,2025-02-10 00:00:00,3.9,1.0,2.2,0.1,-3.6,-2.1,0.2,86.6,1.571,100.0,29.17,rain,0,0.0,39.1,21.7,63.8,1023.9,94.5,6.2,21.8,1,2025-02-10T08:00:48,2025-02-10T17:44:37,0.42,Cloudy skies throughout the day with rain.,0,1,0,1,0
1,13740.0,10932.2298114,,562.16998083,2025-02-11 00:00:00,2025-02-12 00:00:00,UTC+0100,1,Eindhoven,Eindhoven,2025-02-11 00:00:00,4.7,1.9,3.5,2.4,-2.5,0.2,2.8,95.1,7.375,100.0,79.17,rain,0,0.0,38.9,21.4,149.7,1017.4,99.2,10.9,12.3,1,2025-02-11T07:58:59,2025-02-11T17:46:27,0.46,Cloudy skies throughout the day with a chance of rain throughout the day.,0,1,0,1,0
2,9961.0,8010.8198745,,407.35998387,2025-02-12 00:00:00,2025-02-13 00:00:00,UTC+0100,1,Eindhoven,Eindhoven,2025-02-12 00:00:00,5.1,2.3,3.5,5.1,0.4,2.4,2.7,94.5,0.305,100.0,8.33,rain,0,0.0,17.9,7.3,200.9,1018.1,98.7,6.6,27.7,1,2025-02-12T07:57:09,2025-02-12T17:48:16,0.5,Cloudy skies throughout the day with morning rain.,0,1,0,1,0
3,2893.0,2253.109952,,114.43999772,2025-02-13 00:00:00,2025-02-14 00:00:00,UTC+0100,1,Eindhoven,Eindhoven,2025-02-13 00:00:00,3.0,-1.7,0.5,2.5,-5.3,-1.7,-0.4,93.9,0.125,100.0,16.67,"rain,snow",0,0.0,28.4,19.4,2.0,1021.2,96.5,3.2,14.5,1,2025-02-13T07:55:17,2025-02-13T17:50:06,0.53,Cloudy skies throughout the day with a chance of rain or snow throughout the day.,0,1,0,1,1
4,5458.0,4464.7800082,,227.63999957,2025-02-14 00:00:00,2025-02-15 00:00:00,UTC+0100,1,Eindhoven,Eindhoven,2025-02-14 00:00:00,3.1,-5.4,-0.4,2.5,-5.4,-1.4,-1.9,90.4,0.0,0.0,0.0,,0,0.0,14.2,9.9,50.3,1027.5,68.5,5.6,47.4,2,2025-02-14T07:53:23,2025-02-14T17:51:56,0.56,Partly cloudy throughout the day.,0,0,1,0,0
5,398.0,315.8199907,,15.28999967,2025-02-15 00:00:00,2025-02-16 00:00:00,UTC+0100,1,Eindhoven,Eindhoven,2025-02-15 00:00:00,3.1,-1.8,0.9,2.5,-1.8,-0.3,-2.4,80.0,0.0,0.0,0.0,,0,0.0,21.8,10.9,96.0,1024.3,97.8,17.3,41.7,2,2025-02-15T07:51:29,2025-02-15T17:53:45,0.59,Cloudy skies throughout the day.,0,1,0,0,0
6,100.0,86.629999,,4.50000011,2025-02-16 00:00:00,2025-02-17 00:00:00,UTC+0100,1,Eindhoven,Eindhoven,2025-02-16 00:00:00,4.1,-1.1,1.0,0.0,-5.4,-3.2,-3.8,71.1,0.003,100.0,4.17,"rain,snow",0,0.0,36.0,23.6,67.4,1022.0,53.1,27.8,91.2,4,2025-02-16T07:49:33,2025-02-16T17:55:34,0.63,Partly cloudy throughout the day with early morning snow or rain.,0,0,1,1,1
7,6720.0,5323.969445,,272.57996458,2025-02-17 00:00:00,2025-02-18 00:00:00,UTC+0100,1,Eindhoven,Eindhoven,2025-02-17 00:00:00,3.8,-4.5,-0.9,0.8,-8.5,-4.2,-5.5,72.5,0.0,0.0,0.0,,0,0.0,31.4,14.4,68.5,1024.3,20.0,23.7,118.4,5,2025-02-17T07:47:36,2025-02-17T17:57:23,0.66,Partly cloudy throughout the day.,1,0,0,0,0
8,12596.0,9610.5499882,,460.51999004,2025-02-18 00:00:00,2025-02-19 00:00:00,UTC+0100,1,Eindhoven,Eindhoven,2025-02-18 00:00:00,3.2,-4.1,-0.7,-0.9,-8.4,-4.6,-6.7,65.3,0.0,0.0,0.0,,0,0.0,35.7,21.2,88.2,1025.0,45.7,23.1,121.9,5,2025-02-18T07:45:37,2025-02-18T17:59:12,0.69,Partly cloudy throughout the day.,0,0,1,0,0
9,14918.0,11493.3098847,,488.14998664,2025-02-19 00:00:00,2025-02-20 00:00:00,UTC+0100,1,Eindhoven,Eindhoven,2025-02-19 00:00:00,5.5,-1.0,1.8,2.5,-5.5,-2.0,-6.3,55.5,0.0,0.0,0.0,,0,0.0,29.2,18.3,110.5,1021.8,95.4,27.8,93.1,4,2025-02-19T07:43:38,2025-02-19T18:01:00,0.72,Cloudy skies throughout the day.,0,1,0,0,0
10,23015.0,17834.3786715,,779.96996963,2025-02-20 00:00:00,2025-02-21 00:00:00,UTC+0100,1,Eindhoven,Eindhoven,2025-02-20 00:00:00,12.4,1.4,7.7,12.4,-1.7,6.3,4.6,81.2,0.0,0.0,0.0,rain,0,0.0,35.0,21.0,178.9,1020.5,95.3,14.9,55.2,3,2025-02-20T07:41:37,2025-02-20T18:02:49,0.75,Cloudy skies throughout the day.,0,1,0,0,0
11,5842.0,4791.7299733,,212.53099663,2025-02-21 00:00:00,2025-02-22 00:00:00,UTC+0100,1,Eindhoven,Eindhoven,2025-02-21 00:00:00,18.4,9.2,13.6,18.4,7.6,13.5,8.6,73.4,0.0,0.0,0.0,rain,0,0.0,42.3,24.6,165.0,1017.8,98.7,32.1,81.7,4,2025-02-21T07:39:35,2025-02-21T18:04:37,0.79,Cloudy skies throughout the day.,0,1,0,0,0
12,744.0,583.200001,,24.15999963,2025-02-22 00:00:00,2025-02-23 00:00:00,UTC+0100,1,Eindhoven,Eindhoven,2025-02-22 00:00:00,12.6,9.6,10.9,12.6,7.6,10.5,8.9,87.9,2.469,100.0,50.0,rain,0,0.0,32.7,23.1,189.5,1015.1,99.5,22.9,24.8,2,2025-02-22T07:37:33,2025-02-22T18:06:25,0.82,Cloudy skies throughout the day with a chance of rain throughout the day.,0,1,0,1,0
13,48.0,40.120001,,1.90999993,2025-02-23 00:00:00,2025-02-24 00:00:00,UTC+0100,1,Eindhoven,Eindhoven,2025-02-23 00:00:00,14.5,7.9,10.7,14.5,5.8,9.7,7.6,82.3,0.262,100.0,8.33,rain,0,0.0,35.9,24.4,198.8,1025.9,86.5,21.9,107.0,5,2025-02-23T07:35:29,2025-02-23T18:08:12,0.85,Partly cloudy throughout the day with rain.,0,0,1,1,0
14,5650.0,4514.8999835,,224.68998835,2025-02-24 00:00:00,2025-02-25 00:00:00,UTC+0100,1,Eindhoven,Eindhoven,2025-02-24 00:00:00,13.9,8.2,11.3,13.9,5.8,11.0,7.7,79.0,1.165,100.0,29.17,rain,0,0.0,46.5,27.9,197.3,1017.1,90.4,35.9,31.5,2,2025-02-24T07:33:24,2025-02-24T18:10:00,0.88,Cloudy skies throughout the day with rain.,0,1,0,1,0
15,134.0,100.6499976,,4.349999759999999,2025-02-25 00:00:00,2025-02-26 00:00:00,UTC+0100,1,Eindhoven,Eindhoven,2025-02-25 00:00:00,12.5,5.6,8.9,12.5,3.4,7.9,7.0,88.8,0.598,100.0,16.67,rain,0,0.0,27.6,16.3,182.7,1013.5,79.3,18.3,73.5,4,2025-02-25T07:31:18,2025-02-25T18:11:47,0.92,Partly cloudy throughout the day with rain.,0,0,1,1,0
16,9668.0,7573.4218332,,327.33996722,2025-02-26 00:00:00,2025-02-27 00:00:00,UTC+0100,1,Eindhoven,Eindhoven,2025-02-26 00:00:00,11.3,3.6,7.5,11.3,1.6,5.5,4.7,84.0,7.97,100.0,37.5,rain,0,0.0,35.6,21.2,221.6,1015.4,75.0,18.2,92.5,5,2025-02-26T07:29:12,2025-02-26T18:13:33,0.95,Partly cloudy throughout the day with rain.,0,0,1,1,0
17,15595.0,12009.9688277,,498.45997932,2025-02-27 00:00:00,2025-02-28 00:00:00,UTC+0100,1,Eindhoven,Eindhoven,2025-02-27 00:00:00,8.1,3.8,5.9,5.1,0.6,2.8,4.3,89.4,0.82,100.0,41.67,rain,0,0.0,42.9,21.3,236.4,1015.1,84.1,22.1,79.9,4,2025-02-27T07:27:05,2025-02-27T18:15:20,0.98,Partly cloudy throughout the day with a chance of rain throughout the day.,0,0,1,1,0
18,10550.0,8101.755089,1.6476896473029046,352.06049957,2025-02-19 00:00:00,2025-02-20 00:00:00,UTC+0100,2,Eindhoven,Eindhoven,2025-02-19 00:00:00,5.5,-1.0,1.8,2.5,-5.5,-2.0,-6.3,55.5,0.0,0.0,0.0,,0,0.0,29.2,18.3,110.5,1021.8,95.4,27.8,93.1,4,2025-02-19T07:43:38,2025-02-19T18:01:00,0.72,Cloudy skies throughout the day.,0,1,0,0,0
19,23971.0,23119.8074131,1.924408438284024,1052.69320478,2025-02-20 00:00:00,2025-02-21 00:00:00,UTC+0100,2,Eindhoven,Eindhoven,2025-02-20 00:00:00,12.4,1.4,7.7,12.4,-1.7,6.3,4.6,81.2,0.0,0.0,0.0,rain,0,0.0,35.0,21.0,178.9,1020.5,95.3,14.9,55.2,3,2025-02-20T07:41:37,2025-02-20T18:02:49,0.75,Cloudy skies throughout the day.,0,1,0,0,0
20,11791.0,9488.42127165,1.3838106196982098,453.26604987,2025-02-21 00:00:00,2025-02-22 00:00:00,UTC+0100,2,Eindhoven,Eindhoven,2025-02-21 00:00:00,18.4,9.2,13.6,18.4,7.6,13.5,8.6,73.4,0.0,0.0,0.0,rain,0,0.0,42.3,24.6,165.0,1017.8,98.7,32.1,81.7,4,2025-02-21T07:39:35,2025-02-21T18:04:37,0.79,Cloudy skies throughout the day.,0,1,0,0,0
21,27725.0,21026.28014885,1.347653703849239,968.55741307,2025-02-22 00:00:00,2025-02-23 00:00:00,UTC+0100,2,Eindhoven,Eindhoven,2025-02-22 00:00:00,12.6,9.6,10.9,12.6,7.6,10.5,8.9,87.9,2.469,100.0,50.0,rain,0,0.0,32.7,23.1,189.5,1015.1,99.5,22.9,24.8,2,2025-02-22T07:37:33,2025-02-22T18:06:25,0.82,Cloudy skies throughout the day with a chance of rain throughout the day.,0,1,0,1,0
22,25877.0,19403.684072,1.6049474734276206,867.781286277,2025-02-23 00:00:00,2025-02-24 00:00:00,UTC+0100,2,Eindhoven,Eindhoven,2025-02-23 00:00:00,14.5,7.9,10.7,14.5,5.8,9.7,7.6,82.3,0.262,100.0,8.33,rain,0,0.0,35.9,24.4,198.8,1025.9,86.5,21.9,107.0,5,2025-02-23T07:35:29,2025-02-23T18:08:12,0.85,Partly cloudy throughout the day with rain.,0,0,1,1,0
23,4120.0,3091.9800074,1.2934176848214285,155.02999902,2025-02-24 00:00:00,2025-02-25 00:00:00,UTC+0100,2,Eindhoven,Eindhoven,2025-02-24 00:00:00,13.9,8.2,11.3,13.9,5.8,11.0,7.7,79.0,1.165,100.0,29.17,rain,0,0.0,46.5,27.9,197.3,1017.1,90.4,35.9,31.5,2,2025-02-24T07:33:24,2025-02-24T18:10:00,0.88,Cloudy skies throughout the day with rain.,0,1,0,1,0
24,5141.0,3822.1300137,1.2616035146875,195.19999374,2025-02-25 00:00:00,2025-02-26 00:00:00,UTC+0100,2,Eindhoven,Eindhoven,2025-02-25 00:00:00,12.5,5.6,8.9,12.5,3.4,7.9,7.0,88.8,0.598,100.0,16.67,rain,0,0.0,27.6,16.3,182.7,1013.5,79.3,18.3,73.5,4,2025-02-25T07:31:18,2025-02-25T18:11:47,0.92,Partly cloudy throughout the day with rain.,0,0,1,1,0
25,4113.0,3050.560002,1.2614606125217391,155.67000006,2025-02-26 00:00:00,2025-02-27 00:00:00,UTC+0100,2,Eindhoven,Eindhoven,2025-02-26 00:00:00,11.3,3.6,7.5,11.3,1.6,5.5,4.7,84.0,7.97,100.0,37.5,rain,0,0.0,35.6,21.2,221.6,1015.4,75.0,18.2,92.5,5,2025-02-26T07:29:12,2025-02-26T18:13:33,0.95,Partly cloudy throughout the day with rain.,0,0,1,1,0
26,9847.0,7434.910004,1.3136761549411764,372.16998913,2025-02-27 00:00:00,2025-02-28 00:00:00,UTC+0100,2,Eindhoven,Eindhoven,2025-02-27 00:00:00,8.1,3.8,5.9,5.1,0.6,2.8,4.3,89.4,0.82,100.0,41.67,rain,0,0.0,42.9,21.3,236.4,1015.1,84.1,22.1,79.9,4,2025-02-27T07:27:05,2025-02-27T18:15:20,0.98,Partly cloudy throughout the day with a chance of rain throughout the day.,0,0,1,1,0
27,5075.0,3810.0100004,1.2943018274657534,186.539997246,2025-02-28 00:00:00,2025-03-01 00:00:00,UTC+0100,2,Eindhoven,Eindhoven,2025-02-28 00:00:00,8.9,0.0,5.2,6.4,0.0,2.9,2.8,85.5,0.778,100.0,29.17,rain,0,0.0,34.2,20.1,342.8,1025.1,71.9,15.4,102.3,6,2025-02-28T07:24:57,2025-02-28T18:17:06,0.0,Partly cloudy throughout the day with a chance of rain throughout the day.,0,0,1,1,0
28,16453.0,12370.710011,1.2918716609510086,609.41999541,2025-03-01 00:00:00,2025-03-02 00:00:00,UTC+0100,2,Eindhoven,Eindhoven,2025-03-01 00:00:00,4.8,-1.3,2.5,3.9,-2.7,0.9,1.1,90.8,0.028,100.0,8.33,"rain,snow",0,0.0,21.5,15.0,30.9,1033.3,78.1,15.2,39.5,2,2025-03-01T07:22:48,2025-03-01T18:18:52,0.05,Partly cloudy throughout the day with rain or snow clearing later.,0,0,1,1,1
29,2432.0,1810.979987,1.239975746122449,89.57999952,2025-03-02 00:00:00,2025-03-03 00:00:00,UTC+0100,2,Eindhoven,Eindhoven,2025-03-02 00:00:00,9.5,-3.7,2.0,8.0,-4.9,1.2,-0.5,85.5,0.0,0.0,0.0,,0,0.0,24.0,13.6,36.8,1034.7,34.8,11.2,143.7,6,2025-03-02T07:20:38,2025-03-02T18:20:37,0.09,Clearing in the afternoon.,0,0,1,0,0
30,14077.0,10437.7362974,1.8002524122761194,396.46582975,2025-03-03 00:00:00,2025-03-04 00:00:00,UTC+0100,2,Eindhoven,Eindhoven,2025-03-03 00:00:00,11.5,-3.9,2.8,11.5,-3.9,2.7,-0.8,80.8,0.0,0.0,0.0,,0,0.0,14.1,9.5,21.6,1029.8,0.7,9.7,149.3,6,2025-03-03T07:18:28,2025-03-03T18:22:23,0.12,Clear conditions throughout the day.,1,0,0,0,0
31,28231.0,21043.3207544,1.84527331922449,817.32566721,2025-03-04 00:00:00,2025-03-05 00:00:00,UTC+0100,2,Torremolinos,Torremolinos,2025-03-04 00:00:00,19.5,10.6,14.9,19.5,10.6,14.9,11.8,82.7,0.0,0.0,0.0,rain,0,0.0,26.6,14.8,244.1,1012.0,57.0,10.0,146.7,8,2025-03-04T07:44:22,2025-03-04T19:15:33,0.16,Partly cloudy throughout the day.,0,0,1,0,0
32,25408.0,18971.0697957,2.153852024849462,774.538464406,2025-03-05 00:00:00,2025-03-06 00:00:00,UTC+0100,2,Torremolinos,Torremolinos,2025-03-05 00:00:00,16.3,13.5,15.1,16.3,13.5,15.1,12.5,84.7,0.6,100.0,4.17,rain,0,0.0,45.7,26.8,111.2,1011.4,90.3,10.0,60.3,3,2025-03-05T07:42:59,2025-03-05T19:16:30,0.19,Cloudy skies throughout the day with late afternoon rain.,0,1,0,1,0
33,36456.0,27173.0085715,2.1953662858811884,1018.96161399,2025-03-06 00:00:00,2025-03-07 00:00:00,UTC+0100,2,Torremolinos,Torremolinos,2025-03-06 00:00:00,17.8,13.5,15.6,17.8,13.5,15.6,12.5,82.1,0.0,0.0,0.0,rain,0,0.0,43.9,22.3,265.5,1012.0,78.3,11.7,112.9,7,2025-03-06T07:41:35,2025-03-06T19:17:25,0.25,Partly cloudy throughout the day.,0,0,1,0,0
34,33571.0,25113.6337316,1.9552299756127884,1094.83117749,2025-03-07 00:00:00,2025-03-08 00:00:00,UTC+0100,2,Eindhoven,Eindhoven,2025-03-07 00:00:00,17.8,3.7,10.2,17.8,1.9,9.4,2.8,62.0,0.0,0.0,0.0,,0,0.0,28.8,17.6,167.8,1016.5,31.0,37.3,150.7,6,2025-03-07T07:09:41,2025-03-07T18:29:21,0.26,Partly cloudy throughout the day.,0,0,1,0,0
35,15630.0,11761.74997,1.302532589096573,575.77999598,2025-03-08 00:00:00,2025-03-09 00:00:00,UTC+0100,2,Eindhoven,Eindhoven,2025-03-08 00:00:00,19.2,3.5,10.2,19.2,2.3,10.0,1.4,59.0,0.0,0.0,0.0,,0,0.0,28.3,17.2,95.1,1012.5,15.3,24.7,155.6,6,2025-03-08T07:07:28,2025-03-08T18:31:05,0.3,Clear conditions throughout the day.,1,0,0,0,0
36,5965.0,6317.400079,1.7256839235211268,318.32991327,2025-03-09 00:00:00,2025-03-10 00:00:00,UTC+0100,2,Eindhoven,Eindhoven,2025-03-09 00:00:00,19.2,1.9,10.2,19.2,0.4,9.9,1.9,60.0,0.0,0.0,0.0,,0,0.0,24.6,13.9,77.3,1005.5,40.8,15.3,154.3,6,2025-03-09T07:05:14,2025-03-09T18:32:49,0.33,Partly cloudy throughout the day.,0,0,1,0,0
37,3985.0,2987.269947,1.2562286071910111,152.1199965,2025-03-10 00:00:00,2025-03-11 00:00:00,UTC+0100,2,Eindhoven,Eindhoven,2025-03-10 00:00:00,17.8,1.1,8.9,17.8,-0.9,8.5,1.6,64.4,0.0,0.0,0.0,,0,0.0,21.0,13.5,26.1,1001.8,21.3,12.7,164.3,6,2025-03-10T07:03:00,2025-03-10T18:34:32,0.37,Partly cloudy throughout the day.,0,0,1,0,0
38,5330.0,4021.8199385,1.317556397826087,207.83999435,2025-03-11 00:00:00,2025-03-12 00:00:00,UTC+0100,2,Eindhoven,Eindhoven,2025-03-11 00:00:00,7.9,0.9,4.9,6.0,-1.4,2.7,2.3,84.2,0.0,0.0,0.0,,0,0.0,28.1,16.3,332.5,1003.6,72.4,14.4,32.2,1,2025-03-11T07:00:46,2025-03-11T18:36:15,0.4,Partly cloudy throughout the day.,0,0,1,0,0
39,5044.0,3814.349804,1.315659626,196.2299743,2025-03-12 00:00:00,2025-03-13 00:00:00,UTC+0100,2,Eindhoven,Eindhoven,2025-03-12 00:00:00,8.0,-1.7,3.6,6.4,-4.2,2.0,0.9,84.1,0.09,100.0,4.17,rain,0,0.0,25.1,16.0,260.3,1001.2,86.0,27.4,92.5,5,2025-03-12T06:58:31,2025-03-12T18:37:58,0.44,Partly cloudy throughout the day with late afternoon rain.,0,0,1,1,0
40,4980.0,3820.6199735,1.3838390913580247,179.3599921,2025-03-13 00:00:00,2025-03-14 00:00:00,UTC+0100,2,Eindhoven,Eindhoven,2025-03-13 00:00:00,7.3,-3.1,2.5,7.2,-3.1,1.5,-0.2,83.9,0.081,100.0,8.33,rain,0,0.0,25.2,13.0,330.4,1000.5,75.5,25.8,80.9,4,2025-03-13T06:56:16,2025-03-13T18:39:41,0.47,Partly cloudy throughout the day with rain.,0,0,1,1,0
41,2328.0,1749.6700084,1.2952968867469878,82.68999931,2025-03-14 00:00:00,2025-03-15 00:00:00,UTC+0100,2,Eindhoven,Eindhoven,2025-03-14 00:00:00,6.4,-3.0,2.5,4.8,-3.2,0.6,-1.3,77.5,0.005,100.0,4.17,"rain,snow",0,0.0,24.9,16.9,14.1,1009.2,66.5,33.5,137.0,7,2025-03-14T06:54:01,2025-03-14T18:41:23,0.5,Becoming cloudy in the afternoon with afternoon rain or snow.,0,0,1,1,1
42,15201.0,11385.7999994,1.2632787846769231,474.13999874,2025-03-15 00:00:00,2025-03-16 00:00:00,UTC+0100,2,Eindhoven,Eindhoven,2025-03-15 00:00:00,7.6,-2.1,2.6,3.9,-6.6,-1.4,-1.5,75.9,0.0,0.0,0.0,,0,0.0,39.4,27.5,33.1,1018.8,38.7,32.2,118.6,6,2025-03-15T06:51:45,2025-03-15T18:43:06,0.54,Partly cloudy throughout the day.,0,0,1,0,0
43,7354.0,5541.629942,1.301536262318841,225.9699962,2025-03-16 00:00:00,2025-03-17 00:00:00,UTC+0100,2,Eindhoven,Eindhoven,2025-03-16 00:00:00,10.0,-1.7,3.9,7.6,-6.1,0.7,-1.5,71.2,0.0,0.0,0.0,,0,0.0,32.2,17.8,21.2,1022.4,11.7,28.2,186.1,7,2025-03-16T06:49:29,2025-03-16T18:44:48,0.57,Clear conditions throughout the day.,1,0,0,0,0
44,1340.0,1022.499998,1.359146725490196,43.07999975,2025-03-17 00:00:00,2025-03-18 00:00:00,UTC+0100,2,Eindhoven,Eindhoven,2025-03-17 00:00:00,10.1,3.6,6.6,10.1,0.8,4.3,-0.5,63.9,0.0,0.0,0.0,,0,0.0,38.7,24.5,54.4,1027.8,54.3,35.2,130.7,6,2025-03-17T06:47:13,2025-03-17T18:46:30,0.6,Partly cloudy throughout the day.,0,0,1,0,0
45,1555.0,1161.079998,1.24623884,49.20999998,2025-03-18 00:00:00,2025-03-19 00:00:00,UTC+0100,2,Eindhoven,Eindhoven,2025-03-18 00:00:00,11.8,0.2,5.8,11.8,-3.3,3.6,-7.4,40.5,0.0,0.0,0.0,,0,0.0,36.5,22.5,91.2,1027.6,2.9,41.4,193.5,7,2025-03-18T06:44:57,2025-03-18T18:48:11,0.64,Clear conditions throughout the day.,1,0,0,0,0
46,2263.0,1704.3900015,1.2979255110256411,70.78999993000001,2025-03-19 00:00:00,2025-03-20 00:00:00,UTC+0100,2,Eindhoven,Eindhoven,2025-03-19 00:00:00,18.5,0.4,8.9,18.5,0.0,8.2,-2.2,46.9,0.0,0.0,0.0,,0,0.0,28.2,13.8,141.9,1024.0,1.0,38.8,189.5,6,2025-03-19T06:42:40,2025-03-19T18:49:53,0.67,Clear conditions throughout the day.,1,0,0,0,0
47,7170.0,8604.680087,1.928271245751634,417.41992444,2025-03-20 00:00:00,2025-03-21 00:00:00,UTC+0100,2,Eindhoven,Eindhoven,2025-03-20 00:00:00,19.2,2.2,11.1,19.2,2.2,10.7,2.4,57.9,0.0,0.0,0.0,,0,0.0,20.8,9.4,174.5,1021.5,19.7,31.2,181.8,6,2025-03-20T06:40:24,2025-03-20T18:51:34,0.7,Clear conditions throughout the day.,1,0,0,0,0
48,1625.0,1220.4104057,1.2748719112328766,58.52751727,2025-03-21 00:00:00,2025-03-22 00:00:00,UTC+0100,2,Eindhoven,Eindhoven,2025-03-21 00:00:00,22.3,6.7,15.2,22.3,5.5,15.1,4.1,50.3,0.0,0.0,0.0,,0,0.0,43.0,24.9,113.1,1013.0,73.5,28.3,171.0,6,2025-03-21T06:38:07,2025-03-21T18:53:16,0.74,Partly cloudy throughout the day.,0,0,1,0,0
49,25053.0,18855.7960292,1.2809800294767442,887.450884416,2025-03-22 00:00:00,2025-03-23 00:00:00,UTC+0100,2,Eindhoven,Eindhoven,2025-03-22 00:00:00,18.9,12.9,15.8,18.9,12.9,15.8,6.5,55.2,0.047,100.0,8.33,rain,0,0.0,31.8,17.9,116.7,1003.7,96.3,38.9,110.3,5,2025-03-22T06:35:50,2025-03-22T18:54:57,0.75,Cloudy skies throughout the day with rain.,0,1,0,1,0
50,573.0,429.4300065,1.2455287103703705,21.1499995,2025-03-23 00:00:00,2025-03-24 00:00:00,UTC+0100,2,Eindhoven,Eindhoven,2025-03-23 00:00:00,17.8,10.9,13.6,17.8,10.9,13.6,7.9,70.0,1.37,100.0,41.67,rain,0,0.0,28.8,21.8,173.1,1003.4,96.8,10.0,116.1,6,2025-03-23T06:33:34,2025-03-23T18:56:38,0.8,Cloudy skies throughout the day with rain clearing later.,0,1,0,1,0
51,7430.0,5944.0,0.497822445561139,297.2,2025-02-12 00:00:00,2025-02-13 00:00:00,UTC+0100,3,Eindhoven,Eindhoven,2025-02-12 00:00:00,5.1,2.3,3.5,5.1,0.4,2.4,2.7,94.5,0.305,100.0,8.33,rain,0,0.0,17.9,7.3,200.9,1018.1,98.7,6.6,27.7,1,2025-02-12T07:57:09,2025-02-12T17:48:16,0.5,Cloudy skies throughout the day with morning rain.,0,1,0,1,0
52,4574.0,3659.2,0.5646913580246914,182.96,2025-02-13 00:00:00,2025-02-14 00:00:00,UTC+0100,3,Eindhoven,Eindhoven,2025-02-13 00:00:00,3.0,-1.7,0.5,2.5,-5.3,-1.7,-0.4,93.9,0.125,100.0,16.67,"rain,snow",0,0.0,28.4,19.4,2.0,1021.2,96.5,3.2,14.5,1,2025-02-13T07:55:17,2025-02-13T17:50:06,0.53,Cloudy skies throughout the day with a chance of rain or snow throughout the day.,0,1,0,1,1
53,3811.0,3048.8,0.3480365296803653,152.44,2025-02-14 00:00:00,2025-02-15 00:00:00,UTC+0100,3,Eindhoven,Eindhoven,2025-02-14 00:00:00,3.1,-5.4,-0.4,2.5,-5.4,-1.4,-1.9,90.4,0.0,0.0,0.0,,0,0.0,14.2,9.9,50.3,1027.5,68.5,5.6,47.4,2,2025-02-14T07:53:23,2025-02-14T17:51:56,0.56,Partly cloudy throughout the day.,0,0,1,0,0
54,9712.0,7769.6,0.5350964187327824,388.48,2025-02-15 00:00:00,2025-02-16 00:00:00,UTC+0100,3,Eindhoven,Eindhoven,2025-02-15 00:00:00,3.1,-1.8,0.9,2.5,-1.8,-0.3,-2.4,80.0,0.0,0.0,0.0,,0,0.0,21.8,10.9,96.0,1024.3,97.8,17.3,41.7,2,2025-02-15T07:51:29,2025-02-15T17:53:45,0.59,Cloudy skies throughout the day.,0,1,0,0,0
55,2598.0,2078.4,0.2793548387096774,103.92,2025-02-16 00:00:00,2025-02-17 00:00:00,UTC+0100,3,Eindhoven,Eindhoven,2025-02-16 00:00:00,4.1,-1.1,1.0,0.0,-5.4,-3.2,-3.8,71.1,0.003,100.0,4.17,"rain,snow",0,0.0,36.0,23.6,67.4,1022.0,53.1,27.8,91.2,4,2025-02-16T07:49:33,2025-02-16T17:55:34,0.63,Partly cloudy throughout the day with early morning snow or rain.,0,0,1,1,1
56,13218.0,10574.4,0.8555339805825243,528.72,2025-02-20 00:00:00,2025-02-21 00:00:00,UTC+0100,3,Eindhoven,Eindhoven,2025-02-20 00:00:00,12.4,1.4,7.7,12.4,-1.7,6.3,4.6,81.2,0.0,0.0,0.0,rain,0,0.0,35.0,21.0,178.9,1020.5,95.3,14.9,55.2,3,2025-02-20T07:41:37,2025-02-20T18:02:49,0.75,Cloudy skies throughout the day.,0,1,0,0,0
57,10264.0,8211.2,0.5678561549100968,410.56,2025-02-21 00:00:00,2025-02-22 00:00:00,UTC+0100,3,Eindhoven,Eindhoven,2025-02-21 00:00:00,18.4,9.2,13.6,18.4,7.6,13.5,8.6,73.4,0.0,0.0,0.0,rain,0,0.0,42.3,24.6,165.0,1017.8,98.7,32.1,81.7,4,2025-02-21T07:39:35,2025-02-21T18:04:37,0.79,Cloudy skies throughout the day.,0,1,0,0,0
58,4927.0,3941.6,0.2388848484848484,197.08,2025-02-22 00:00:00,2025-02-23 00:00:00,UTC+0100,3,Eindhoven,Eindhoven,2025-02-22 00:00:00,12.6,9.6,10.9,12.6,7.6,10.5,8.9,87.9,2.469,100.0,50.0,rain,0,0.0,32.7,23.1,189.5,1015.1,99.5,22.9,24.8,2,2025-02-22T07:37:33,2025-02-22T18:06:25,0.82,Cloudy skies throughout the day with a chance of rain throughout the day.,0,1,0,1,0
59,5862.0,4689.6,0.2505128205128205,234.48,2025-02-23 00:00:00,2025-02-24 00:00:00,UTC+0100,3,Eindhoven,Eindhoven,2025-02-23 00:00:00,14.5,7.9,10.7,14.5,5.8,9.7,7.6,82.3,0.262,100.0,8.33,rain,0,0.0,35.9,24.4,198.8,1025.9,86.5,21.9,107.0,5,2025-02-23T07:35:29,2025-02-23T18:08:12,0.85,Partly cloudy throughout the day with rain.,0,0,1,1,0
60,6629.0,5303.2,0.2753478712357217,265.16,2025-02-24 00:00:00,2025-02-25 00:00:00,UTC+0100,3,Eindhoven,Eindhoven,2025-02-24 00:00:00,13.9,8.2,11.3,13.9,5.8,11.0,7.7,79.0,1.165,100.0,29.17,rain,0,0.0,46.5,27.9,197.3,1017.1,90.4,35.9,31.5,2,2025-02-24T07:33:24,2025-02-24T18:10:00,0.88,Cloudy skies throughout the day with rain.,0,1,0,1,0
61,11510.0,9208.0,0.3689102564102564,460.4,2025-02-25 00:00:00,2025-02-26 00:00:00,UTC+0100,3,Eindhoven,Eindhoven,2025-02-25 00:00:00,12.5,5.6,8.9,12.5,3.4,7.9,7.0,88.8,0.598,100.0,16.67,rain,0,0.0,27.6,16.3,182.7,1013.5,79.3,18.3,73.5,4,2025-02-25T07:31:18,2025-02-25T18:11:47,0.92,Partly cloudy throughout the day with rain.,0,0,1,1,0
62,6352.0,5081.6,0.282311111111111,254.08,2025-02-26 00:00:00,2025-02-27 00:00:00,UTC+0100,3,Eindhoven,Eindhoven,2025-02-26 00:00:00,11.3,3.6,7.5,11.3,1.6,5.5,4.7,84.0,7.97,100.0,37.5,rain,0,0.0,35.6,21.2,221.6,1015.4,75.0,18.2,92.5,5,2025-02-26T07:29:12,2025-02-26T18:13:33,0.95,Partly cloudy throughout the day with rain.,0,0,1,1,0
63,10781.0,8624.800000000001,0.4166570048309179,431.24,2025-02-27 00:00:00,2025-02-28 00:00:00,UTC+0100,3,Eindhoven,Eindhoven,2025-02-27 00:00:00,8.1,3.8,5.9,5.1,0.6,2.8,4.3,89.4,0.82,100.0,41.67,rain,0,0.0,42.9,21.3,236.4,1015.1,84.1,22.1,79.9,4,2025-02-27T07:27:05,2025-02-27T18:15:20,0.98,Partly cloudy throughout the day with a chance of rain throughout the day.,0,0,1,1,0
64,8657.0,6925.6,0.3508409321175278,346.28000000000003,2025-02-28 00:00:00,2025-03-01 00:00:00,UTC+0100,3,Eindhoven,Eindhoven,2025-02-28 00:00:00,8.9,0.0,5.2,6.4,0.0,2.9,2.8,85.5,0.778,100.0,29.17,rain,0,0.0,34.2,20.1,342.8,1025.1,71.9,15.4,102.3,6,2025-02-28T07:24:57,2025-02-28T18:17:06,0.0,Partly cloudy throughout the day with a chance of rain throughout the day.,0,0,1,1,0
65,2711.0,2168.8,0.523864734299517,108.44,2025-03-01 00:00:00,2025-03-02 00:00:00,UTC+0100,3,Eindhoven,Eindhoven,2025-03-01 00:00:00,4.8,-1.3,2.5,3.9,-2.7,0.9,1.1,90.8,0.028,100.0,8.33,"rain,snow",0,0.0,21.5,15.0,30.9,1033.3,78.1,15.2,39.5,2,2025-03-01T07:22:48,2025-03-01T18:18:52,0.05,Partly cloudy throughout the day with rain or snow clearing later.,0,0,1,1,1
66,559.0,447.2000000000001,0.4658333333333333,22.36,2025-03-02 00:00:00,2025-03-03 00:00:00,UTC+0100,3,Eindhoven,Eindhoven,2025-03-02 00:00:00,9.5,-3.7,2.0,8.0,-4.9,1.2,-0.5,85.5,0.0,0.0,0.0,,0,0.0,24.0,13.6,36.8,1034.7,34.8,11.2,143.7,6,2025-03-02T07:20:38,2025-03-02T18:20:37,0.09,Clearing in the afternoon.,0,0,1,0,0
67,2837.0,2269.6,1.5130666666666668,113.48,2025-03-03 00:00:00,2025-03-04 00:00:00,UTC+0100,3,Eindhoven,Eindhoven,2025-03-03 00:00:00,11.5,-3.9,2.8,11.5,-3.9,2.7,-0.8,80.8,0.0,0.0,0.0,,0,0.0,14.1,9.5,21.6,1029.8,0.7,9.7,149.3,6,2025-03-03T07:18:28,2025-03-03T18:22:23,0.12,Clear conditions throughout the day.,1,0,0,0,0
68,1123.0,898.4,0.9358333333333332,44.92,2025-03-04 00:00:00,2025-03-05 00:00:00,UTC+0100,3,Eindhoven,Eindhoven,2025-03-04 00:00:00,13.2,-3.7,3.5,13.2,-3.7,3.5,-1.1,76.5,0.0,0.0,0.0,,0,0.0,11.0,6.8,50.3,1026.8,41.9,8.2,144.3,5,2025-03-04T07:16:17,2025-03-04T18:24:08,0.16,Partly cloudy throughout the day.,0,0,1,0,0
69,2924.0,2339.2000000000003,1.2995555555555556,116.96,2025-03-05 00:00:00,2025-03-06 00:00:00,UTC+0100,3,Eindhoven,Eindhoven,2025-03-05 00:00:00,16.7,-2.4,6.1,16.7,-3.9,5.7,0.2,71.2,0.0,0.0,0.0,,0,0.0,21.3,13.4,197.3,1023.7,1.0,13.0,154.3,6,2025-03-05T07:14:06,2025-03-05T18:25:52,0.19,Clear conditions throughout the day.,1,0,0,0,0
70,1520.0,1216.0,0.8444444444444444,60.8,2025-03-06 00:00:00,2025-03-07 00:00:00,UTC+0100,3,Eindhoven,Eindhoven,2025-03-06 00:00:00,18.3,2.2,9.0,18.3,0.2,8.6,1.4,63.5,0.0,0.0,0.0,,0,0.0,28.3,21.2,182.6,1018.3,9.4,26.6,147.9,6,2025-03-06T07:11:54,2025-03-06T18:27:37,0.25,Clear conditions throughout the day.,1,0,0,0,0
71,5018.0,4014.4,2.4780246913580246,200.72,2025-03-07 00:00:00,2025-03-08 00:00:00,UTC+0100,3,Eindhoven,Eindhoven,2025-03-07 00:00:00,17.8,3.7,10.2,17.8,1.9,9.4,2.8,62.0,0.0,0.0,0.0,,0,0.0,28.8,17.6,167.8,1016.5,31.0,37.3,150.7,6,2025-03-07T07:09:41,2025-03-07T18:29:21,0.26,Partly cloudy throughout the day.,0,0,1,0,0
72,794.0,635.2,0.6616666666666666,31.76,2025-03-08 00:00:00,2025-03-09 00:00:00,UTC+0100,3,Eindhoven,Eindhoven,2025-03-08 00:00:00,19.2,3.5,10.2,19.2,2.3,10.0,1.4,59.0,0.0,0.0,0.0,,0,0.0,28.3,17.2,95.1,1012.5,15.3,24.7,155.6,6,2025-03-08T07:07:28,2025-03-08T18:31:05,0.3,Clear conditions throughout the day.,1,0,0,0,0
73,1271.0,1016.8,1.0591666666666668,50.84,2025-03-09 00:00:00,2025-03-10 00:00:00,UTC+0100,3,Eindhoven,Eindhoven,2025-03-09 00:00:00,19.2,1.9,10.2,19.2,0.4,9.9,1.9,60.0,0.0,0.0,0.0,,0,0.0,24.6,13.9,77.3,1005.5,40.8,15.3,154.3,6,2025-03-09T07:05:14,2025-03-09T18:32:49,0.33,Partly cloudy throughout the day.,0,0,1,0,0
74,3456.0,2764.8,2.304,138.24,2025-03-10 00:00:00,2025-03-11 00:00:00,UTC+0100,3,Eindhoven,Eindhoven,2025-03-10 00:00:00,17.8,1.1,8.9,17.8,-0.9,8.5,1.6,64.4,0.0,0.0,0.0,,0,0.0,21.0,13.5,26.1,1001.8,21.3,12.7,164.3,6,2025-03-10T07:03:00,2025-03-10T18:34:32,0.37,Partly cloudy throughout the day.,0,0,1,0,0
75,2496.0,1996.8,1.664,99.84,2025-03-11 00:00:00,2025-03-12 00:00:00,UTC+0100,3,Eindhoven,Eindhoven,2025-03-11 00:00:00,7.9,0.9,4.9,6.0,-1.4,2.7,2.3,84.2,0.0,0.0,0.0,,0,0.0,28.1,16.3,332.5,1003.6,72.4,14.4,32.2,1,2025-03-11T07:00:46,2025-03-11T18:36:15,0.4,Partly cloudy throughout the day.,0,0,1,0,0
76,1553.0,1242.4,0.986031746031746,62.12,2025-03-12 00:00:00,2025-03-13 00:00:00,UTC+0100,3,Eindhoven,Eindhoven,2025-03-12 00:00:00,8.0,-1.7,3.6,6.4,-4.2,2.0,0.9,84.1,0.09,100.0,4.17,rain,0,0.0,25.1,16.0,260.3,1001.2,86.0,27.4,92.5,5,2025-03-12T06:58:31,2025-03-12T18:37:58,0.44,Partly cloudy throughout the day with late afternoon rain.,0,0,1,1,0
77,1907.0,1525.6,1.0594444444444444,76.28,2025-03-13 00:00:00,2025-03-14 00:00:00,UTC+0100,3,Eindhoven,Eindhoven,2025-03-13 00:00:00,7.3,-3.1,2.5,7.2,-3.1,1.5,-0.2,83.9,0.081,100.0,8.33,rain,0,0.0,25.2,13.0,330.4,1000.5,75.5,25.8,80.9,4,2025-03-13T06:56:16,2025-03-13T18:39:41,0.47,Partly cloudy throughout the day with rain.,0,0,1,1,0
78,3739.0,2991.2000000000003,1.7804761904761903,149.56,2025-03-14 00:00:00,2025-03-15 00:00:00,UTC+0100,3,Eindhoven,Eindhoven,2025-03-14 00:00:00,6.4,-3.0,2.5,4.8,-3.2,0.6,-1.3,77.5,0.005,100.0,4.17,"rain,snow",0,0.0,24.9,16.9,14.1,1009.2,66.5,33.5,137.0,7,2025-03-14T06:54:01,2025-03-14T18:41:23,0.5,Becoming cloudy in the afternoon with afternoon rain or snow.,0,0,1,1,1
79,2241.0,1792.8,1.3581818181818182,89.64,2025-03-15 00:00:00,2025-03-16 00:00:00,UTC+0100,3,Eindhoven,Eindhoven,2025-03-15 00:00:00,7.6,-2.1,2.6,3.9,-6.6,-1.4,-1.5,75.9,0.0,0.0,0.0,,0,0.0,39.4,27.5,33.1,1018.8,38.7,32.2,118.6,6,2025-03-15T06:51:45,2025-03-15T18:43:06,0.54,Partly cloudy throughout the day.,0,0,1,0,0
80,2458.0,1966.4,1.3109333333333333,98.32,2025-03-16 00:00:00,2025-03-17 00:00:00,UTC+0100,3,Eindhoven,Eindhoven,2025-03-16 00:00:00,10.0,-1.7,3.9,7.6,-6.1,0.7,-1.5,71.2,0.0,0.0,0.0,,0,0.0,32.2,17.8,21.2,1022.4,11.7,28.2,186.1,7,2025-03-16T06:49:29,2025-03-16T18:44:48,0.57,Clear conditions throughout the day.,1,0,0,0,0
81,5001.0,4000.8,2.2993103448275862,200.04,2025-03-17 00:00:00,2025-03-18 00:00:00,UTC+0100,3,Eindhoven,Eindhoven,2025-03-17 00:00:00,10.1,3.6,6.6,10.1,0.8,4.3,-0.5,63.9,0.0,0.0,0.0,,0,0.0,38.7,24.5,54.4,1027.8,54.3,35.2,130.7,6,2025-03-17T06:47:13,2025-03-17T18:46:30,0.6,Partly cloudy throughout the day.,0,0,1,0,0
82,1261.0,1008.8,1.0508333333333333,50.44,2025-03-18 00:00:00,2025-03-19 00:00:00,UTC+0100,3,Eindhoven,Eindhoven,2025-03-18 00:00:00,11.8,0.2,5.8,11.8,-3.3,3.6,-7.4,40.5,0.0,0.0,0.0,,0,0.0,36.5,22.5,91.2,1027.6,2.9,41.4,193.5,7,2025-03-18T06:44:57,2025-03-18T18:48:11,0.64,Clear conditions throughout the day.,1,0,0,0,0
83,2971.0,2376.8,1.650555555555555,118.84,2025-03-19 00:00:00,2025-03-20 00:00:00,UTC+0100,3,Eindhoven,Eindhoven,2025-03-19 00:00:00,18.5,0.4,8.9,18.5,0.0,8.2,-2.2,46.9,0.0,0.0,0.0,,0,0.0,28.2,13.8,141.9,1024.0,1.0,38.8,189.5,6,2025-03-19T06:42:40,2025-03-19T18:49:53,0.67,Clear conditions throughout the day.,1,0,0,0,0
84,10906.0,6578.0,,0.0,2025-02-12 00:00:00,2025-02-13 00:00:00,UTC+0100,4,Eindhoven,Eindhoven,2025-02-12 00:00:00,5.1,2.3,3.5,5.1,0.4,2.4,2.7,94.5,0.305,100.0,8.33,rain,0,0.0,17.9,7.3,200.9,1018.1,98.7,6.6,27.7,1,2025-02-12T07:57:09,2025-02-12T17:48:16,0.5,Cloudy skies throughout the day with morning rain.,0,1,0,1,0
85,6593.0,3971.0,,0.0,2025-02-13 00:00:00,2025-02-14 00:00:00,UTC+0100,4,Eindhoven,Eindhoven,2025-02-13 00:00:00,3.0,-1.7,0.5,2.5,-5.3,-1.7,-0.4,93.9,0.125,100.0,16.67,"rain,snow",0,0.0,28.4,19.4,2.0,1021.2,96.5,3.2,14.5,1,2025-02-13T07:55:17,2025-02-13T17:50:06,0.53,Cloudy skies throughout the day with a chance of rain or snow throughout the day.,0,1,0,1,1
86,19735.0,11950.0,,0.0,2025-02-14 00:00:00,2025-02-15 00:00:00,UTC+0100,4,Eindhoven,Eindhoven,2025-02-14 00:00:00,3.1,-5.4,-0.4,2.5,-5.4,-1.4,-1.9,90.4,0.0,0.0,0.0,,0,0.0,14.2,9.9,50.3,1027.5,68.5,5.6,47.4,2,2025-02-14T07:53:23,2025-02-14T17:51:56,0.56,Partly cloudy throughout the day.,0,0,1,0,0
87,12347.0,7453.0,,0.0,2025-02-15 00:00:00,2025-02-16 00:00:00,UTC+0100,4,Eindhoven,Eindhoven,2025-02-15 00:00:00,3.1,-1.8,0.9,2.5,-1.8,-0.3,-2.4,80.0,0.0,0.0,0.0,,0,0.0,21.8,10.9,96.0,1024.3,97.8,17.3,41.7,2,2025-02-15T07:51:29,2025-02-15T17:53:45,0.59,Cloudy skies throughout the day.,0,1,0,0,0
88,2382.0,1405.0,,0.0,2025-02-16 00:00:00,2025-02-17 00:00:00,UTC+0100,4,Eindhoven,Eindhoven,2025-02-16 00:00:00,4.1,-1.1,1.0,0.0,-5.4,-3.2,-3.8,71.1,0.003,100.0,4.17,"rain,snow",0,0.0,36.0,23.6,67.4,1022.0,53.1,27.8,91.2,4,2025-02-16T07:49:33,2025-02-16T17:55:34,0.63,Partly cloudy throughout the day with early morning snow or rain.,0,0,1,1,1
89,12966.0,7847.0,,0.0,2025-02-17 00:00:00,2025-02-18 00:00:00,UTC+0100,4,Eindhoven,Eindhoven,2025-02-17 00:00:00,3.8,-4.5,-0.9,0.8,-8.5,-4.2,-5.5,72.5,0.0,0.0,0.0,,0,0.0,31.4,14.4,68.5,1024.3,20.0,23.7,118.4,5,2025-02-17T07:47:36,2025-02-17T17:57:23,0.66,Partly cloudy throughout the day.,1,0,0,0,0
90,812.0,469.0,,0.0,2025-02-18 00:00:00,2025-02-19 00:00:00,UTC+0100,4,Eindhoven,Eindhoven,2025-02-18 00:00:00,3.2,-4.1,-0.7,-0.9,-8.4,-4.6,-6.7,65.3,0.0,0.0,0.0,,0,0.0,35.7,21.2,88.2,1025.0,45.7,23.1,121.9,5,2025-02-18T07:45:37,2025-02-18T17:59:12,0.69,Partly cloudy throughout the day.,0,0,1,0,0
91,21999.0,13339.0,,0.0,2025-02-19 00:00:00,2025-02-20 00:00:00,UTC+0100,4,Eindhoven,Eindhoven,2025-02-19 00:00:00,5.5,-1.0,1.8,2.5,-5.5,-2.0,-6.3,55.5,0.0,0.0,0.0,,0,0.0,29.2,18.3,110.5,1021.8,95.4,27.8,93.1,4,2025-02-19T07:43:38,2025-02-19T18:01:00,0.72,Cloudy skies throughout the day.,0,1,0,0,0
92,15610.0,9610.0,,0.0,2025-02-20 00:00:00,2025-02-21 00:00:00,UTC+0100,4,Eindhoven,Eindhoven,2025-02-20 00:00:00,12.4,1.4,7.7,12.4,-1.7,6.3,4.6,81.2,0.0,0.0,0.0,rain,0,0.0,35.0,21.0,178.9,1020.5,95.3,14.9,55.2,3,2025-02-20T07:41:37,2025-02-20T18:02:49,0.75,Cloudy skies throughout the day.,0,1,0,0,0
93,4435.0,2746.0,,0.0,2025-02-21 00:00:00,2025-02-22 00:00:00,UTC+0100,4,Eindhoven,Eindhoven,2025-02-21 00:00:00,18.4,9.2,13.6,18.4,7.6,13.5,8.6,73.4,0.0,0.0,0.0,rain,0,0.0,42.3,24.6,165.0,1017.8,98.7,32.1,81.7,4,2025-02-21T07:39:35,2025-02-21T18:04:37,0.79,Cloudy skies throughout the day.,0,1,0,0,0
94,2419.0,1498.0,,0.0,2025-02-23 00:00:00,2025-02-24 00:00:00,UTC+0100,4,Eindhoven,Eindhoven,2025-02-23 00:00:00,14.5,7.9,10.7,14.5,5.8,9.7,7.6,82.3,0.262,100.0,8.33,rain,0,0.0,35.9,24.4,198.8,1025.9,86.5,21.9,107.0,5,2025-02-23T07:35:29,2025-02-23T18:08:12,0.85,Partly cloudy throughout the day with rain.,0,0,1,1,0
95,7620.0,4633.0,,0.0,2025-02-24 00:00:00,2025-02-25 00:00:00,UTC+0100,4,Eindhoven,Eindhoven,2025-02-24 00:00:00,13.9,8.2,11.3,13.9,5.8,11.0,7.7,79.0,1.165,100.0,29.17,rain,0,0.0,46.5,27.9,197.3,1017.1,90.4,35.9,31.5,2,2025-02-24T07:33:24,2025-02-24T18:10:00,0.88,Cloudy skies throughout the day with rain.,0,1,0,1,0
96,910.0,532.0,,0.0,2025-02-25 00:00:00,2025-02-26 00:00:00,UTC+0100,4,Eindhoven,Eindhoven,2025-02-25 00:00:00,12.5,5.6,8.9,12.5,3.4,7.9,7.0,88.8,0.598,100.0,16.67,rain,0,0.0,27.6,16.3,182.7,1013.5,79.3,18.3,73.5,4,2025-02-25T07:31:18,2025-02-25T18:11:47,0.92,Partly cloudy throughout the day with rain.,0,0,1,1,0
97,2223.0,1310.0,,0.0,2025-02-26 00:00:00,2025-02-27 00:00:00,UTC+0100,4,Eindhoven,Eindhoven,2025-02-26 00:00:00,11.3,3.6,7.5,11.3,1.6,5.5,4.7,84.0,7.97,100.0,37.5,rain,0,0.0,35.6,21.2,221.6,1015.4,75.0,18.2,92.5,5,2025-02-26T07:29:12,2025-02-26T18:13:33,0.95,Partly cloudy throughout the day with rain.,0,0,1,1,0
98,18096.0,10948.0,,0.0,2025-02-27 00:00:00,2025-02-28 00:00:00,UTC+0100,4,Eindhoven,Eindhoven,2025-02-27 00:00:00,8.1,3.8,5.9,5.1,0.6,2.8,4.3,89.4,0.82,100.0,41.67,rain,0,0.0,42.9,21.3,236.4,1015.1,84.1,22.1,79.9,4,2025-02-27T07:27:05,2025-02-27T18:15:20,0.98,Partly cloudy throughout the day with a chance of rain throughout the day.,0,0,1,1,0
99,11170.0,6747.0,,0.0,2025-02-28 00:00:00,2025-03-01 00:00:00,UTC+0100,4,Eindhoven,Eindhoven,2025-02-28 00:00:00,8.9,0.0,5.2,6.4,0.0,2.9,2.8,85.5,0.778,100.0,29.17,rain,0,0.0,34.2,20.1,342.8,1025.1,71.9,15.4,102.3,6,2025-02-28T07:24:57,2025-02-28T18:17:06,0.0,Partly cloudy throughout the day with a chance of rain throughout the day.,0,0,1,1,0
100,457.0,268.0,,0.0,2025-03-01 00:00:00,2025-03-02 00:00:00,UTC+0100,4,Eindhoven,Eindhoven,2025-03-01 00:00:00,4.8,-1.3,2.5,3.9,-2.7,0.9,1.1,90.8,0.028,100.0,8.33,"rain,snow",0,0.0,21.5,15.0,30.9,1033.3,78.1,15.2,39.5,2,2025-03-01T07:22:48,2025-03-01T18:18:52,0.05,Partly cloudy throughout the day with rain or snow clearing later.,0,0,1,1,1
101,264.0,153.0,,0.0,2025-03-02 00:00:00,2025-03-03 00:00:00,UTC+0100,4,Eindhoven,Eindhoven,2025-03-02 00:00:00,9.5,-3.7,2.0,8.0,-4.9,1.2,-0.5,85.5,0.0,0.0,0.0,,0,0.0,24.0,13.6,36.8,1034.7,34.8,11.2,143.7,6,2025-03-02T07:20:38,2025-03-02T18:20:37,0.09,Clearing in the afternoon.,0,0,1,0,0
102,6829.0,4134.0,,0.0,2025-03-03 00:00:00,2025-03-04 00:00:00,UTC+0100,4,Eindhoven,Eindhoven,2025-03-03 00:00:00,11.5,-3.9,2.8,11.5,-3.9,2.7,-0.8,80.8,0.0,0.0,0.0,,0,0.0,14.1,9.5,21.6,1029.8,0.7,9.7,149.3,6,2025-03-03T07:18:28,2025-03-03T18:22:23,0.12,Clear conditions throughout the day.,1,0,0,0,0
103,196.0,115.0,,0.0,2025-03-04 00:00:00,2025-03-05 00:00:00,UTC+0100,4,Eindhoven,Eindhoven,2025-03-04 00:00:00,13.2,-3.7,3.5,13.2,-3.7,3.5,-1.1,76.5,0.0,0.0,0.0,,0,0.0,11.0,6.8,50.3,1026.8,41.9,8.2,144.3,5,2025-03-04T07:16:17,2025-03-04T18:24:08,0.16,Partly cloudy throughout the day.,0,0,1,0,0
104,2372.0,1420.0,,0.0,2025-03-05 00:00:00,2025-03-06 00:00:00,UTC+0100,4,Eindhoven,Eindhoven,2025-03-05 00:00:00,16.7,-2.4,6.1,16.7,-3.9,5.7,0.2,71.2,0.0,0.0,0.0,,0,0.0,21.3,13.4,197.3,1023.7,1.0,13.0,154.3,6,2025-03-05T07:14:06,2025-03-05T18:25:52,0.19,Clear conditions throughout the day.,1,0,0,0,0
105,4211.0,2546.0,,0.0,2025-03-06 00:00:00,2025-03-07 00:00:00,UTC+0100,4,Eindhoven,Eindhoven,2025-03-06 00:00:00,18.3,2.2,9.0,18.3,0.2,8.6,1.4,63.5,0.0,0.0,0.0,,0,0.0,28.3,21.2,182.6,1018.3,9.4,26.6,147.9,6,2025-03-06T07:11:54,2025-03-06T18:27:37,0.25,Clear conditions throughout the day.,1,0,0,0,0
106,5035.0,3034.0,,0.0,2025-03-07 00:00:00,2025-03-08 00:00:00,UTC+0100,4,Eindhoven,Eindhoven,2025-03-07 00:00:00,17.8,3.7,10.2,17.8,1.9,9.4,2.8,62.0,0.0,0.0,0.0,,0,0.0,28.8,17.6,167.8,1016.5,31.0,37.3,150.7,6,2025-03-07T07:09:41,2025-03-07T18:29:21,0.26,Partly cloudy throughout the day.,0,0,1,0,0
107,5704.0,3455.0,,0.0,2025-03-08 00:00:00,2025-03-09 00:00:00,UTC+0100,4,Eindhoven,Eindhoven,2025-03-08 00:00:00,19.2,3.5,10.2,19.2,2.3,10.0,1.4,59.0,0.0,0.0,0.0,,0,0.0,28.3,17.2,95.1,1012.5,15.3,24.7,155.6,6,2025-03-08T07:07:28,2025-03-08T18:31:05,0.3,Clear conditions throughout the day.,1,0,0,0,0
108,478.0,278.0,,0.0,2025-03-09 00:00:00,2025-03-10 00:00:00,UTC+0100,4,Eindhoven,Eindhoven,2025-03-09 00:00:00,19.2,1.9,10.2,19.2,0.4,9.9,1.9,60.0,0.0,0.0,0.0,,0,0.0,24.6,13.9,77.3,1005.5,40.8,15.3,154.3,6,2025-03-09T07:05:14,2025-03-09T18:32:49,0.33,Partly cloudy throughout the day.,0,0,1,0,0
109,4312.0,2615.0,,0.0,2025-03-10 00:00:00,2025-03-11 00:00:00,UTC+0100,4,Eindhoven,Eindhoven,2025-03-10 00:00:00,17.8,1.1,8.9,17.8,-0.9,8.5,1.6,64.4,0.0,0.0,0.0,,0,0.0,21.0,13.5,26.1,1001.8,21.3,12.7,164.3,6,2025-03-10T07:03:00,2025-03-10T18:34:32,0.37,Partly cloudy throughout the day.,0,0,1,0,0
110,5979.0,3627.0,,0.0,2025-03-11 00:00:00,2025-03-12 00:00:00,UTC+0100,4,Eindhoven,Eindhoven,2025-03-11 00:00:00,7.9,0.9,4.9,6.0,-1.4,2.7,2.3,84.2,0.0,0.0,0.0,,0,0.0,28.1,16.3,332.5,1003.6,72.4,14.4,32.2,1,2025-03-11T07:00:46,2025-03-11T18:36:15,0.4,Partly cloudy throughout the day.,0,0,1,0,0
111,2911.0,1752.0,,0.0,2025-03-12 00:00:00,2025-03-13 00:00:00,UTC+0100,4,Eindhoven,Eindhoven,2025-03-12 00:00:00,8.0,-1.7,3.6,6.4,-4.2,2.0,0.9,84.1,0.09,100.0,4.17,rain,0,0.0,25.1,16.0,260.3,1001.2,86.0,27.4,92.5,5,2025-03-12T06:58:31,2025-03-12T18:37:58,0.44,Partly cloudy throughout the day with late afternoon rain.,0,0,1,1,0
112,96.0,56.0,,0.0,2025-03-13 00:00:00,2025-03-14 00:00:00,UTC+0100,4,Eindhoven,Eindhoven,2025-03-13 00:00:00,7.3,-3.1,2.5,7.2,-3.1,1.5,-0.2,83.9,0.081,100.0,8.33,rain,0,0.0,25.2,13.0,330.4,1000.5,75.5,25.8,80.9,4,2025-03-13T06:56:16,2025-03-13T18:39:41,0.47,Partly cloudy throughout the day with rain.,0,0,1,1,0
113,72.0,42.0,,0.0,2025-03-14 00:00:00,2025-03-15 00:00:00,UTC+0100,4,Eindhoven,Eindhoven,2025-03-14 00:00:00,6.4,-3.0,2.5,4.8,-3.2,0.6,-1.3,77.5,0.005,100.0,4.17,"rain,snow",0,0.0,24.9,16.9,14.1,1009.2,66.5,33.5,137.0,7,2025-03-14T06:54:01,2025-03-14T18:41:23,0.5,Becoming cloudy in the afternoon with afternoon rain or snow.,0,0,1,1,1
114,4224.0,2553.0,,0.0,2025-03-15 00:00:00,2025-03-16 00:00:00,UTC+0100,4,Eindhoven,Eindhoven,2025-03-15 00:00:00,7.6,-2.1,2.6,3.9,-6.6,-1.4,-1.5,75.9,0.0,0.0,0.0,,0,0.0,39.4,27.5,33.1,1018.8,38.7,32.2,118.6,6,2025-03-15T06:51:45,2025-03-15T18:43:06,0.54,Partly cloudy throughout the day.,0,0,1,0,0
115,4728.0,2856.0,,0.0,2025-03-16 00:00:00,2025-03-17 00:00:00,UTC+0100,4,Eindhoven,Eindhoven,2025-03-16 00:00:00,10.0,-1.7,3.9,7.6,-6.1,0.7,-1.5,71.2,0.0,0.0,0.0,,0,0.0,32.2,17.8,21.2,1022.4,11.7,28.2,186.1,7,2025-03-16T06:49:29,2025-03-16T18:44:48,0.57,Clear conditions throughout the day.,1,0,0,0,0
116,14205.0,8614.0,,0.0,2025-03-17 00:00:00,2025-03-18 00:00:00,UTC+0100,4,Eindhoven,Eindhoven,2025-03-17 00:00:00,10.1,3.6,6.6,10.1,0.8,4.3,-0.5,63.9,0.0,0.0,0.0,,0,0.0,38.7,24.5,54.4,1027.8,54.3,35.2,130.7,6,2025-03-17T06:47:13,2025-03-17T18:46:30,0.6,Partly cloudy throughout the day.,0,0,1,0,0
117,522.0,305.0,,0.0,2025-03-18 00:00:00,2025-03-19 00:00:00,UTC+0100,4,Eindhoven,Eindhoven,2025-03-18 00:00:00,11.8,0.2,5.8,11.8,-3.3,3.6,-7.4,40.5,0.0,0.0,0.0,,0,0.0,36.5,22.5,91.2,1027.6,2.9,41.4,193.5,7,2025-03-18T06:44:57,2025-03-18T18:48:11,0.64,Clear conditions throughout the day.,1,0,0,0,0
118,5499.0,3336.0,,0.0,2025-03-19 00:00:00,2025-03-20 00:00:00,UTC+0100,4,Eindhoven,Eindhoven,2025-03-19 00:00:00,18.5,0.4,8.9,18.5,0.0,8.2,-2.2,46.9,0.0,0.0,0.0,,0,0.0,28.2,13.8,141.9,1024.0,1.0,38.8,189.5,6,2025-03-19T06:42:40,2025-03-19T18:49:53,0.67,Clear conditions throughout the day.,1,0,0,0,0
119,1965.0,1514.0,,0.0,2025-02-19 00:00:00,2025-02-20 00:00:00,UTC+0100,5,Eindhoven,Eindhoven,2025-02-19 00:00:00,5.5,-1.0,1.8,2.5,-5.5,-2.0,-6.3,55.5,0.0,0.0,0.0,,0,0.0,29.2,18.3,110.5,1021.8,95.4,27.8,93.1,4,2025-02-19T07:43:38,2025-02-19T18:01:00,0.72,Cloudy skies throughout the day.,0,1,0,0,0
120,562.0,418.0,,0.0,2025-02-20 00:00:00,2025-02-21 00:00:00,UTC+0100,5,Eindhoven,Eindhoven,2025-02-20 00:00:00,12.4,1.4,7.7,12.4,-1.7,6.3,4.6,81.2,0.0,0.0,0.0,rain,0,0.0,35.0,21.0,178.9,1020.5,95.3,14.9,55.2,3,2025-02-20T07:41:37,2025-02-20T18:02:49,0.75,Cloudy skies throughout the day.,0,1,0,0,0
121,4819.0,3814.0,,0.0,2025-02-21 00:00:00,2025-02-22 00:00:00,UTC+0100,5,Eindhoven,Eindhoven,2025-02-21 00:00:00,18.4,9.2,13.6,18.4,7.6,13.5,8.6,73.4,0.0,0.0,0.0,rain,0,0.0,42.3,24.6,165.0,1017.8,98.7,32.1,81.7,4,2025-02-21T07:39:35,2025-02-21T18:04:37,0.79,Cloudy skies throughout the day.,0,1,0,0,0
122,2830.0,2158.0,,0.0,2025-02-23 00:00:00,2025-02-24 00:00:00,UTC+0100,5,Eindhoven,Eindhoven,2025-02-23 00:00:00,14.5,7.9,10.7,14.5,5.8,9.7,7.6,82.3,0.262,100.0,8.33,rain,0,0.0,35.9,24.4,198.8,1025.9,86.5,21.9,107.0,5,2025-02-23T07:35:29,2025-02-23T18:08:12,0.85,Partly cloudy throughout the day with rain.,0,0,1,1,0
123,1654.0,1341.0,,0.0,2025-02-25 00:00:00,2025-02-26 00:00:00,UTC+0100,5,Eindhoven,Eindhoven,2025-02-25 00:00:00,12.5,5.6,8.9,12.5,3.4,7.9,7.0,88.8,0.598,100.0,16.67,rain,0,0.0,27.6,16.3,182.7,1013.5,79.3,18.3,73.5,4,2025-02-25T07:31:18,2025-02-25T18:11:47,0.92,Partly cloudy throughout the day with rain.,0,0,1,1,0
